Nombre,Direccion,Telefono,Ciudad,TipoAlmacen
Almacen 0,Calle 91,2167528769,Merida,Almacen Recepción
Almacen 1,Calle 55,6247961552,Cancun,Almacen Despacho
Almacen 2,Calle 80,5609444968,Guadalajara,Almacen Recepción
Almacen 3,Calle 83,9087923608,Merida,Almacen Recepción
Almacen 4,Calle 94,2285787968,Acapulco,Almacen Despacho
Almacen 5,Calle 7,3206530271,Veracruz,Almacen Recepción
Almacen 6,Calle 86,7815679429,Merida,Almacen Despacho
Almacen 7,Calle 14,3350264056,Acapulco,Almacen Recepción
Almacen 8,Calle 87,6165321740,Tijuana,Almacen Recepción
Almacen 9,Calle 19,6023640867,Monterrey,Almacen Recepción
Almacen 10,Calle 5,8615255710,Merida,Almacen Despacho
Almacen 11,Calle 12,2690597220,Monterrey,Almacen Recepción
Almacen 12,Calle 59,8333352863,Cancun,Almacen Despacho
Almacen 13,Calle 3,3471331450,Tijuana,Almacen Despacho
Almacen 14,Calle 42,4547145906,Veracruz,Almacen Despacho
Almacen 15,Calle 78,8563017783,Veracruz,Almacen Recepción
Almacen 16,Calle 22,3896050874,Cancun,Almacen Despacho
Almacen 17,Calle 70,9683936062,Tijuana,Almacen Despacho
Almacen 18,Calle 92,4499420154,Acapulco,Almacen Despacho
Almacen 19,Calle 9,9387204178,CDMX,Almacen Recepción
Almacen 20,Calle 92,5215274817,Acapulco,Almacen Despacho
Almacen 21,Calle 13,2809464877,Cancun,Almacen Despacho
Almacen 22,Calle 53,3433547391,Veracruz,Almacen Recepción
Almacen 23,Calle 53,9729050341,CDMX,Almacen Recepción
Almacen 24,Calle 93,9873230256,Guadalajara,Almacen Recepción
Almacen 25,Calle 73,3415040843,CDMX,Almacen Recepción
Almacen 26,Calle 59,9808177039,Veracruz,Almacen Despacho
Almacen 27,Calle 9,5306481125,Merida,Almacen Recepción
Almacen 28,Calle 25,1073634427,CDMX,Almacen Recepción
Almacen 29,Calle 54,5765989703,Veracruz,Almacen Recepción
Almacen 30,Calle 37,5939172399,Puebla,Almacen Despacho
Almacen 31,Calle 17,7194465858,Merida,Almacen Recepción
Almacen 32,Calle 15,9958112529,Acapulco,Almacen Despacho
Almacen 33,Calle 61,8080046841,CDMX,Almacen Recepción
Almacen 34,Calle 18,6577497260,Monterrey,Almacen Despacho
Almacen 35,Calle 83,7059417550,Acapulco,Almacen Despacho
Almacen 36,Calle 100,7956095578,Veracruz,Almacen Despacho
Almacen 37,Calle 3,6562316118,Toluca,Almacen Recepción
Almacen 38,Calle 56,7024992417,Veracruz,Almacen Despacho
Almacen 39,Calle 92,4367506652,Tijuana,Almacen Despacho
Almacen 40,Calle 3,5845835982,Monterrey,Almacen Recepción
Almacen 41,Calle 61,6319956608,Merida,Almacen Recepción
Almacen 42,Calle 67,5807900919,Toluca,Almacen Despacho
Almacen 43,Calle 30,3870906738,Merida,Almacen Recepción
Almacen 44,Calle 78,4097827730,CDMX,Almacen Despacho
Almacen 45,Calle 62,5957255432,Veracruz,Almacen Recepción
Almacen 46,Calle 45,2108939865,Acapulco,Almacen Despacho
Almacen 47,Calle 12,6341291141,CDMX,Almacen Despacho
Almacen 48,Calle 76,7180355762,Cancun,Almacen Recepción
Almacen 49,Calle 39,5455877669,CDMX,Almacen Recepción
