almacen,tienda,distancia,tiempo_mins,costo
Almacen 0,Tienda 0,48,30,315
Almacen 0,Tienda 1,50,86,492
Almacen 0,Tienda 2,33,86,494
Almacen 0,Tienda 3,1,55,69
Almacen 0,Tienda 4,64,78,87
Almacen 0,Tienda 5,41,8,156
Almacen 0,Tienda 6,34,10,181
Almacen 0,Tienda 7,49,44,436
Almacen 0,Tienda 8,7,36,193
Almacen 0,Tienda 9,34,12,294
Almacen 0,Tienda 10,67,25,363
Almacen 0,Tienda 11,64,75,30
Almacen 0,Tienda 12,32,85,151
Almacen 0,Tienda 13,81,61,371
Almacen 0,Tienda 14,30,76,147
Almacen 0,Tienda 15,43,32,141
Almacen 0,Tienda 16,32,25,351
Almacen 0,Tienda 17,96,88,56
Almacen 0,Tienda 18,86,73,326
Almacen 0,Tienda 19,25,6,31
Almacen 0,Tienda 20,4,37,230
Almacen 0,Tienda 21,65,60,404
Almacen 0,Tienda 22,11,86,223
Almacen 0,Tienda 23,82,91,154
Almacen 0,Tienda 24,60,40,434
Almacen 0,Tienda 25,88,64,134
Almacen 0,Tienda 26,40,43,176
Almacen 0,Tienda 27,76,24,329
Almacen 0,Tienda 28,77,18,152
Almacen 0,Tienda 29,2,16,345
Almacen 0,Tienda 30,48,40,228
Almacen 0,Tienda 31,82,95,148
Almacen 0,Tienda 32,3,37,197
Almacen 0,Tienda 33,96,53,99
Almacen 0,Tienda 34,62,26,102
Almacen 0,Tienda 35,60,40,315
Almacen 0,Tienda 36,96,24,99
Almacen 0,Tienda 37,36,81,76
Almacen 0,Tienda 38,97,35,417
Almacen 0,Tienda 39,32,32,408
Almacen 0,Tienda 40,38,14,258
Almacen 0,Tienda 41,17,28,247
Almacen 0,Tienda 42,92,7,321
Almacen 0,Tienda 43,95,58,165
Almacen 0,Tienda 44,77,24,152
Almacen 0,Tienda 45,40,54,89
Almacen 0,Tienda 46,63,64,130
Almacen 0,Tienda 47,16,59,37
Almacen 0,Tienda 48,81,29,400
Almacen 0,Tienda 49,95,42,97
Almacen 0,Tienda 50,86,60,72
Almacen 0,Tienda 51,83,70,64
Almacen 0,Tienda 52,42,17,238
Almacen 0,Tienda 53,97,96,117
Almacen 0,Tienda 54,45,29,292
Almacen 0,Tienda 55,29,3,139
Almacen 0,Tienda 56,2,92,301
Almacen 0,Tienda 57,12,64,492
Almacen 0,Tienda 58,98,80,434
Almacen 0,Tienda 59,32,85,441
Almacen 0,Tienda 60,84,15,202
Almacen 0,Tienda 61,67,18,497
Almacen 0,Tienda 62,86,10,272
Almacen 0,Tienda 63,54,11,89
Almacen 0,Tienda 64,74,10,213
Almacen 0,Tienda 65,28,17,413
Almacen 0,Tienda 66,11,50,199
Almacen 0,Tienda 67,26,90,290
Almacen 0,Tienda 68,12,90,487
Almacen 0,Tienda 69,18,88,304
Almacen 0,Tienda 70,69,6,14
Almacen 0,Tienda 71,74,54,470
Almacen 0,Tienda 72,68,39,449
Almacen 0,Tienda 73,35,82,162
Almacen 0,Tienda 74,56,88,431
Almacen 0,Tienda 75,42,69,134
Almacen 0,Tienda 76,1,14,253
Almacen 0,Tienda 77,49,78,244
Almacen 0,Tienda 78,79,31,450
Almacen 0,Tienda 79,34,4,415
Almacen 0,Tienda 80,18,29,388
Almacen 0,Tienda 81,86,33,171
Almacen 0,Tienda 82,30,33,251
Almacen 0,Tienda 83,31,97,303
Almacen 0,Tienda 84,61,73,419
Almacen 0,Tienda 85,91,50,353
Almacen 0,Tienda 86,71,37,346
Almacen 0,Tienda 87,6,99,126
Almacen 0,Tienda 88,76,13,148
Almacen 0,Tienda 89,36,63,108
Almacen 0,Tienda 90,71,28,412
Almacen 0,Tienda 91,86,17,295
Almacen 0,Tienda 92,47,44,417
Almacen 0,Tienda 93,40,73,48
Almacen 0,Tienda 94,20,99,129
Almacen 0,Tienda 95,1,39,154
Almacen 0,Tienda 96,6,14,239
Almacen 0,Tienda 97,42,35,286
Almacen 0,Tienda 98,79,46,220
Almacen 0,Tienda 99,50,11,407
Almacen 2,Tienda 0,53,50,107
Almacen 2,Tienda 1,92,55,332
Almacen 2,Tienda 2,14,82,17
Almacen 2,Tienda 3,91,62,369
Almacen 2,Tienda 4,48,2,150
Almacen 2,Tienda 5,88,9,328
Almacen 2,Tienda 6,91,8,444
Almacen 2,Tienda 7,73,88,83
Almacen 2,Tienda 8,94,60,349
Almacen 2,Tienda 9,98,88,81
Almacen 2,Tienda 10,19,74,151
Almacen 2,Tienda 11,57,59,95
Almacen 2,Tienda 12,50,71,457
Almacen 2,Tienda 13,97,30,91
Almacen 2,Tienda 14,40,24,91
Almacen 2,Tienda 15,6,59,331
Almacen 2,Tienda 16,28,27,30
Almacen 2,Tienda 17,31,16,36
Almacen 2,Tienda 18,85,40,31
Almacen 2,Tienda 19,98,53,193
Almacen 2,Tienda 20,32,91,311
Almacen 2,Tienda 21,17,96,321
Almacen 2,Tienda 22,45,93,251
Almacen 2,Tienda 23,48,62,224
Almacen 2,Tienda 24,25,38,207
Almacen 2,Tienda 25,81,67,165
Almacen 2,Tienda 26,52,34,72
Almacen 2,Tienda 27,67,84,9
Almacen 2,Tienda 28,66,65,348
Almacen 2,Tienda 29,81,68,296
Almacen 2,Tienda 30,64,14,450
Almacen 2,Tienda 31,15,21,158
Almacen 2,Tienda 32,66,15,396
Almacen 2,Tienda 33,68,56,87
Almacen 2,Tienda 34,67,87,121
Almacen 2,Tienda 35,28,35,155
Almacen 2,Tienda 36,36,70,95
Almacen 2,Tienda 37,3,24,228
Almacen 2,Tienda 38,42,97,31
Almacen 2,Tienda 39,22,34,237
Almacen 2,Tienda 40,84,21,166
Almacen 2,Tienda 41,89,61,76
Almacen 2,Tienda 42,21,75,217
Almacen 2,Tienda 43,15,59,66
Almacen 2,Tienda 44,64,87,371
Almacen 2,Tienda 45,80,45,89
Almacen 2,Tienda 46,41,27,246
Almacen 2,Tienda 47,67,77,83
Almacen 2,Tienda 48,44,36,268
Almacen 2,Tienda 49,87,25,181
Almacen 2,Tienda 50,35,65,254
Almacen 2,Tienda 51,50,97,65
Almacen 2,Tienda 52,43,38,441
Almacen 2,Tienda 53,75,49,450
Almacen 2,Tienda 54,54,63,56
Almacen 2,Tienda 55,16,88,21
Almacen 2,Tienda 56,38,56,14
Almacen 2,Tienda 57,17,64,357
Almacen 2,Tienda 58,18,51,249
Almacen 2,Tienda 59,80,20,33
Almacen 2,Tienda 60,46,93,61
Almacen 2,Tienda 61,67,27,404
Almacen 2,Tienda 62,54,46,22
Almacen 2,Tienda 63,86,85,12
Almacen 2,Tienda 64,23,32,240
Almacen 2,Tienda 65,52,97,17
Almacen 2,Tienda 66,40,63,95
Almacen 2,Tienda 67,6,72,474
Almacen 2,Tienda 68,99,75,96
Almacen 2,Tienda 69,49,56,329
Almacen 2,Tienda 70,7,34,377
Almacen 2,Tienda 71,55,11,206
Almacen 2,Tienda 72,71,79,314
Almacen 2,Tienda 73,7,11,89
Almacen 2,Tienda 74,78,53,392
Almacen 2,Tienda 75,43,50,427
Almacen 2,Tienda 76,32,31,199
Almacen 2,Tienda 77,93,23,302
Almacen 2,Tienda 78,37,67,208
Almacen 2,Tienda 79,99,70,338
Almacen 2,Tienda 80,77,82,342
Almacen 2,Tienda 81,58,97,300
Almacen 2,Tienda 82,43,21,263
Almacen 2,Tienda 83,9,23,78
Almacen 2,Tienda 84,34,92,63
Almacen 2,Tienda 85,79,89,127
Almacen 2,Tienda 86,67,38,356
Almacen 2,Tienda 87,55,65,433
Almacen 2,Tienda 88,43,96,66
Almacen 2,Tienda 89,11,85,428
Almacen 2,Tienda 90,24,78,39
Almacen 2,Tienda 91,95,65,158
Almacen 2,Tienda 92,69,62,345
Almacen 2,Tienda 93,24,36,354
Almacen 2,Tienda 94,78,90,471
Almacen 2,Tienda 95,20,23,188
Almacen 2,Tienda 96,10,73,53
Almacen 2,Tienda 97,50,96,200
Almacen 2,Tienda 98,82,80,71
Almacen 2,Tienda 99,4,68,402
Almacen 4,Tienda 0,37,73,16
Almacen 4,Tienda 1,61,23,157
Almacen 4,Tienda 2,95,4,62
Almacen 4,Tienda 3,67,59,312
Almacen 4,Tienda 4,80,66,153
Almacen 4,Tienda 5,94,96,50
Almacen 4,Tienda 6,4,33,164
Almacen 4,Tienda 7,32,6,212
Almacen 4,Tienda 8,50,5,285
Almacen 4,Tienda 9,52,88,144
Almacen 4,Tienda 10,4,64,235
Almacen 4,Tienda 11,56,35,399
Almacen 4,Tienda 12,99,68,214
Almacen 4,Tienda 13,41,75,360
Almacen 4,Tienda 14,85,70,51
Almacen 4,Tienda 15,43,1,149
Almacen 4,Tienda 16,96,54,270
Almacen 4,Tienda 17,25,71,170
Almacen 4,Tienda 18,84,90,301
Almacen 4,Tienda 19,59,12,317
Almacen 4,Tienda 20,51,24,236
Almacen 4,Tienda 21,94,90,53
Almacen 4,Tienda 22,95,99,254
Almacen 4,Tienda 23,15,53,54
Almacen 4,Tienda 24,24,92,171
Almacen 4,Tienda 25,88,88,463
Almacen 4,Tienda 26,97,96,229
Almacen 4,Tienda 27,35,12,33
Almacen 4,Tienda 28,15,74,137
Almacen 4,Tienda 29,10,2,321
Almacen 4,Tienda 30,18,18,332
Almacen 4,Tienda 31,19,25,381
Almacen 4,Tienda 32,65,20,37
Almacen 4,Tienda 33,75,45,28
Almacen 4,Tienda 34,2,75,106
Almacen 4,Tienda 35,77,45,94
Almacen 4,Tienda 36,27,16,148
Almacen 4,Tienda 37,61,50,286
Almacen 4,Tienda 38,32,92,289
Almacen 4,Tienda 39,19,31,467
Almacen 4,Tienda 40,29,15,452
Almacen 4,Tienda 41,82,48,450
Almacen 4,Tienda 42,33,47,498
Almacen 4,Tienda 43,58,87,86
Almacen 4,Tienda 44,41,13,232
Almacen 4,Tienda 45,9,2,13
Almacen 4,Tienda 46,26,21,282
Almacen 4,Tienda 47,17,52,324
Almacen 4,Tienda 48,66,11,75
Almacen 4,Tienda 49,94,21,490
Almacen 4,Tienda 50,33,52,98
Almacen 4,Tienda 51,5,49,349
Almacen 4,Tienda 52,80,3,363
Almacen 4,Tienda 53,63,57,293
Almacen 4,Tienda 54,19,61,369
Almacen 4,Tienda 55,80,100,200
Almacen 4,Tienda 56,43,96,363
Almacen 4,Tienda 57,69,42,139
Almacen 4,Tienda 58,70,8,90
Almacen 4,Tienda 59,15,33,38
Almacen 4,Tienda 60,60,20,454
Almacen 4,Tienda 61,88,77,157
Almacen 4,Tienda 62,16,66,138
Almacen 4,Tienda 63,44,41,399
Almacen 4,Tienda 64,12,73,457
Almacen 4,Tienda 65,81,17,166
Almacen 4,Tienda 66,50,78,77
Almacen 4,Tienda 67,80,6,172
Almacen 4,Tienda 68,63,14,496
Almacen 4,Tienda 69,63,24,202
Almacen 4,Tienda 70,14,97,19
Almacen 4,Tienda 71,92,92,415
Almacen 4,Tienda 72,98,50,333
Almacen 4,Tienda 73,60,2,471
Almacen 4,Tienda 74,3,10,374
Almacen 4,Tienda 75,67,84,66
Almacen 4,Tienda 76,36,35,218
Almacen 4,Tienda 77,8,40,174
Almacen 4,Tienda 78,60,32,82
Almacen 4,Tienda 79,62,48,14
Almacen 4,Tienda 80,27,71,363
Almacen 4,Tienda 81,32,98,404
Almacen 4,Tienda 82,8,53,452
Almacen 4,Tienda 83,3,54,200
Almacen 4,Tienda 84,39,31,141
Almacen 4,Tienda 85,55,37,238
Almacen 4,Tienda 86,23,32,51
Almacen 4,Tienda 87,46,3,470
Almacen 4,Tienda 88,89,25,266
Almacen 4,Tienda 89,26,47,274
Almacen 4,Tienda 90,16,82,211
Almacen 4,Tienda 91,94,59,48
Almacen 4,Tienda 92,54,9,112
Almacen 4,Tienda 93,24,59,486
Almacen 4,Tienda 94,95,23,426
Almacen 4,Tienda 95,47,11,92
Almacen 4,Tienda 96,93,70,387
Almacen 4,Tienda 97,97,47,200
Almacen 4,Tienda 98,24,10,294
Almacen 4,Tienda 99,38,65,374
Almacen 5,Tienda 0,56,25,67
Almacen 5,Tienda 1,46,52,176
Almacen 5,Tienda 2,11,95,206
Almacen 5,Tienda 3,88,3,199
Almacen 5,Tienda 4,47,62,264
Almacen 5,Tienda 5,25,32,436
Almacen 5,Tienda 6,6,31,202
Almacen 5,Tienda 7,58,14,466
Almacen 5,Tienda 8,77,30,41
Almacen 5,Tienda 9,30,4,148
Almacen 5,Tienda 10,84,65,432
Almacen 5,Tienda 11,93,50,253
Almacen 5,Tienda 12,30,49,459
Almacen 5,Tienda 13,55,88,357
Almacen 5,Tienda 14,65,3,406
Almacen 5,Tienda 15,66,89,393
Almacen 5,Tienda 16,9,71,155
Almacen 5,Tienda 17,34,57,185
Almacen 5,Tienda 18,27,10,463
Almacen 5,Tienda 19,50,74,257
Almacen 5,Tienda 20,65,6,419
Almacen 5,Tienda 21,42,41,427
Almacen 5,Tienda 22,61,32,337
Almacen 5,Tienda 23,31,16,360
Almacen 5,Tienda 24,57,3,445
Almacen 5,Tienda 25,86,99,185
Almacen 5,Tienda 26,10,31,235
Almacen 5,Tienda 27,53,13,99
Almacen 5,Tienda 28,76,15,306
Almacen 5,Tienda 29,71,11,433
Almacen 5,Tienda 30,80,8,299
Almacen 5,Tienda 31,62,32,259
Almacen 5,Tienda 32,74,93,210
Almacen 5,Tienda 33,18,18,407
Almacen 5,Tienda 34,55,45,324
Almacen 5,Tienda 35,58,75,495
Almacen 5,Tienda 36,10,97,493
Almacen 5,Tienda 37,78,45,271
Almacen 5,Tienda 38,37,87,223
Almacen 5,Tienda 39,96,44,418
Almacen 5,Tienda 40,54,73,135
Almacen 5,Tienda 41,9,53,5
Almacen 5,Tienda 42,17,84,341
Almacen 5,Tienda 43,62,47,378
Almacen 5,Tienda 44,32,99,288
Almacen 5,Tienda 45,89,70,186
Almacen 5,Tienda 46,57,75,318
Almacen 5,Tienda 47,71,23,249
Almacen 5,Tienda 48,28,58,329
Almacen 5,Tienda 49,36,94,287
Almacen 5,Tienda 50,26,73,375
Almacen 5,Tienda 51,65,23,164
Almacen 5,Tienda 52,38,13,95
Almacen 5,Tienda 53,5,98,28
Almacen 5,Tienda 54,73,29,362
Almacen 5,Tienda 55,19,2,238
Almacen 5,Tienda 56,43,74,301
Almacen 5,Tienda 57,70,62,245
Almacen 5,Tienda 58,76,1,51
Almacen 5,Tienda 59,16,55,460
Almacen 5,Tienda 60,36,98,310
Almacen 5,Tienda 61,60,35,486
Almacen 5,Tienda 62,85,87,307
Almacen 5,Tienda 63,41,35,300
Almacen 5,Tienda 64,6,22,110
Almacen 5,Tienda 65,74,65,175
Almacen 5,Tienda 66,50,24,141
Almacen 5,Tienda 67,42,73,473
Almacen 5,Tienda 68,65,98,42
Almacen 5,Tienda 69,23,26,61
Almacen 5,Tienda 70,44,80,249
Almacen 5,Tienda 71,35,19,39
Almacen 5,Tienda 72,60,86,444
Almacen 5,Tienda 73,14,67,38
Almacen 5,Tienda 74,90,48,383
Almacen 5,Tienda 75,31,26,323
Almacen 5,Tienda 76,11,16,175
Almacen 5,Tienda 77,60,46,173
Almacen 5,Tienda 78,43,36,351
Almacen 5,Tienda 79,27,18,233
Almacen 5,Tienda 80,9,18,137
Almacen 5,Tienda 81,16,87,342
Almacen 5,Tienda 82,32,100,171
Almacen 5,Tienda 83,28,47,139
Almacen 5,Tienda 84,31,19,222
Almacen 5,Tienda 85,33,7,141
Almacen 5,Tienda 86,76,99,278
Almacen 5,Tienda 87,62,16,165
Almacen 5,Tienda 88,99,30,385
Almacen 5,Tienda 89,85,56,25
Almacen 5,Tienda 90,13,67,260
Almacen 5,Tienda 91,83,3,317
Almacen 5,Tienda 92,7,58,295
Almacen 5,Tienda 93,30,30,81
Almacen 5,Tienda 94,28,4,320
Almacen 5,Tienda 95,3,93,439
Almacen 5,Tienda 96,39,54,366
Almacen 5,Tienda 97,90,15,276
Almacen 5,Tienda 98,22,23,243
Almacen 5,Tienda 99,89,84,234
Almacen 10,Tienda 0,58,50,302
Almacen 10,Tienda 1,81,64,397
Almacen 10,Tienda 2,95,97,143
Almacen 10,Tienda 3,96,71,82
Almacen 10,Tienda 4,97,87,295
Almacen 10,Tienda 5,88,74,297
Almacen 10,Tienda 6,20,3,140
Almacen 10,Tienda 7,75,54,153
Almacen 10,Tienda 8,32,29,111
Almacen 10,Tienda 9,8,86,126
Almacen 10,Tienda 10,100,22,85
Almacen 10,Tienda 11,26,39,457
Almacen 10,Tienda 12,36,17,206
Almacen 10,Tienda 13,64,52,496
Almacen 10,Tienda 14,44,71,335
Almacen 10,Tienda 15,57,94,152
Almacen 10,Tienda 16,23,37,257
Almacen 10,Tienda 17,55,94,414
Almacen 10,Tienda 18,8,59,363
Almacen 10,Tienda 19,17,51,9
Almacen 10,Tienda 20,50,32,348
Almacen 10,Tienda 21,68,27,88
Almacen 10,Tienda 22,54,9,211
Almacen 10,Tienda 23,68,16,465
Almacen 10,Tienda 24,99,95,135
Almacen 10,Tienda 25,95,77,214
Almacen 10,Tienda 26,28,22,354
Almacen 10,Tienda 27,86,51,238
Almacen 10,Tienda 28,53,34,372
Almacen 10,Tienda 29,35,92,61
Almacen 10,Tienda 30,45,59,473
Almacen 10,Tienda 31,9,72,315
Almacen 10,Tienda 32,46,51,161
Almacen 10,Tienda 33,19,81,373
Almacen 10,Tienda 34,53,1,397
Almacen 10,Tienda 35,2,70,5
Almacen 10,Tienda 36,51,11,93
Almacen 10,Tienda 37,55,44,309
Almacen 10,Tienda 38,23,36,130
Almacen 10,Tienda 39,28,38,214
Almacen 10,Tienda 40,24,57,293
Almacen 10,Tienda 41,46,82,340
Almacen 10,Tienda 42,47,44,347
Almacen 10,Tienda 43,69,91,95
Almacen 10,Tienda 44,93,7,5
Almacen 10,Tienda 45,4,62,67
Almacen 10,Tienda 46,68,44,443
Almacen 10,Tienda 47,82,1,34
Almacen 10,Tienda 48,92,42,426
Almacen 10,Tienda 49,84,42,67
Almacen 10,Tienda 50,33,18,450
Almacen 10,Tienda 51,96,14,224
Almacen 10,Tienda 52,60,86,147
Almacen 10,Tienda 53,12,6,376
Almacen 10,Tienda 54,99,68,14
Almacen 10,Tienda 55,85,51,471
Almacen 10,Tienda 56,55,37,404
Almacen 10,Tienda 57,99,35,315
Almacen 10,Tienda 58,95,5,309
Almacen 10,Tienda 59,56,46,316
Almacen 10,Tienda 60,82,6,498
Almacen 10,Tienda 61,73,32,277
Almacen 10,Tienda 62,96,62,325
Almacen 10,Tienda 63,13,25,317
Almacen 10,Tienda 64,91,83,194
Almacen 10,Tienda 65,19,51,304
Almacen 10,Tienda 66,81,74,470
Almacen 10,Tienda 67,87,92,376
Almacen 10,Tienda 68,74,41,372
Almacen 10,Tienda 69,20,41,379
Almacen 10,Tienda 70,6,36,114
Almacen 10,Tienda 71,14,66,490
Almacen 10,Tienda 72,77,2,404
Almacen 10,Tienda 73,62,57,359
Almacen 10,Tienda 74,15,77,467
Almacen 10,Tienda 75,3,50,271
Almacen 10,Tienda 76,26,6,248
Almacen 10,Tienda 77,99,20,256
Almacen 10,Tienda 78,81,46,194
Almacen 10,Tienda 79,41,20,85
Almacen 10,Tienda 80,20,67,455
Almacen 10,Tienda 81,46,81,159
Almacen 10,Tienda 82,100,95,136
Almacen 10,Tienda 83,92,83,191
Almacen 10,Tienda 84,23,43,253
Almacen 10,Tienda 85,36,46,341
Almacen 10,Tienda 86,67,25,127
Almacen 10,Tienda 87,53,16,97
Almacen 10,Tienda 88,31,88,382
Almacen 10,Tienda 89,61,20,16
Almacen 10,Tienda 90,84,13,54
Almacen 10,Tienda 91,53,91,83
Almacen 10,Tienda 92,66,79,95
Almacen 10,Tienda 93,54,52,407
Almacen 10,Tienda 94,33,28,382
Almacen 10,Tienda 95,53,67,89
Almacen 10,Tienda 96,30,26,374
Almacen 10,Tienda 97,60,58,281
Almacen 10,Tienda 98,16,3,166
Almacen 10,Tienda 99,29,54,295
Almacen 13,Tienda 0,63,15,167
Almacen 13,Tienda 1,96,47,295
Almacen 13,Tienda 2,46,91,175
Almacen 13,Tienda 3,33,89,168
Almacen 13,Tienda 4,37,7,225
Almacen 13,Tienda 5,13,88,432
Almacen 13,Tienda 6,3,6,168
Almacen 13,Tienda 7,61,62,63
Almacen 13,Tienda 8,24,68,139
Almacen 13,Tienda 9,87,24,282
Almacen 13,Tienda 10,23,46,411
Almacen 13,Tienda 11,80,57,498
Almacen 13,Tienda 12,10,81,95
Almacen 13,Tienda 13,78,5,266
Almacen 13,Tienda 14,29,73,20
Almacen 13,Tienda 15,77,46,471
Almacen 13,Tienda 16,31,76,248
Almacen 13,Tienda 17,55,64,356
Almacen 13,Tienda 18,99,25,391
Almacen 13,Tienda 19,40,77,226
Almacen 13,Tienda 20,51,86,446
Almacen 13,Tienda 21,87,12,215
Almacen 13,Tienda 22,1,5,449
Almacen 13,Tienda 23,2,85,302
Almacen 13,Tienda 24,73,81,124
Almacen 13,Tienda 25,33,48,58
Almacen 13,Tienda 26,34,97,421
Almacen 13,Tienda 27,22,76,335
Almacen 13,Tienda 28,41,4,59
Almacen 13,Tienda 29,24,22,263
Almacen 13,Tienda 30,12,39,365
Almacen 13,Tienda 31,69,35,207
Almacen 13,Tienda 32,79,51,251
Almacen 13,Tienda 33,41,47,208
Almacen 13,Tienda 34,69,49,230
Almacen 13,Tienda 35,35,41,138
Almacen 13,Tienda 36,14,35,181
Almacen 13,Tienda 37,39,52,389
Almacen 13,Tienda 38,10,4,21
Almacen 13,Tienda 39,5,15,46
Almacen 13,Tienda 40,71,56,306
Almacen 13,Tienda 41,3,19,305
Almacen 13,Tienda 42,92,33,95
Almacen 13,Tienda 43,17,40,359
Almacen 13,Tienda 44,7,58,89
Almacen 13,Tienda 45,36,3,63
Almacen 13,Tienda 46,52,58,335
Almacen 13,Tienda 47,24,97,182
Almacen 13,Tienda 48,55,49,151
Almacen 13,Tienda 49,59,78,193
Almacen 13,Tienda 50,97,3,291
Almacen 13,Tienda 51,13,63,298
Almacen 13,Tienda 52,92,45,307
Almacen 13,Tienda 53,91,27,424
Almacen 13,Tienda 54,42,45,388
Almacen 13,Tienda 55,17,91,134
Almacen 13,Tienda 56,75,40,312
Almacen 13,Tienda 57,89,38,420
Almacen 13,Tienda 58,20,32,67
Almacen 13,Tienda 59,26,8,86
Almacen 13,Tienda 60,15,24,481
Almacen 13,Tienda 61,75,87,234
Almacen 13,Tienda 62,28,70,393
Almacen 13,Tienda 63,18,49,259
Almacen 13,Tienda 64,37,36,409
Almacen 13,Tienda 65,35,75,110
Almacen 13,Tienda 66,13,2,77
Almacen 13,Tienda 67,91,47,483
Almacen 13,Tienda 68,14,68,250
Almacen 13,Tienda 69,87,22,294
Almacen 13,Tienda 70,98,95,311
Almacen 13,Tienda 71,2,25,197
Almacen 13,Tienda 72,46,26,469
Almacen 13,Tienda 73,5,73,256
Almacen 13,Tienda 74,54,26,76
Almacen 13,Tienda 75,82,20,435
Almacen 13,Tienda 76,48,2,328
Almacen 13,Tienda 77,14,40,287
Almacen 13,Tienda 78,68,93,438
Almacen 13,Tienda 79,73,89,185
Almacen 13,Tienda 80,6,71,434
Almacen 13,Tienda 81,22,82,214
Almacen 13,Tienda 82,84,13,10
Almacen 13,Tienda 83,92,36,408
Almacen 13,Tienda 84,6,30,17
Almacen 13,Tienda 85,17,18,108
Almacen 13,Tienda 86,77,51,284
Almacen 13,Tienda 87,41,36,194
Almacen 13,Tienda 88,4,1,253
Almacen 13,Tienda 89,8,38,444
Almacen 13,Tienda 90,95,32,348
Almacen 13,Tienda 91,50,24,24
Almacen 13,Tienda 92,61,1,216
Almacen 13,Tienda 93,42,13,301
Almacen 13,Tienda 94,91,59,138
Almacen 13,Tienda 95,8,32,145
Almacen 13,Tienda 96,8,86,160
Almacen 13,Tienda 97,84,40,9
Almacen 13,Tienda 98,57,76,398
Almacen 13,Tienda 99,2,39,393
Almacen 15,Tienda 0,79,82,472
Almacen 15,Tienda 1,95,94,448
Almacen 15,Tienda 2,19,93,434
Almacen 15,Tienda 3,63,99,117
Almacen 15,Tienda 4,5,89,101
Almacen 15,Tienda 5,42,27,361
Almacen 15,Tienda 6,47,31,162
Almacen 15,Tienda 7,33,81,327
Almacen 15,Tienda 8,44,87,428
Almacen 15,Tienda 9,33,57,231
Almacen 15,Tienda 10,97,1,424
Almacen 15,Tienda 11,66,20,106
Almacen 15,Tienda 12,14,61,369
Almacen 15,Tienda 13,45,19,150
Almacen 15,Tienda 14,71,69,465
Almacen 15,Tienda 15,23,37,262
Almacen 15,Tienda 16,89,65,95
Almacen 15,Tienda 17,58,91,45
Almacen 15,Tienda 18,48,61,278
Almacen 15,Tienda 19,35,96,359
Almacen 15,Tienda 20,44,65,298
Almacen 15,Tienda 21,12,23,316
Almacen 15,Tienda 22,88,53,198
Almacen 15,Tienda 23,38,11,418
Almacen 15,Tienda 24,48,57,245
Almacen 15,Tienda 25,15,31,153
Almacen 15,Tienda 26,67,30,18
Almacen 15,Tienda 27,60,77,216
Almacen 15,Tienda 28,74,6,268
Almacen 15,Tienda 29,59,16,176
Almacen 15,Tienda 30,18,48,100
Almacen 15,Tienda 31,68,96,340
Almacen 15,Tienda 32,55,23,245
Almacen 15,Tienda 33,65,37,420
Almacen 15,Tienda 34,44,76,286
Almacen 15,Tienda 35,16,11,49
Almacen 15,Tienda 36,74,36,322
Almacen 15,Tienda 37,67,80,255
Almacen 15,Tienda 38,62,59,476
Almacen 15,Tienda 39,10,27,19
Almacen 15,Tienda 40,4,6,293
Almacen 15,Tienda 41,80,23,207
Almacen 15,Tienda 42,89,6,410
Almacen 15,Tienda 43,89,96,131
Almacen 15,Tienda 44,77,17,201
Almacen 15,Tienda 45,65,62,220
Almacen 15,Tienda 46,97,12,465
Almacen 15,Tienda 47,36,16,349
Almacen 15,Tienda 48,15,83,100
Almacen 15,Tienda 49,28,67,335
Almacen 15,Tienda 50,18,14,230
Almacen 15,Tienda 51,83,68,113
Almacen 15,Tienda 52,68,1,87
Almacen 15,Tienda 53,96,83,161
Almacen 15,Tienda 54,20,62,107
Almacen 15,Tienda 55,74,78,297
Almacen 15,Tienda 56,14,74,308
Almacen 15,Tienda 57,51,2,409
Almacen 15,Tienda 58,46,4,269
Almacen 15,Tienda 59,55,36,263
Almacen 15,Tienda 60,27,76,39
Almacen 15,Tienda 61,49,63,154
Almacen 15,Tienda 62,72,55,184
Almacen 15,Tienda 63,73,50,160
Almacen 15,Tienda 64,80,94,489
Almacen 15,Tienda 65,5,50,392
Almacen 15,Tienda 66,52,60,183
Almacen 15,Tienda 67,17,86,268
Almacen 15,Tienda 68,2,54,10
Almacen 15,Tienda 69,46,82,61
Almacen 15,Tienda 70,37,94,410
Almacen 15,Tienda 71,84,20,180
Almacen 15,Tienda 72,20,79,104
Almacen 15,Tienda 73,11,53,473
Almacen 15,Tienda 74,71,91,322
Almacen 15,Tienda 75,36,90,414
Almacen 15,Tienda 76,26,63,226
Almacen 15,Tienda 77,93,67,372
Almacen 15,Tienda 78,22,12,12
Almacen 15,Tienda 79,17,64,313
Almacen 15,Tienda 80,81,98,108
Almacen 15,Tienda 81,29,69,100
Almacen 15,Tienda 82,42,85,294
Almacen 15,Tienda 83,37,14,362
Almacen 15,Tienda 84,34,60,69
Almacen 15,Tienda 85,38,41,6
Almacen 15,Tienda 86,3,41,306
Almacen 15,Tienda 87,7,5,252
Almacen 15,Tienda 88,48,24,371
Almacen 15,Tienda 89,28,53,67
Almacen 15,Tienda 90,67,34,22
Almacen 15,Tienda 91,41,39,218
Almacen 15,Tienda 92,89,6,119
Almacen 15,Tienda 93,30,81,17
Almacen 15,Tienda 94,85,76,190
Almacen 15,Tienda 95,93,50,362
Almacen 15,Tienda 96,94,86,431
Almacen 15,Tienda 97,25,25,455
Almacen 15,Tienda 98,92,80,33
Almacen 15,Tienda 99,58,17,487
Almacen 16,Tienda 0,65,67,479
Almacen 16,Tienda 1,83,70,360
Almacen 16,Tienda 2,11,38,267
Almacen 16,Tienda 3,38,48,196
Almacen 16,Tienda 4,28,56,465
Almacen 16,Tienda 5,35,70,91
Almacen 16,Tienda 6,26,48,14
Almacen 16,Tienda 7,23,25,39
Almacen 16,Tienda 8,78,58,373
Almacen 16,Tienda 9,16,5,25
Almacen 16,Tienda 10,53,65,89
Almacen 16,Tienda 11,14,4,477
Almacen 16,Tienda 12,69,84,99
Almacen 16,Tienda 13,24,76,325
Almacen 16,Tienda 14,52,53,220
Almacen 16,Tienda 15,77,68,20
Almacen 16,Tienda 16,75,69,11
Almacen 16,Tienda 17,77,88,269
Almacen 16,Tienda 18,53,46,133
Almacen 16,Tienda 19,40,52,81
Almacen 16,Tienda 20,43,92,489
Almacen 16,Tienda 21,26,42,360
Almacen 16,Tienda 22,9,90,306
Almacen 16,Tienda 23,77,23,294
Almacen 16,Tienda 24,76,30,37
Almacen 16,Tienda 25,72,93,109
Almacen 16,Tienda 26,45,12,191
Almacen 16,Tienda 27,18,35,303
Almacen 16,Tienda 28,81,96,465
Almacen 16,Tienda 29,19,77,365
Almacen 16,Tienda 30,78,39,216
Almacen 16,Tienda 31,74,60,216
Almacen 16,Tienda 32,82,33,369
Almacen 16,Tienda 33,43,49,257
Almacen 16,Tienda 34,78,22,90
Almacen 16,Tienda 35,69,72,378
Almacen 16,Tienda 36,46,51,300
Almacen 16,Tienda 37,62,26,154
Almacen 16,Tienda 38,49,84,398
Almacen 16,Tienda 39,47,33,171
Almacen 16,Tienda 40,33,35,315
Almacen 16,Tienda 41,84,86,377
Almacen 16,Tienda 42,36,54,496
Almacen 16,Tienda 43,17,2,361
Almacen 16,Tienda 44,89,10,282
Almacen 16,Tienda 45,32,24,329
Almacen 16,Tienda 46,92,9,340
Almacen 16,Tienda 47,90,8,494
Almacen 16,Tienda 48,82,3,83
Almacen 16,Tienda 49,81,34,461
Almacen 16,Tienda 50,67,17,350
Almacen 16,Tienda 51,53,47,211
Almacen 16,Tienda 52,31,64,339
Almacen 16,Tienda 53,28,81,234
Almacen 16,Tienda 54,47,28,456
Almacen 16,Tienda 55,92,62,283
Almacen 16,Tienda 56,17,47,383
Almacen 16,Tienda 57,96,60,199
Almacen 16,Tienda 58,8,67,240
Almacen 16,Tienda 59,71,8,446
Almacen 16,Tienda 60,15,77,239
Almacen 16,Tienda 61,8,80,339
Almacen 16,Tienda 62,89,20,350
Almacen 16,Tienda 63,94,84,206
Almacen 16,Tienda 64,73,100,144
Almacen 16,Tienda 65,94,25,121
Almacen 16,Tienda 66,35,27,388
Almacen 16,Tienda 67,80,16,479
Almacen 16,Tienda 68,11,63,383
Almacen 16,Tienda 69,8,34,107
Almacen 16,Tienda 70,59,43,303
Almacen 16,Tienda 71,66,38,6
Almacen 16,Tienda 72,24,34,135
Almacen 16,Tienda 73,6,17,165
Almacen 16,Tienda 74,85,70,314
Almacen 16,Tienda 75,92,64,449
Almacen 16,Tienda 76,18,4,494
Almacen 16,Tienda 77,97,6,254
Almacen 16,Tienda 78,78,5,192
Almacen 16,Tienda 79,53,52,353
Almacen 16,Tienda 80,16,66,446
Almacen 16,Tienda 81,6,38,481
Almacen 16,Tienda 82,100,78,21
Almacen 16,Tienda 83,81,97,320
Almacen 16,Tienda 84,77,1,345
Almacen 16,Tienda 85,94,29,12
Almacen 16,Tienda 86,63,22,116
Almacen 16,Tienda 87,27,72,89
Almacen 16,Tienda 88,67,51,98
Almacen 16,Tienda 89,36,65,278
Almacen 16,Tienda 90,6,98,152
Almacen 16,Tienda 91,7,53,88
Almacen 16,Tienda 92,57,75,472
Almacen 16,Tienda 93,46,42,70
Almacen 16,Tienda 94,53,94,453
Almacen 16,Tienda 95,28,37,58
Almacen 16,Tienda 96,34,97,202
Almacen 16,Tienda 97,52,41,144
Almacen 16,Tienda 98,44,99,222
Almacen 16,Tienda 99,27,52,169
Almacen 18,Tienda 0,62,17,412
Almacen 18,Tienda 1,64,67,106
Almacen 18,Tienda 2,57,83,131
Almacen 18,Tienda 3,67,25,151
Almacen 18,Tienda 4,42,69,295
Almacen 18,Tienda 5,17,61,484
Almacen 18,Tienda 6,94,9,147
Almacen 18,Tienda 7,47,100,354
Almacen 18,Tienda 8,42,74,241
Almacen 18,Tienda 9,27,10,458
Almacen 18,Tienda 10,85,82,151
Almacen 18,Tienda 11,100,27,345
Almacen 18,Tienda 12,40,44,216
Almacen 18,Tienda 13,88,62,219
Almacen 18,Tienda 14,46,35,473
Almacen 18,Tienda 15,49,52,118
Almacen 18,Tienda 16,91,95,203
Almacen 18,Tienda 17,33,66,454
Almacen 18,Tienda 18,99,85,203
Almacen 18,Tienda 19,58,71,51
Almacen 18,Tienda 20,82,97,295
Almacen 18,Tienda 21,75,92,412
Almacen 18,Tienda 22,8,82,180
Almacen 18,Tienda 23,48,85,463
Almacen 18,Tienda 24,25,52,186
Almacen 18,Tienda 25,81,21,353
Almacen 18,Tienda 26,80,38,229
Almacen 18,Tienda 27,42,12,248
Almacen 18,Tienda 28,13,2,152
Almacen 18,Tienda 29,52,42,427
Almacen 18,Tienda 30,57,8,64
Almacen 18,Tienda 31,97,21,247
Almacen 18,Tienda 32,64,75,216
Almacen 18,Tienda 33,79,95,319
Almacen 18,Tienda 34,28,13,388
Almacen 18,Tienda 35,80,67,304
Almacen 18,Tienda 36,83,28,379
Almacen 18,Tienda 37,55,19,371
Almacen 18,Tienda 38,62,22,110
Almacen 18,Tienda 39,13,79,249
Almacen 18,Tienda 40,11,17,464
Almacen 18,Tienda 41,84,45,158
Almacen 18,Tienda 42,56,69,36
Almacen 18,Tienda 43,11,18,332
Almacen 18,Tienda 44,31,58,35
Almacen 18,Tienda 45,98,50,338
Almacen 18,Tienda 46,39,22,421
Almacen 18,Tienda 47,81,15,103
Almacen 18,Tienda 48,52,22,71
Almacen 18,Tienda 49,4,73,46
Almacen 18,Tienda 50,2,63,395
Almacen 18,Tienda 51,56,38,238
Almacen 18,Tienda 52,82,95,29
Almacen 18,Tienda 53,22,38,8
Almacen 18,Tienda 54,52,42,348
Almacen 18,Tienda 55,46,57,305
Almacen 18,Tienda 56,1,53,462
Almacen 18,Tienda 57,34,13,77
Almacen 18,Tienda 58,48,52,324
Almacen 18,Tienda 59,13,35,267
Almacen 18,Tienda 60,17,28,100
Almacen 18,Tienda 61,83,57,208
Almacen 18,Tienda 62,3,76,263
Almacen 18,Tienda 63,82,16,453
Almacen 18,Tienda 64,18,62,311
Almacen 18,Tienda 65,76,85,248
Almacen 18,Tienda 66,42,50,337
Almacen 18,Tienda 67,78,8,327
Almacen 18,Tienda 68,56,4,30
Almacen 18,Tienda 69,79,90,371
Almacen 18,Tienda 70,33,83,173
Almacen 18,Tienda 71,13,62,93
Almacen 18,Tienda 72,88,15,44
Almacen 18,Tienda 73,7,12,140
Almacen 18,Tienda 74,88,45,158
Almacen 18,Tienda 75,76,40,85
Almacen 18,Tienda 76,65,29,355
Almacen 18,Tienda 77,66,9,163
Almacen 18,Tienda 78,78,85,49
Almacen 18,Tienda 79,41,22,44
Almacen 18,Tienda 80,55,32,235
Almacen 18,Tienda 81,41,20,115
Almacen 18,Tienda 82,61,12,179
Almacen 18,Tienda 83,80,26,342
Almacen 18,Tienda 84,14,12,309
Almacen 18,Tienda 85,41,53,175
Almacen 18,Tienda 86,84,6,68
Almacen 18,Tienda 87,66,14,174
Almacen 18,Tienda 88,17,8,27
Almacen 18,Tienda 89,83,39,62
Almacen 18,Tienda 90,34,89,460
Almacen 18,Tienda 91,79,92,306
Almacen 18,Tienda 92,75,99,5
Almacen 18,Tienda 93,59,39,375
Almacen 18,Tienda 94,48,36,462
Almacen 18,Tienda 95,81,34,82
Almacen 18,Tienda 96,7,53,272
Almacen 18,Tienda 97,55,93,273
Almacen 18,Tienda 98,58,25,10
Almacen 18,Tienda 99,81,76,195
Almacen 25,Tienda 0,39,86,30
Almacen 25,Tienda 1,7,31,324
Almacen 25,Tienda 2,47,17,189
Almacen 25,Tienda 3,60,53,474
Almacen 25,Tienda 4,20,25,64
Almacen 25,Tienda 5,73,66,154
Almacen 25,Tienda 6,74,69,217
Almacen 25,Tienda 7,70,66,482
Almacen 25,Tienda 8,9,96,393
Almacen 25,Tienda 9,22,32,352
Almacen 25,Tienda 10,51,67,233
Almacen 25,Tienda 11,34,94,398
Almacen 25,Tienda 12,57,37,463
Almacen 25,Tienda 13,86,31,265
Almacen 25,Tienda 14,6,62,338
Almacen 25,Tienda 15,92,89,373
Almacen 25,Tienda 16,79,11,135
Almacen 25,Tienda 17,61,21,48
Almacen 25,Tienda 18,50,66,171
Almacen 25,Tienda 19,88,24,65
Almacen 25,Tienda 20,76,80,397
Almacen 25,Tienda 21,47,82,96
Almacen 25,Tienda 22,31,16,475
Almacen 25,Tienda 23,13,78,497
Almacen 25,Tienda 24,76,62,270
Almacen 25,Tienda 25,29,23,434
Almacen 25,Tienda 26,47,3,224
Almacen 25,Tienda 27,41,38,48
Almacen 25,Tienda 28,10,37,347
Almacen 25,Tienda 29,56,70,338
Almacen 25,Tienda 30,8,57,216
Almacen 25,Tienda 31,16,70,443
Almacen 25,Tienda 32,68,62,25
Almacen 25,Tienda 33,13,78,187
Almacen 25,Tienda 34,7,59,392
Almacen 25,Tienda 35,4,82,292
Almacen 25,Tienda 36,14,22,174
Almacen 25,Tienda 37,99,63,384
Almacen 25,Tienda 38,61,20,247
Almacen 25,Tienda 39,58,42,269
Almacen 25,Tienda 40,60,83,255
Almacen 25,Tienda 41,28,4,382
Almacen 25,Tienda 42,20,85,315
Almacen 25,Tienda 43,5,1,237
Almacen 25,Tienda 44,25,39,494
Almacen 25,Tienda 45,8,38,407
Almacen 25,Tienda 46,41,41,423
Almacen 25,Tienda 47,23,49,106
Almacen 25,Tienda 48,11,2,127
Almacen 25,Tienda 49,39,37,197
Almacen 25,Tienda 50,73,26,90
Almacen 25,Tienda 51,54,52,355
Almacen 25,Tienda 52,70,36,255
Almacen 25,Tienda 53,96,1,292
Almacen 25,Tienda 54,77,67,393
Almacen 25,Tienda 55,81,92,458
Almacen 25,Tienda 56,41,68,92
Almacen 25,Tienda 57,79,4,270
Almacen 25,Tienda 58,49,4,190
Almacen 25,Tienda 59,17,64,307
Almacen 25,Tienda 60,72,86,373
Almacen 25,Tienda 61,85,44,290
Almacen 25,Tienda 62,88,77,43
Almacen 25,Tienda 63,60,83,496
Almacen 25,Tienda 64,29,5,42
Almacen 25,Tienda 65,51,38,376
Almacen 25,Tienda 66,59,41,499
Almacen 25,Tienda 67,100,73,33
Almacen 25,Tienda 68,38,46,338
Almacen 25,Tienda 69,87,20,101
Almacen 25,Tienda 70,23,35,368
Almacen 25,Tienda 71,30,58,422
Almacen 25,Tienda 72,86,94,183
Almacen 25,Tienda 73,83,90,188
Almacen 25,Tienda 74,67,75,333
Almacen 25,Tienda 75,1,41,382
Almacen 25,Tienda 76,56,84,352
Almacen 25,Tienda 77,19,62,329
Almacen 25,Tienda 78,8,10,281
Almacen 25,Tienda 79,52,71,315
Almacen 25,Tienda 80,3,33,360
Almacen 25,Tienda 81,87,93,157
Almacen 25,Tienda 82,37,77,466
Almacen 25,Tienda 83,82,71,70
Almacen 25,Tienda 84,39,85,125
Almacen 25,Tienda 85,44,80,267
Almacen 25,Tienda 86,48,89,457
Almacen 25,Tienda 87,59,86,210
Almacen 25,Tienda 88,83,16,53
Almacen 25,Tienda 89,93,10,208
Almacen 25,Tienda 90,91,13,207
Almacen 25,Tienda 91,81,34,378
Almacen 25,Tienda 92,54,19,181
Almacen 25,Tienda 93,75,4,207
Almacen 25,Tienda 94,98,95,48
Almacen 25,Tienda 95,98,11,387
Almacen 25,Tienda 96,100,53,455
Almacen 25,Tienda 97,84,22,99
Almacen 25,Tienda 98,7,34,21
Almacen 25,Tienda 99,11,36,430
Almacen 26,Tienda 0,12,36,393
Almacen 26,Tienda 1,48,72,304
Almacen 26,Tienda 2,19,34,146
Almacen 26,Tienda 3,31,71,482
Almacen 26,Tienda 4,45,78,79
Almacen 26,Tienda 5,13,58,455
Almacen 26,Tienda 6,66,68,5
Almacen 26,Tienda 7,99,99,75
Almacen 26,Tienda 8,38,27,167
Almacen 26,Tienda 9,80,32,425
Almacen 26,Tienda 10,50,22,347
Almacen 26,Tienda 11,38,27,101
Almacen 26,Tienda 12,29,7,220
Almacen 26,Tienda 13,90,86,339
Almacen 26,Tienda 14,3,57,402
Almacen 26,Tienda 15,32,54,200
Almacen 26,Tienda 16,53,38,476
Almacen 26,Tienda 17,35,9,385
Almacen 26,Tienda 18,36,45,352
Almacen 26,Tienda 19,36,25,12
Almacen 26,Tienda 20,21,7,432
Almacen 26,Tienda 21,90,7,29
Almacen 26,Tienda 22,13,24,58
Almacen 26,Tienda 23,77,16,145
Almacen 26,Tienda 24,73,11,67
Almacen 26,Tienda 25,21,18,48
Almacen 26,Tienda 26,1,73,351
Almacen 26,Tienda 27,48,57,208
Almacen 26,Tienda 28,19,31,33
Almacen 26,Tienda 29,49,99,71
Almacen 26,Tienda 30,52,79,236
Almacen 26,Tienda 31,100,85,417
Almacen 26,Tienda 32,64,78,276
Almacen 26,Tienda 33,84,98,166
Almacen 26,Tienda 34,36,39,212
Almacen 26,Tienda 35,58,42,130
Almacen 26,Tienda 36,66,28,408
Almacen 26,Tienda 37,79,23,381
Almacen 26,Tienda 38,8,99,276
Almacen 26,Tienda 39,77,13,486
Almacen 26,Tienda 40,17,5,97
Almacen 26,Tienda 41,37,88,409
Almacen 26,Tienda 42,74,8,110
Almacen 26,Tienda 43,28,35,184
Almacen 26,Tienda 44,71,15,250
Almacen 26,Tienda 45,72,41,452
Almacen 26,Tienda 46,11,9,161
Almacen 26,Tienda 47,54,61,10
Almacen 26,Tienda 48,27,97,32
Almacen 26,Tienda 49,25,81,311
Almacen 26,Tienda 50,66,6,243
Almacen 26,Tienda 51,8,81,37
Almacen 26,Tienda 52,96,37,74
Almacen 26,Tienda 53,23,3,160
Almacen 26,Tienda 54,11,51,196
Almacen 26,Tienda 55,64,75,495
Almacen 26,Tienda 56,87,55,282
Almacen 26,Tienda 57,11,60,481
Almacen 26,Tienda 58,59,78,360
Almacen 26,Tienda 59,87,14,343
Almacen 26,Tienda 60,24,36,88
Almacen 26,Tienda 61,66,72,453
Almacen 26,Tienda 62,28,15,110
Almacen 26,Tienda 63,54,89,382
Almacen 26,Tienda 64,92,96,151
Almacen 26,Tienda 65,90,41,432
Almacen 26,Tienda 66,98,24,154
Almacen 26,Tienda 67,48,70,247
Almacen 26,Tienda 68,29,89,150
Almacen 26,Tienda 69,32,17,437
Almacen 26,Tienda 70,76,40,107
Almacen 26,Tienda 71,59,55,172
Almacen 26,Tienda 72,61,96,67
Almacen 26,Tienda 73,10,8,399
Almacen 26,Tienda 74,97,93,251
Almacen 26,Tienda 75,9,2,441
Almacen 26,Tienda 76,57,50,293
Almacen 26,Tienda 77,96,30,480
Almacen 26,Tienda 78,5,80,27
Almacen 26,Tienda 79,42,85,378
Almacen 26,Tienda 80,25,90,174
Almacen 26,Tienda 81,9,45,58
Almacen 26,Tienda 82,92,35,392
Almacen 26,Tienda 83,92,9,80
Almacen 26,Tienda 84,33,55,259
Almacen 26,Tienda 85,6,75,371
Almacen 26,Tienda 86,16,54,210
Almacen 26,Tienda 87,62,18,448
Almacen 26,Tienda 88,91,91,362
Almacen 26,Tienda 89,39,32,188
Almacen 26,Tienda 90,80,67,104
Almacen 26,Tienda 91,19,43,22
Almacen 26,Tienda 92,1,61,370
Almacen 26,Tienda 93,88,43,334
Almacen 26,Tienda 94,50,91,194
Almacen 26,Tienda 95,65,18,108
Almacen 26,Tienda 96,12,94,306
Almacen 26,Tienda 97,80,94,10
Almacen 26,Tienda 98,4,47,303
Almacen 26,Tienda 99,1,92,494
Almacen 28,Tienda 0,55,67,254
Almacen 28,Tienda 1,50,76,160
Almacen 28,Tienda 2,64,54,362
Almacen 28,Tienda 3,9,13,129
Almacen 28,Tienda 4,34,41,365
Almacen 28,Tienda 5,19,93,121
Almacen 28,Tienda 6,84,45,45
Almacen 28,Tienda 7,65,67,161
Almacen 28,Tienda 8,53,83,481
Almacen 28,Tienda 9,10,32,172
Almacen 28,Tienda 10,14,58,253
Almacen 28,Tienda 11,100,92,368
Almacen 28,Tienda 12,15,49,394
Almacen 28,Tienda 13,71,46,142
Almacen 28,Tienda 14,46,48,295
Almacen 28,Tienda 15,7,58,286
Almacen 28,Tienda 16,77,90,260
Almacen 28,Tienda 17,21,30,497
Almacen 28,Tienda 18,23,45,417
Almacen 28,Tienda 19,91,58,297
Almacen 28,Tienda 20,6,36,497
Almacen 28,Tienda 21,94,39,380
Almacen 28,Tienda 22,90,75,214
Almacen 28,Tienda 23,92,51,238
Almacen 28,Tienda 24,25,5,340
Almacen 28,Tienda 25,55,48,322
Almacen 28,Tienda 26,62,67,453
Almacen 28,Tienda 27,23,85,172
Almacen 28,Tienda 28,85,47,346
Almacen 28,Tienda 29,19,5,292
Almacen 28,Tienda 30,40,49,395
Almacen 28,Tienda 31,8,33,221
Almacen 28,Tienda 32,9,11,164
Almacen 28,Tienda 33,91,50,35
Almacen 28,Tienda 34,12,59,123
Almacen 28,Tienda 35,3,39,207
Almacen 28,Tienda 36,72,24,85
Almacen 28,Tienda 37,9,40,445
Almacen 28,Tienda 38,29,47,23
Almacen 28,Tienda 39,46,21,27
Almacen 28,Tienda 40,12,55,285
Almacen 28,Tienda 41,72,50,342
Almacen 28,Tienda 42,17,15,413
Almacen 28,Tienda 43,31,51,99
Almacen 28,Tienda 44,51,86,254
Almacen 28,Tienda 45,32,76,201
Almacen 28,Tienda 46,87,32,173
Almacen 28,Tienda 47,64,40,307
Almacen 28,Tienda 48,8,97,153
Almacen 28,Tienda 49,28,10,415
Almacen 28,Tienda 50,28,79,331
Almacen 28,Tienda 51,76,62,469
Almacen 28,Tienda 52,86,38,478
Almacen 28,Tienda 53,9,37,309
Almacen 28,Tienda 54,19,84,37
Almacen 28,Tienda 55,72,48,139
Almacen 28,Tienda 56,75,42,244
Almacen 28,Tienda 57,52,39,184
Almacen 28,Tienda 58,85,2,324
Almacen 28,Tienda 59,49,36,207
Almacen 28,Tienda 60,21,40,375
Almacen 28,Tienda 61,53,72,240
Almacen 28,Tienda 62,36,78,476
Almacen 28,Tienda 63,62,24,147
Almacen 28,Tienda 64,36,6,413
Almacen 28,Tienda 65,32,60,423
Almacen 28,Tienda 66,17,77,250
Almacen 28,Tienda 67,29,94,242
Almacen 28,Tienda 68,86,45,274
Almacen 28,Tienda 69,12,84,289
Almacen 28,Tienda 70,80,16,344
Almacen 28,Tienda 71,25,66,39
Almacen 28,Tienda 72,10,16,449
Almacen 28,Tienda 73,59,93,391
Almacen 28,Tienda 74,38,98,376
Almacen 28,Tienda 75,48,94,410
Almacen 28,Tienda 76,35,53,319
Almacen 28,Tienda 77,75,81,156
Almacen 28,Tienda 78,34,58,259
Almacen 28,Tienda 79,48,9,304
Almacen 28,Tienda 80,53,32,237
Almacen 28,Tienda 81,89,65,90
Almacen 28,Tienda 82,82,90,208
Almacen 28,Tienda 83,16,93,358
Almacen 28,Tienda 84,87,88,25
Almacen 28,Tienda 85,78,4,49
Almacen 28,Tienda 86,21,72,71
Almacen 28,Tienda 87,1,19,247
Almacen 28,Tienda 88,56,68,45
Almacen 28,Tienda 89,33,46,414
Almacen 28,Tienda 90,90,53,35
Almacen 28,Tienda 91,27,39,85
Almacen 28,Tienda 92,21,55,382
Almacen 28,Tienda 93,12,58,188
Almacen 28,Tienda 94,26,5,271
Almacen 28,Tienda 95,92,53,450
Almacen 28,Tienda 96,88,4,55
Almacen 28,Tienda 97,10,56,219
Almacen 28,Tienda 98,91,80,374
Almacen 28,Tienda 99,69,55,5
Almacen 29,Tienda 0,56,27,291
Almacen 29,Tienda 1,90,37,173
Almacen 29,Tienda 2,35,7,426
Almacen 29,Tienda 3,79,22,357
Almacen 29,Tienda 4,17,53,192
Almacen 29,Tienda 5,47,53,310
Almacen 29,Tienda 6,5,24,127
Almacen 29,Tienda 7,39,36,134
Almacen 29,Tienda 8,27,95,256
Almacen 29,Tienda 9,14,10,83
Almacen 29,Tienda 10,11,32,460
Almacen 29,Tienda 11,15,37,421
Almacen 29,Tienda 12,85,23,465
Almacen 29,Tienda 13,91,91,86
Almacen 29,Tienda 14,6,39,477
Almacen 29,Tienda 15,56,52,126
Almacen 29,Tienda 16,3,36,8
Almacen 29,Tienda 17,55,14,166
Almacen 29,Tienda 18,43,58,258
Almacen 29,Tienda 19,35,80,495
Almacen 29,Tienda 20,7,13,169
Almacen 29,Tienda 21,25,67,348
Almacen 29,Tienda 22,53,39,136
Almacen 29,Tienda 23,43,67,400
Almacen 29,Tienda 24,75,5,241
Almacen 29,Tienda 25,94,27,187
Almacen 29,Tienda 26,8,56,433
Almacen 29,Tienda 27,60,58,341
Almacen 29,Tienda 28,42,58,287
Almacen 29,Tienda 29,100,90,282
Almacen 29,Tienda 30,43,78,339
Almacen 29,Tienda 31,56,47,150
Almacen 29,Tienda 32,31,92,109
Almacen 29,Tienda 33,97,56,267
Almacen 29,Tienda 34,41,91,452
Almacen 29,Tienda 35,87,72,224
Almacen 29,Tienda 36,39,97,252
Almacen 29,Tienda 37,36,64,424
Almacen 29,Tienda 38,4,29,392
Almacen 29,Tienda 39,20,50,152
Almacen 29,Tienda 40,99,68,359
Almacen 29,Tienda 41,94,62,145
Almacen 29,Tienda 42,27,18,469
Almacen 29,Tienda 43,6,7,487
Almacen 29,Tienda 44,74,76,361
Almacen 29,Tienda 45,61,97,117
Almacen 29,Tienda 46,98,71,340
Almacen 29,Tienda 47,14,57,163
Almacen 29,Tienda 48,56,98,312
Almacen 29,Tienda 49,49,87,19
Almacen 29,Tienda 50,34,21,99
Almacen 29,Tienda 51,60,47,88
Almacen 29,Tienda 52,81,91,258
Almacen 29,Tienda 53,40,85,78
Almacen 29,Tienda 54,77,72,18
Almacen 29,Tienda 55,75,54,297
Almacen 29,Tienda 56,47,79,462
Almacen 29,Tienda 57,27,100,398
Almacen 29,Tienda 58,16,52,338
Almacen 29,Tienda 59,17,33,288
Almacen 29,Tienda 60,16,37,196
Almacen 29,Tienda 61,83,48,405
Almacen 29,Tienda 62,93,19,382
Almacen 29,Tienda 63,77,61,59
Almacen 29,Tienda 64,6,80,113
Almacen 29,Tienda 65,37,32,421
Almacen 29,Tienda 66,79,36,40
Almacen 29,Tienda 67,66,71,127
Almacen 29,Tienda 68,84,10,161
Almacen 29,Tienda 69,96,81,341
Almacen 29,Tienda 70,90,93,205
Almacen 29,Tienda 71,25,63,316
Almacen 29,Tienda 72,94,69,481
Almacen 29,Tienda 73,87,62,299
Almacen 29,Tienda 74,68,13,456
Almacen 29,Tienda 75,5,30,164
Almacen 29,Tienda 76,58,38,300
Almacen 29,Tienda 77,7,24,464
Almacen 29,Tienda 78,7,55,112
Almacen 29,Tienda 79,47,90,318
Almacen 29,Tienda 80,95,95,272
Almacen 29,Tienda 81,65,73,177
Almacen 29,Tienda 82,33,71,165
Almacen 29,Tienda 83,20,91,176
Almacen 29,Tienda 84,66,10,223
Almacen 29,Tienda 85,42,65,243
Almacen 29,Tienda 86,92,65,440
Almacen 29,Tienda 87,52,53,125
Almacen 29,Tienda 88,5,71,293
Almacen 29,Tienda 89,88,38,361
Almacen 29,Tienda 90,13,99,158
Almacen 29,Tienda 91,4,11,229
Almacen 29,Tienda 92,58,5,18
Almacen 29,Tienda 93,96,75,199
Almacen 29,Tienda 94,10,33,402
Almacen 29,Tienda 95,7,42,24
Almacen 29,Tienda 96,47,81,186
Almacen 29,Tienda 97,6,47,453
Almacen 29,Tienda 98,6,20,427
Almacen 29,Tienda 99,14,64,232
Almacen 30,Tienda 0,34,43,355
Almacen 30,Tienda 1,43,73,253
Almacen 30,Tienda 2,12,65,488
Almacen 30,Tienda 3,27,92,78
Almacen 30,Tienda 4,100,81,68
Almacen 30,Tienda 5,42,36,407
Almacen 30,Tienda 6,79,26,338
Almacen 30,Tienda 7,34,27,120
Almacen 30,Tienda 8,96,52,177
Almacen 30,Tienda 9,15,81,128
Almacen 30,Tienda 10,61,88,112
Almacen 30,Tienda 11,77,78,482
Almacen 30,Tienda 12,83,50,395
Almacen 30,Tienda 13,11,86,469
Almacen 30,Tienda 14,23,37,484
Almacen 30,Tienda 15,25,60,428
Almacen 30,Tienda 16,55,50,368
Almacen 30,Tienda 17,17,5,141
Almacen 30,Tienda 18,1,47,75
Almacen 30,Tienda 19,28,1,224
Almacen 30,Tienda 20,7,60,17
Almacen 30,Tienda 21,68,95,333
Almacen 30,Tienda 22,48,17,497
Almacen 30,Tienda 23,12,48,167
Almacen 30,Tienda 24,78,21,237
Almacen 30,Tienda 25,66,37,236
Almacen 30,Tienda 26,7,63,309
Almacen 30,Tienda 27,94,70,316
Almacen 30,Tienda 28,42,43,64
Almacen 30,Tienda 29,67,61,484
Almacen 30,Tienda 30,11,58,110
Almacen 30,Tienda 31,18,27,22
Almacen 30,Tienda 32,38,57,274
Almacen 30,Tienda 33,11,77,446
Almacen 30,Tienda 34,36,40,308
Almacen 30,Tienda 35,3,7,130
Almacen 30,Tienda 36,66,62,108
Almacen 30,Tienda 37,81,89,234
Almacen 30,Tienda 38,86,10,412
Almacen 30,Tienda 39,21,66,401
Almacen 30,Tienda 40,18,43,353
Almacen 30,Tienda 41,8,24,468
Almacen 30,Tienda 42,87,23,326
Almacen 30,Tienda 43,89,89,302
Almacen 30,Tienda 44,12,24,414
Almacen 30,Tienda 45,13,45,439
Almacen 30,Tienda 46,38,57,23
Almacen 30,Tienda 47,83,7,397
Almacen 30,Tienda 48,11,65,77
Almacen 30,Tienda 49,34,6,328
Almacen 30,Tienda 50,70,40,110
Almacen 30,Tienda 51,74,47,212
Almacen 30,Tienda 52,30,37,76
Almacen 30,Tienda 53,57,81,321
Almacen 30,Tienda 54,52,1,315
Almacen 30,Tienda 55,22,41,317
Almacen 30,Tienda 56,95,42,150
Almacen 30,Tienda 57,9,17,385
Almacen 30,Tienda 58,56,73,160
Almacen 30,Tienda 59,98,12,419
Almacen 30,Tienda 60,33,72,129
Almacen 30,Tienda 61,60,8,24
Almacen 30,Tienda 62,46,17,8
Almacen 30,Tienda 63,89,85,447
Almacen 30,Tienda 64,33,48,174
Almacen 30,Tienda 65,64,57,446
Almacen 30,Tienda 66,67,68,120
Almacen 30,Tienda 67,10,15,434
Almacen 30,Tienda 68,63,41,500
Almacen 30,Tienda 69,5,74,222
Almacen 30,Tienda 70,87,83,45
Almacen 30,Tienda 71,54,93,400
Almacen 30,Tienda 72,7,46,496
Almacen 30,Tienda 73,18,86,317
Almacen 30,Tienda 74,57,45,463
Almacen 30,Tienda 75,26,35,294
Almacen 30,Tienda 76,61,22,182
Almacen 30,Tienda 77,39,88,493
Almacen 30,Tienda 78,15,97,272
Almacen 30,Tienda 79,77,7,500
Almacen 30,Tienda 80,99,71,255
Almacen 30,Tienda 81,71,89,114
Almacen 30,Tienda 82,100,97,414
Almacen 30,Tienda 83,71,91,420
Almacen 30,Tienda 84,45,97,443
Almacen 30,Tienda 85,21,46,338
Almacen 30,Tienda 86,49,48,276
Almacen 30,Tienda 87,34,98,438
Almacen 30,Tienda 88,88,2,396
Almacen 30,Tienda 89,54,58,448
Almacen 30,Tienda 90,85,50,467
Almacen 30,Tienda 91,29,10,392
Almacen 30,Tienda 92,2,9,220
Almacen 30,Tienda 93,85,85,189
Almacen 30,Tienda 94,36,67,63
Almacen 30,Tienda 95,41,68,469
Almacen 30,Tienda 96,77,41,309
Almacen 30,Tienda 97,46,7,320
Almacen 30,Tienda 98,31,34,18
Almacen 30,Tienda 99,17,53,339
Almacen 32,Tienda 0,43,14,321
Almacen 32,Tienda 1,16,25,453
Almacen 32,Tienda 2,91,45,456
Almacen 32,Tienda 3,16,42,93
Almacen 32,Tienda 4,35,49,171
Almacen 32,Tienda 5,26,10,467
Almacen 32,Tienda 6,100,45,373
Almacen 32,Tienda 7,5,63,173
Almacen 32,Tienda 8,54,28,115
Almacen 32,Tienda 9,10,14,370
Almacen 32,Tienda 10,68,53,314
Almacen 32,Tienda 11,54,58,414
Almacen 32,Tienda 12,14,32,468
Almacen 32,Tienda 13,76,7,388
Almacen 32,Tienda 14,27,78,243
Almacen 32,Tienda 15,30,4,407
Almacen 32,Tienda 16,12,58,343
Almacen 32,Tienda 17,80,87,30
Almacen 32,Tienda 18,70,90,475
Almacen 32,Tienda 19,80,69,392
Almacen 32,Tienda 20,7,88,412
Almacen 32,Tienda 21,29,97,327
Almacen 32,Tienda 22,29,5,372
Almacen 32,Tienda 23,26,83,403
Almacen 32,Tienda 24,95,34,238
Almacen 32,Tienda 25,37,33,442
Almacen 32,Tienda 26,55,76,461
Almacen 32,Tienda 27,28,43,178
Almacen 32,Tienda 28,75,56,51
Almacen 32,Tienda 29,47,60,410
Almacen 32,Tienda 30,8,56,66
Almacen 32,Tienda 31,20,78,292
Almacen 32,Tienda 32,49,11,28
Almacen 32,Tienda 33,24,99,187
Almacen 32,Tienda 34,42,45,397
Almacen 32,Tienda 35,11,22,66
Almacen 32,Tienda 36,64,53,180
Almacen 32,Tienda 37,25,76,22
Almacen 32,Tienda 38,87,39,8
Almacen 32,Tienda 39,38,43,265
Almacen 32,Tienda 40,15,42,136
Almacen 32,Tienda 41,35,61,67
Almacen 32,Tienda 42,36,27,394
Almacen 32,Tienda 43,100,27,141
Almacen 32,Tienda 44,28,30,411
Almacen 32,Tienda 45,61,85,379
Almacen 32,Tienda 46,49,72,27
Almacen 32,Tienda 47,11,93,152
Almacen 32,Tienda 48,25,81,373
Almacen 32,Tienda 49,55,32,393
Almacen 32,Tienda 50,57,37,445
Almacen 32,Tienda 51,79,40,481
Almacen 32,Tienda 52,43,58,215
Almacen 32,Tienda 53,65,54,426
Almacen 32,Tienda 54,16,88,246
Almacen 32,Tienda 55,48,71,430
Almacen 32,Tienda 56,31,44,411
Almacen 32,Tienda 57,70,48,360
Almacen 32,Tienda 58,23,75,319
Almacen 32,Tienda 59,66,40,264
Almacen 32,Tienda 60,49,17,342
Almacen 32,Tienda 61,26,100,82
Almacen 32,Tienda 62,59,19,169
Almacen 32,Tienda 63,70,69,288
Almacen 32,Tienda 64,91,11,278
Almacen 32,Tienda 65,87,96,245
Almacen 32,Tienda 66,85,74,353
Almacen 32,Tienda 67,26,16,250
Almacen 32,Tienda 68,77,74,257
Almacen 32,Tienda 69,89,48,120
Almacen 32,Tienda 70,54,17,190
Almacen 32,Tienda 71,95,44,461
Almacen 32,Tienda 72,75,95,342
Almacen 32,Tienda 73,100,92,404
Almacen 32,Tienda 74,44,46,36
Almacen 32,Tienda 75,42,48,366
Almacen 32,Tienda 76,7,31,135
Almacen 32,Tienda 77,31,74,181
Almacen 32,Tienda 78,12,68,80
Almacen 32,Tienda 79,9,84,21
Almacen 32,Tienda 80,27,57,299
Almacen 32,Tienda 81,55,76,375
Almacen 32,Tienda 82,97,43,320
Almacen 32,Tienda 83,61,86,382
Almacen 32,Tienda 84,24,46,329
Almacen 32,Tienda 85,1,68,452
Almacen 32,Tienda 86,42,71,452
Almacen 32,Tienda 87,90,64,114
Almacen 32,Tienda 88,16,31,373
Almacen 32,Tienda 89,49,12,378
Almacen 32,Tienda 90,30,6,199
Almacen 32,Tienda 91,17,63,326
Almacen 32,Tienda 92,6,43,217
Almacen 32,Tienda 93,45,32,182
Almacen 32,Tienda 94,23,17,149
Almacen 32,Tienda 95,83,80,68
Almacen 32,Tienda 96,86,2,107
Almacen 32,Tienda 97,28,3,105
Almacen 32,Tienda 98,9,52,359
Almacen 32,Tienda 99,22,39,292
Almacen 36,Tienda 0,70,66,498
Almacen 36,Tienda 1,27,86,8
Almacen 36,Tienda 2,1,38,176
Almacen 36,Tienda 3,18,91,275
Almacen 36,Tienda 4,4,75,298
Almacen 36,Tienda 5,98,3,385
Almacen 36,Tienda 6,10,17,462
Almacen 36,Tienda 7,50,65,396
Almacen 36,Tienda 8,9,65,268
Almacen 36,Tienda 9,21,17,245
Almacen 36,Tienda 10,40,15,424
Almacen 36,Tienda 11,59,43,342
Almacen 36,Tienda 12,54,85,411
Almacen 36,Tienda 13,45,71,59
Almacen 36,Tienda 14,31,98,469
Almacen 36,Tienda 15,44,33,86
Almacen 36,Tienda 16,51,87,162
Almacen 36,Tienda 17,55,70,172
Almacen 36,Tienda 18,74,70,484
Almacen 36,Tienda 19,32,52,115
Almacen 36,Tienda 20,76,49,204
Almacen 36,Tienda 21,34,15,324
Almacen 36,Tienda 22,33,19,121
Almacen 36,Tienda 23,99,90,245
Almacen 36,Tienda 24,47,43,399
Almacen 36,Tienda 25,93,45,100
Almacen 36,Tienda 26,87,96,43
Almacen 36,Tienda 27,3,2,20
Almacen 36,Tienda 28,56,25,149
Almacen 36,Tienda 29,54,5,368
Almacen 36,Tienda 30,78,18,402
Almacen 36,Tienda 31,76,27,56
Almacen 36,Tienda 32,94,94,425
Almacen 36,Tienda 33,20,25,490
Almacen 36,Tienda 34,16,15,421
Almacen 36,Tienda 35,80,67,312
Almacen 36,Tienda 36,62,37,81
Almacen 36,Tienda 37,70,77,417
Almacen 36,Tienda 38,29,23,499
Almacen 36,Tienda 39,32,79,486
Almacen 36,Tienda 40,85,25,85
Almacen 36,Tienda 41,7,19,142
Almacen 36,Tienda 42,57,2,106
Almacen 36,Tienda 43,69,74,26
Almacen 36,Tienda 44,98,48,322
Almacen 36,Tienda 45,5,99,455
Almacen 36,Tienda 46,100,1,37
Almacen 36,Tienda 47,46,52,104
Almacen 36,Tienda 48,86,41,243
Almacen 36,Tienda 49,43,9,313
Almacen 36,Tienda 50,58,82,234
Almacen 36,Tienda 51,93,59,396
Almacen 36,Tienda 52,98,34,42
Almacen 36,Tienda 53,40,77,246
Almacen 36,Tienda 54,9,65,106
Almacen 36,Tienda 55,50,48,164
Almacen 36,Tienda 56,39,100,363
Almacen 36,Tienda 57,100,6,223
Almacen 36,Tienda 58,96,2,122
Almacen 36,Tienda 59,42,42,180
Almacen 36,Tienda 60,94,38,244
Almacen 36,Tienda 61,37,45,478
Almacen 36,Tienda 62,81,74,405
Almacen 36,Tienda 63,66,10,89
Almacen 36,Tienda 64,15,6,406
Almacen 36,Tienda 65,2,30,229
Almacen 36,Tienda 66,23,68,144
Almacen 36,Tienda 67,48,26,264
Almacen 36,Tienda 68,83,78,95
Almacen 36,Tienda 69,81,42,424
Almacen 36,Tienda 70,1,56,301
Almacen 36,Tienda 71,87,24,349
Almacen 36,Tienda 72,61,17,325
Almacen 36,Tienda 73,46,93,158
Almacen 36,Tienda 74,80,74,417
Almacen 36,Tienda 75,95,78,119
Almacen 36,Tienda 76,35,32,310
Almacen 36,Tienda 77,27,82,446
Almacen 36,Tienda 78,94,78,38
Almacen 36,Tienda 79,87,55,48
Almacen 36,Tienda 80,4,83,124
Almacen 36,Tienda 81,76,71,91
Almacen 36,Tienda 82,53,75,194
Almacen 36,Tienda 83,16,35,334
Almacen 36,Tienda 84,82,54,340
Almacen 36,Tienda 85,17,5,85
Almacen 36,Tienda 86,58,9,198
Almacen 36,Tienda 87,80,77,118
Almacen 36,Tienda 88,83,3,292
Almacen 36,Tienda 89,91,92,482
Almacen 36,Tienda 90,18,49,450
Almacen 36,Tienda 91,6,38,152
Almacen 36,Tienda 92,35,52,42
Almacen 36,Tienda 93,88,39,50
Almacen 36,Tienda 94,74,43,296
Almacen 36,Tienda 95,72,31,34
Almacen 36,Tienda 96,3,44,232
Almacen 36,Tienda 97,91,52,391
Almacen 36,Tienda 98,48,68,431
Almacen 36,Tienda 99,93,32,374
Almacen 37,Tienda 0,10,26,300
Almacen 37,Tienda 1,74,53,493
Almacen 37,Tienda 2,81,6,435
Almacen 37,Tienda 3,15,3,257
Almacen 37,Tienda 4,85,27,102
Almacen 37,Tienda 5,32,85,294
Almacen 37,Tienda 6,12,71,178
Almacen 37,Tienda 7,50,52,52
Almacen 37,Tienda 8,46,13,67
Almacen 37,Tienda 9,40,77,14
Almacen 37,Tienda 10,18,46,145
Almacen 37,Tienda 11,44,55,330
Almacen 37,Tienda 12,48,84,358
Almacen 37,Tienda 13,61,24,314
Almacen 37,Tienda 14,24,44,153
Almacen 37,Tienda 15,4,77,177
Almacen 37,Tienda 16,19,58,177
Almacen 37,Tienda 17,43,7,29
Almacen 37,Tienda 18,42,95,140
Almacen 37,Tienda 19,83,68,279
Almacen 37,Tienda 20,90,46,109
Almacen 37,Tienda 21,89,51,230
Almacen 37,Tienda 22,42,3,267
Almacen 37,Tienda 23,88,54,71
Almacen 37,Tienda 24,89,36,52
Almacen 37,Tienda 25,10,6,60
Almacen 37,Tienda 26,97,91,277
Almacen 37,Tienda 27,17,41,456
Almacen 37,Tienda 28,53,75,121
Almacen 37,Tienda 29,12,75,29
Almacen 37,Tienda 30,94,65,442
Almacen 37,Tienda 31,98,74,204
Almacen 37,Tienda 32,9,43,284
Almacen 37,Tienda 33,72,10,218
Almacen 37,Tienda 34,65,100,337
Almacen 37,Tienda 35,45,97,310
Almacen 37,Tienda 36,16,15,340
Almacen 37,Tienda 37,74,81,197
Almacen 37,Tienda 38,69,60,228
Almacen 37,Tienda 39,86,5,89
Almacen 37,Tienda 40,61,14,329
Almacen 37,Tienda 41,46,5,498
Almacen 37,Tienda 42,98,37,379
Almacen 37,Tienda 43,61,6,264
Almacen 37,Tienda 44,34,92,393
Almacen 37,Tienda 45,15,45,293
Almacen 37,Tienda 46,9,85,416
Almacen 37,Tienda 47,69,71,334
Almacen 37,Tienda 48,70,6,298
Almacen 37,Tienda 49,78,29,308
Almacen 37,Tienda 50,95,48,131
Almacen 37,Tienda 51,89,20,462
Almacen 37,Tienda 52,96,30,310
Almacen 37,Tienda 53,75,98,478
Almacen 37,Tienda 54,92,45,188
Almacen 37,Tienda 55,83,64,348
Almacen 37,Tienda 56,95,51,14
Almacen 37,Tienda 57,92,27,292
Almacen 37,Tienda 58,95,90,318
Almacen 37,Tienda 59,59,86,269
Almacen 37,Tienda 60,8,34,240
Almacen 37,Tienda 61,88,87,237
Almacen 37,Tienda 62,12,84,168
Almacen 37,Tienda 63,74,71,69
Almacen 37,Tienda 64,26,38,123
Almacen 37,Tienda 65,41,81,45
Almacen 37,Tienda 66,20,21,147
Almacen 37,Tienda 67,82,43,171
Almacen 37,Tienda 68,78,57,154
Almacen 37,Tienda 69,70,52,302
Almacen 37,Tienda 70,33,69,470
Almacen 37,Tienda 71,63,37,343
Almacen 37,Tienda 72,33,50,489
Almacen 37,Tienda 73,67,57,468
Almacen 37,Tienda 74,49,89,330
Almacen 37,Tienda 75,53,93,41
Almacen 37,Tienda 76,22,73,192
Almacen 37,Tienda 77,1,63,30
Almacen 37,Tienda 78,4,68,272
Almacen 37,Tienda 79,74,19,53
Almacen 37,Tienda 80,68,2,460
Almacen 37,Tienda 81,4,80,148
Almacen 37,Tienda 82,96,23,21
Almacen 37,Tienda 83,56,75,261
Almacen 37,Tienda 84,51,6,320
Almacen 37,Tienda 85,86,80,427
Almacen 37,Tienda 86,26,43,62
Almacen 37,Tienda 87,43,67,429
Almacen 37,Tienda 88,19,71,181
Almacen 37,Tienda 89,97,36,404
Almacen 37,Tienda 90,25,22,161
Almacen 37,Tienda 91,72,59,6
Almacen 37,Tienda 92,33,26,186
Almacen 37,Tienda 93,98,92,289
Almacen 37,Tienda 94,67,89,68
Almacen 37,Tienda 95,76,72,225
Almacen 37,Tienda 96,43,100,280
Almacen 37,Tienda 97,48,97,260
Almacen 37,Tienda 98,29,37,9
Almacen 37,Tienda 99,52,12,408
Almacen 39,Tienda 0,8,11,241
Almacen 39,Tienda 1,22,76,251
Almacen 39,Tienda 2,1,83,234
Almacen 39,Tienda 3,98,99,227
Almacen 39,Tienda 4,23,72,78
Almacen 39,Tienda 5,44,87,45
Almacen 39,Tienda 6,73,92,452
Almacen 39,Tienda 7,1,32,292
Almacen 39,Tienda 8,27,98,494
Almacen 39,Tienda 9,93,19,279
Almacen 39,Tienda 10,85,94,193
Almacen 39,Tienda 11,54,49,494
Almacen 39,Tienda 12,79,86,370
Almacen 39,Tienda 13,72,84,438
Almacen 39,Tienda 14,26,49,400
Almacen 39,Tienda 15,75,54,498
Almacen 39,Tienda 16,9,2,49
Almacen 39,Tienda 17,88,48,336
Almacen 39,Tienda 18,31,35,222
Almacen 39,Tienda 19,53,99,165
Almacen 39,Tienda 20,10,32,368
Almacen 39,Tienda 21,86,57,477
Almacen 39,Tienda 22,95,31,292
Almacen 39,Tienda 23,18,74,303
Almacen 39,Tienda 24,69,81,345
Almacen 39,Tienda 25,29,61,303
Almacen 39,Tienda 26,60,57,10
Almacen 39,Tienda 27,96,29,132
Almacen 39,Tienda 28,43,72,421
Almacen 39,Tienda 29,31,5,193
Almacen 39,Tienda 30,94,57,206
Almacen 39,Tienda 31,72,33,27
Almacen 39,Tienda 32,72,53,478
Almacen 39,Tienda 33,21,92,60
Almacen 39,Tienda 34,41,9,74
Almacen 39,Tienda 35,58,62,82
Almacen 39,Tienda 36,77,92,70
Almacen 39,Tienda 37,24,67,126
Almacen 39,Tienda 38,64,34,286
Almacen 39,Tienda 39,36,93,381
Almacen 39,Tienda 40,67,83,109
Almacen 39,Tienda 41,59,4,20
Almacen 39,Tienda 42,94,50,304
Almacen 39,Tienda 43,5,23,286
Almacen 39,Tienda 44,72,98,476
Almacen 39,Tienda 45,60,18,38
Almacen 39,Tienda 46,30,57,331
Almacen 39,Tienda 47,93,51,125
Almacen 39,Tienda 48,2,5,100
Almacen 39,Tienda 49,72,28,309
Almacen 39,Tienda 50,96,91,218
Almacen 39,Tienda 51,18,69,344
Almacen 39,Tienda 52,45,21,386
Almacen 39,Tienda 53,92,33,272
Almacen 39,Tienda 54,94,46,431
Almacen 39,Tienda 55,44,54,380
Almacen 39,Tienda 56,28,1,458
Almacen 39,Tienda 57,11,55,340
Almacen 39,Tienda 58,60,3,46
Almacen 39,Tienda 59,98,29,392
Almacen 39,Tienda 60,75,6,129
Almacen 39,Tienda 61,82,64,379
Almacen 39,Tienda 62,32,75,260
Almacen 39,Tienda 63,24,27,218
Almacen 39,Tienda 64,19,79,29
Almacen 39,Tienda 65,97,71,359
Almacen 39,Tienda 66,67,5,471
Almacen 39,Tienda 67,24,23,124
Almacen 39,Tienda 68,4,3,306
Almacen 39,Tienda 69,73,67,208
Almacen 39,Tienda 70,16,82,418
Almacen 39,Tienda 71,82,92,14
Almacen 39,Tienda 72,93,26,305
Almacen 39,Tienda 73,76,22,13
Almacen 39,Tienda 74,70,5,439
Almacen 39,Tienda 75,85,95,225
Almacen 39,Tienda 76,89,3,479
Almacen 39,Tienda 77,78,28,284
Almacen 39,Tienda 78,15,94,67
Almacen 39,Tienda 79,53,26,495
Almacen 39,Tienda 80,42,26,142
Almacen 39,Tienda 81,17,1,416
Almacen 39,Tienda 82,74,73,426
Almacen 39,Tienda 83,7,79,276
Almacen 39,Tienda 84,23,36,202
Almacen 39,Tienda 85,18,71,41
Almacen 39,Tienda 86,30,35,367
Almacen 39,Tienda 87,40,88,86
Almacen 39,Tienda 88,24,62,368
Almacen 39,Tienda 89,48,79,431
Almacen 39,Tienda 90,5,100,226
Almacen 39,Tienda 91,50,71,431
Almacen 39,Tienda 92,69,97,343
Almacen 39,Tienda 93,49,84,441
Almacen 39,Tienda 94,92,38,383
Almacen 39,Tienda 95,37,72,396
Almacen 39,Tienda 96,67,16,158
Almacen 39,Tienda 97,6,70,373
Almacen 39,Tienda 98,49,100,82
Almacen 39,Tienda 99,71,64,240
Almacen 40,Tienda 0,41,80,139
Almacen 40,Tienda 1,56,91,16
Almacen 40,Tienda 2,75,37,118
Almacen 40,Tienda 3,78,38,453
Almacen 40,Tienda 4,28,52,287
Almacen 40,Tienda 5,66,46,197
Almacen 40,Tienda 6,18,5,381
Almacen 40,Tienda 7,20,95,132
Almacen 40,Tienda 8,64,100,87
Almacen 40,Tienda 9,30,80,490
Almacen 40,Tienda 10,60,31,245
Almacen 40,Tienda 11,62,34,222
Almacen 40,Tienda 12,22,45,213
Almacen 40,Tienda 13,3,20,121
Almacen 40,Tienda 14,30,57,473
Almacen 40,Tienda 15,33,59,255
Almacen 40,Tienda 16,61,26,477
Almacen 40,Tienda 17,76,52,162
Almacen 40,Tienda 18,17,86,153
Almacen 40,Tienda 19,7,46,461
Almacen 40,Tienda 20,6,86,142
Almacen 40,Tienda 21,11,6,200
Almacen 40,Tienda 22,23,97,284
Almacen 40,Tienda 23,33,88,123
Almacen 40,Tienda 24,100,32,106
Almacen 40,Tienda 25,75,1,61
Almacen 40,Tienda 26,26,75,196
Almacen 40,Tienda 27,57,31,429
Almacen 40,Tienda 28,7,55,464
Almacen 40,Tienda 29,42,70,47
Almacen 40,Tienda 30,16,79,224
Almacen 40,Tienda 31,64,15,249
Almacen 40,Tienda 32,45,72,320
Almacen 40,Tienda 33,76,18,81
Almacen 40,Tienda 34,65,20,325
Almacen 40,Tienda 35,53,72,8
Almacen 40,Tienda 36,6,22,91
Almacen 40,Tienda 37,87,18,351
Almacen 40,Tienda 38,90,90,65
Almacen 40,Tienda 39,38,32,234
Almacen 40,Tienda 40,18,63,58
Almacen 40,Tienda 41,12,60,380
Almacen 40,Tienda 42,13,38,148
Almacen 40,Tienda 43,7,16,475
Almacen 40,Tienda 44,52,54,149
Almacen 40,Tienda 45,73,71,408
Almacen 40,Tienda 46,52,51,250
Almacen 40,Tienda 47,71,4,83
Almacen 40,Tienda 48,22,26,284
Almacen 40,Tienda 49,94,57,448
Almacen 40,Tienda 50,18,36,206
Almacen 40,Tienda 51,46,54,153
Almacen 40,Tienda 52,13,4,157
Almacen 40,Tienda 53,87,31,489
Almacen 40,Tienda 54,38,79,381
Almacen 40,Tienda 55,67,38,213
Almacen 40,Tienda 56,58,52,447
Almacen 40,Tienda 57,54,74,460
Almacen 40,Tienda 58,85,78,188
Almacen 40,Tienda 59,17,55,160
Almacen 40,Tienda 60,49,69,94
Almacen 40,Tienda 61,24,19,156
Almacen 40,Tienda 62,67,44,169
Almacen 40,Tienda 63,56,50,499
Almacen 40,Tienda 64,71,49,371
Almacen 40,Tienda 65,40,50,338
Almacen 40,Tienda 66,83,64,315
Almacen 40,Tienda 67,74,6,120
Almacen 40,Tienda 68,95,36,351
Almacen 40,Tienda 69,84,16,224
Almacen 40,Tienda 70,13,57,441
Almacen 40,Tienda 71,100,33,60
Almacen 40,Tienda 72,94,29,437
Almacen 40,Tienda 73,5,21,154
Almacen 40,Tienda 74,45,73,245
Almacen 40,Tienda 75,35,57,375
Almacen 40,Tienda 76,12,91,45
Almacen 40,Tienda 77,81,43,203
Almacen 40,Tienda 78,41,86,331
Almacen 40,Tienda 79,31,60,52
Almacen 40,Tienda 80,88,94,339
Almacen 40,Tienda 81,37,73,108
Almacen 40,Tienda 82,80,8,194
Almacen 40,Tienda 83,74,96,339
Almacen 40,Tienda 84,28,74,250
Almacen 40,Tienda 85,89,98,46
Almacen 40,Tienda 86,2,45,123
Almacen 40,Tienda 87,1,66,201
Almacen 40,Tienda 88,47,98,445
Almacen 40,Tienda 89,20,40,356
Almacen 40,Tienda 90,78,65,280
Almacen 40,Tienda 91,84,26,449
Almacen 40,Tienda 92,32,52,173
Almacen 40,Tienda 93,71,21,181
Almacen 40,Tienda 94,72,35,78
Almacen 40,Tienda 95,28,68,17
Almacen 40,Tienda 96,63,68,429
Almacen 40,Tienda 97,6,61,280
Almacen 40,Tienda 98,49,20,470
Almacen 40,Tienda 99,25,5,290
Almacen 41,Tienda 0,87,60,31
Almacen 41,Tienda 1,34,41,110
Almacen 41,Tienda 2,98,47,468
Almacen 41,Tienda 3,90,59,15
Almacen 41,Tienda 4,95,13,309
Almacen 41,Tienda 5,64,5,440
Almacen 41,Tienda 6,98,98,49
Almacen 41,Tienda 7,81,22,68
Almacen 41,Tienda 8,11,49,388
Almacen 41,Tienda 9,8,95,87
Almacen 41,Tienda 10,47,4,132
Almacen 41,Tienda 11,87,58,49
Almacen 41,Tienda 12,20,26,150
Almacen 41,Tienda 13,59,13,133
Almacen 41,Tienda 14,31,28,191
Almacen 41,Tienda 15,19,34,25
Almacen 41,Tienda 16,98,87,304
Almacen 41,Tienda 17,97,16,8
Almacen 41,Tienda 18,69,60,147
Almacen 41,Tienda 19,89,33,22
Almacen 41,Tienda 20,27,80,460
Almacen 41,Tienda 21,5,86,242
Almacen 41,Tienda 22,73,26,286
Almacen 41,Tienda 23,47,10,488
Almacen 41,Tienda 24,39,57,225
Almacen 41,Tienda 25,64,96,226
Almacen 41,Tienda 26,90,64,29
Almacen 41,Tienda 27,30,92,26
Almacen 41,Tienda 28,35,77,159
Almacen 41,Tienda 29,51,100,241
Almacen 41,Tienda 30,6,34,296
Almacen 41,Tienda 31,67,15,472
Almacen 41,Tienda 32,40,65,56
Almacen 41,Tienda 33,57,20,283
Almacen 41,Tienda 34,57,67,78
Almacen 41,Tienda 35,63,51,286
Almacen 41,Tienda 36,85,3,382
Almacen 41,Tienda 37,20,28,300
Almacen 41,Tienda 38,70,76,343
Almacen 41,Tienda 39,33,63,336
Almacen 41,Tienda 40,58,86,50
Almacen 41,Tienda 41,64,61,8
Almacen 41,Tienda 42,43,70,411
Almacen 41,Tienda 43,33,94,183
Almacen 41,Tienda 44,45,56,234
Almacen 41,Tienda 45,40,4,476
Almacen 41,Tienda 46,15,65,60
Almacen 41,Tienda 47,9,19,273
Almacen 41,Tienda 48,77,73,396
Almacen 41,Tienda 49,39,40,156
Almacen 41,Tienda 50,53,47,361
Almacen 41,Tienda 51,12,15,189
Almacen 41,Tienda 52,10,22,254
Almacen 41,Tienda 53,32,78,319
Almacen 41,Tienda 54,97,76,154
Almacen 41,Tienda 55,62,3,421
Almacen 41,Tienda 56,36,30,144
Almacen 41,Tienda 57,81,41,173
Almacen 41,Tienda 58,35,19,332
Almacen 41,Tienda 59,59,14,148
Almacen 41,Tienda 60,59,40,50
Almacen 41,Tienda 61,24,43,17
Almacen 41,Tienda 62,32,6,268
Almacen 41,Tienda 63,63,45,51
Almacen 41,Tienda 64,67,29,13
Almacen 41,Tienda 65,89,43,320
Almacen 41,Tienda 66,41,62,309
Almacen 41,Tienda 67,73,92,227
Almacen 41,Tienda 68,19,13,75
Almacen 41,Tienda 69,71,44,43
Almacen 41,Tienda 70,22,49,198
Almacen 41,Tienda 71,83,65,50
Almacen 41,Tienda 72,78,59,193
Almacen 41,Tienda 73,79,1,494
Almacen 41,Tienda 74,1,28,233
Almacen 41,Tienda 75,36,7,285
Almacen 41,Tienda 76,45,47,152
Almacen 41,Tienda 77,24,93,500
Almacen 41,Tienda 78,97,31,189
Almacen 41,Tienda 79,17,3,360
Almacen 41,Tienda 80,3,52,470
Almacen 41,Tienda 81,83,30,299
Almacen 41,Tienda 82,5,76,254
Almacen 41,Tienda 83,61,87,180
Almacen 41,Tienda 84,42,96,216
Almacen 41,Tienda 85,34,26,155
Almacen 41,Tienda 86,60,44,499
Almacen 41,Tienda 87,42,28,103
Almacen 41,Tienda 88,91,49,231
Almacen 41,Tienda 89,24,91,297
Almacen 41,Tienda 90,75,49,444
Almacen 41,Tienda 91,34,15,250
Almacen 41,Tienda 92,31,34,467
Almacen 41,Tienda 93,31,53,85
Almacen 41,Tienda 94,31,45,296
Almacen 41,Tienda 95,10,21,83
Almacen 41,Tienda 96,30,69,99
Almacen 41,Tienda 97,48,96,174
Almacen 41,Tienda 98,64,86,342
Almacen 41,Tienda 99,53,48,131
Almacen 42,Tienda 0,71,79,463
Almacen 42,Tienda 1,76,51,148
Almacen 42,Tienda 2,54,46,39
Almacen 42,Tienda 3,97,82,12
Almacen 42,Tienda 4,74,30,365
Almacen 42,Tienda 5,83,39,111
Almacen 42,Tienda 6,67,77,96
Almacen 42,Tienda 7,81,36,312
Almacen 42,Tienda 8,88,8,267
Almacen 42,Tienda 9,40,23,399
Almacen 42,Tienda 10,26,5,67
Almacen 42,Tienda 11,81,15,444
Almacen 42,Tienda 12,7,28,483
Almacen 42,Tienda 13,59,45,462
Almacen 42,Tienda 14,19,47,251
Almacen 42,Tienda 15,84,92,351
Almacen 42,Tienda 16,98,15,87
Almacen 42,Tienda 17,94,18,79
Almacen 42,Tienda 18,36,22,378
Almacen 42,Tienda 19,83,7,14
Almacen 42,Tienda 20,62,35,90
Almacen 42,Tienda 21,57,15,109
Almacen 42,Tienda 22,18,90,182
Almacen 42,Tienda 23,9,60,355
Almacen 42,Tienda 24,40,48,409
Almacen 42,Tienda 25,46,85,138
Almacen 42,Tienda 26,26,43,353
Almacen 42,Tienda 27,21,35,479
Almacen 42,Tienda 28,50,45,481
Almacen 42,Tienda 29,100,23,328
Almacen 42,Tienda 30,100,24,154
Almacen 42,Tienda 31,57,36,73
Almacen 42,Tienda 32,79,91,439
Almacen 42,Tienda 33,10,49,319
Almacen 42,Tienda 34,35,75,155
Almacen 42,Tienda 35,77,88,164
Almacen 42,Tienda 36,45,55,244
Almacen 42,Tienda 37,16,63,492
Almacen 42,Tienda 38,99,29,316
Almacen 42,Tienda 39,57,42,283
Almacen 42,Tienda 40,41,60,457
Almacen 42,Tienda 41,56,87,73
Almacen 42,Tienda 42,31,89,262
Almacen 42,Tienda 43,1,20,79
Almacen 42,Tienda 44,60,59,443
Almacen 42,Tienda 45,89,40,199
Almacen 42,Tienda 46,70,29,142
Almacen 42,Tienda 47,87,52,226
Almacen 42,Tienda 48,14,93,255
Almacen 42,Tienda 49,100,5,329
Almacen 42,Tienda 50,20,2,245
Almacen 42,Tienda 51,27,62,435
Almacen 42,Tienda 52,52,67,352
Almacen 42,Tienda 53,47,29,311
Almacen 42,Tienda 54,27,65,200
Almacen 42,Tienda 55,19,77,314
Almacen 42,Tienda 56,58,42,247
Almacen 42,Tienda 57,37,64,368
Almacen 42,Tienda 58,97,84,476
Almacen 42,Tienda 59,36,49,200
Almacen 42,Tienda 60,94,37,165
Almacen 42,Tienda 61,83,38,54
Almacen 42,Tienda 62,48,7,114
Almacen 42,Tienda 63,56,18,197
Almacen 42,Tienda 64,82,15,224
Almacen 42,Tienda 65,70,19,411
Almacen 42,Tienda 66,43,82,27
Almacen 42,Tienda 67,32,60,206
Almacen 42,Tienda 68,88,27,52
Almacen 42,Tienda 69,8,23,238
Almacen 42,Tienda 70,43,44,78
Almacen 42,Tienda 71,31,58,292
Almacen 42,Tienda 72,62,6,128
Almacen 42,Tienda 73,62,83,205
Almacen 42,Tienda 74,1,25,197
Almacen 42,Tienda 75,1,31,310
Almacen 42,Tienda 76,45,70,19
Almacen 42,Tienda 77,70,67,277
Almacen 42,Tienda 78,90,6,77
Almacen 42,Tienda 79,76,50,263
Almacen 42,Tienda 80,36,75,331
Almacen 42,Tienda 81,12,80,308
Almacen 42,Tienda 82,66,80,264
Almacen 42,Tienda 83,28,89,488
Almacen 42,Tienda 84,92,34,315
Almacen 42,Tienda 85,2,39,487
Almacen 42,Tienda 86,25,91,394
Almacen 42,Tienda 87,62,96,11
Almacen 42,Tienda 88,74,74,83
Almacen 42,Tienda 89,5,17,396
Almacen 42,Tienda 90,29,75,498
Almacen 42,Tienda 91,13,37,266
Almacen 42,Tienda 92,85,41,122
Almacen 42,Tienda 93,40,5,172
Almacen 42,Tienda 94,74,97,65
Almacen 42,Tienda 95,87,78,275
Almacen 42,Tienda 96,35,46,148
Almacen 42,Tienda 97,85,34,238
Almacen 42,Tienda 98,63,26,248
Almacen 42,Tienda 99,42,60,234
Almacen 44,Tienda 0,95,79,435
Almacen 44,Tienda 1,33,17,18
Almacen 44,Tienda 2,90,67,298
Almacen 44,Tienda 3,6,36,43
Almacen 44,Tienda 4,54,59,224
Almacen 44,Tienda 5,90,69,51
Almacen 44,Tienda 6,70,81,282
Almacen 44,Tienda 7,10,97,326
Almacen 44,Tienda 8,76,20,88
Almacen 44,Tienda 9,38,21,153
Almacen 44,Tienda 10,37,46,218
Almacen 44,Tienda 11,89,10,152
Almacen 44,Tienda 12,72,39,457
Almacen 44,Tienda 13,33,42,346
Almacen 44,Tienda 14,81,40,299
Almacen 44,Tienda 15,12,21,171
Almacen 44,Tienda 16,45,60,397
Almacen 44,Tienda 17,43,12,164
Almacen 44,Tienda 18,40,53,115
Almacen 44,Tienda 19,71,40,63
Almacen 44,Tienda 20,78,7,187
Almacen 44,Tienda 21,9,3,331
Almacen 44,Tienda 22,8,34,347
Almacen 44,Tienda 23,36,43,209
Almacen 44,Tienda 24,76,69,340
Almacen 44,Tienda 25,88,55,190
Almacen 44,Tienda 26,47,13,206
Almacen 44,Tienda 27,79,17,288
Almacen 44,Tienda 28,58,29,269
Almacen 44,Tienda 29,93,76,371
Almacen 44,Tienda 30,82,21,315
Almacen 44,Tienda 31,35,97,383
Almacen 44,Tienda 32,76,28,126
Almacen 44,Tienda 33,91,36,159
Almacen 44,Tienda 34,55,42,220
Almacen 44,Tienda 35,96,58,60
Almacen 44,Tienda 36,89,36,101
Almacen 44,Tienda 37,49,49,226
Almacen 44,Tienda 38,95,23,443
Almacen 44,Tienda 39,91,15,204
Almacen 44,Tienda 40,37,51,361
Almacen 44,Tienda 41,27,79,398
Almacen 44,Tienda 42,23,77,498
Almacen 44,Tienda 43,70,29,358
Almacen 44,Tienda 44,85,26,314
Almacen 44,Tienda 45,28,34,165
Almacen 44,Tienda 46,5,9,248
Almacen 44,Tienda 47,86,69,104
Almacen 44,Tienda 48,59,33,40
Almacen 44,Tienda 49,92,61,37
Almacen 44,Tienda 50,36,74,409
Almacen 44,Tienda 51,16,6,354
Almacen 44,Tienda 52,8,61,358
Almacen 44,Tienda 53,3,78,283
Almacen 44,Tienda 54,20,20,348
Almacen 44,Tienda 55,53,86,316
Almacen 44,Tienda 56,68,96,231
Almacen 44,Tienda 57,6,31,276
Almacen 44,Tienda 58,97,1,247
Almacen 44,Tienda 59,31,38,256
Almacen 44,Tienda 60,17,6,349
Almacen 44,Tienda 61,83,81,315
Almacen 44,Tienda 62,68,24,279
Almacen 44,Tienda 63,78,57,278
Almacen 44,Tienda 64,8,99,362
Almacen 44,Tienda 65,93,74,367
Almacen 44,Tienda 66,50,45,37
Almacen 44,Tienda 67,61,34,106
Almacen 44,Tienda 68,96,63,116
Almacen 44,Tienda 69,73,71,102
Almacen 44,Tienda 70,61,69,179
Almacen 44,Tienda 71,25,88,341
Almacen 44,Tienda 72,53,78,257
Almacen 44,Tienda 73,55,13,496
Almacen 44,Tienda 74,68,79,14
Almacen 44,Tienda 75,3,26,207
Almacen 44,Tienda 76,42,22,318
Almacen 44,Tienda 77,7,48,137
Almacen 44,Tienda 78,56,7,55
Almacen 44,Tienda 79,84,35,116
Almacen 44,Tienda 80,71,21,283
Almacen 44,Tienda 81,99,38,189
Almacen 44,Tienda 82,84,46,85
Almacen 44,Tienda 83,27,34,425
Almacen 44,Tienda 84,14,62,324
Almacen 44,Tienda 85,88,34,429
Almacen 44,Tienda 86,78,87,252
Almacen 44,Tienda 87,51,19,199
Almacen 44,Tienda 88,97,98,169
Almacen 44,Tienda 89,83,6,356
Almacen 44,Tienda 90,15,42,263
Almacen 44,Tienda 91,40,57,312
Almacen 44,Tienda 92,72,21,81
Almacen 44,Tienda 93,74,12,140
Almacen 44,Tienda 94,16,35,283
Almacen 44,Tienda 95,15,48,377
Almacen 44,Tienda 96,78,77,128
Almacen 44,Tienda 97,28,35,314
Almacen 44,Tienda 98,7,83,32
Almacen 44,Tienda 99,36,70,434
Almacen 46,Tienda 0,90,43,332
Almacen 46,Tienda 1,44,76,272
Almacen 46,Tienda 2,44,61,327
Almacen 46,Tienda 3,44,98,347
Almacen 46,Tienda 4,12,72,352
Almacen 46,Tienda 5,32,82,259
Almacen 46,Tienda 6,13,6,383
Almacen 46,Tienda 7,52,57,395
Almacen 46,Tienda 8,32,7,149
Almacen 46,Tienda 9,5,40,248
Almacen 46,Tienda 10,19,14,227
Almacen 46,Tienda 11,80,40,441
Almacen 46,Tienda 12,49,91,396
Almacen 46,Tienda 13,96,59,285
Almacen 46,Tienda 14,44,96,216
Almacen 46,Tienda 15,19,90,468
Almacen 46,Tienda 16,31,89,443
Almacen 46,Tienda 17,81,87,218
Almacen 46,Tienda 18,27,26,320
Almacen 46,Tienda 19,74,21,385
Almacen 46,Tienda 20,44,63,465
Almacen 46,Tienda 21,44,39,106
Almacen 46,Tienda 22,85,92,144
Almacen 46,Tienda 23,44,69,493
Almacen 46,Tienda 24,21,82,253
Almacen 46,Tienda 25,31,47,456
Almacen 46,Tienda 26,36,15,222
Almacen 46,Tienda 27,75,56,220
Almacen 46,Tienda 28,60,88,291
Almacen 46,Tienda 29,38,67,144
Almacen 46,Tienda 30,57,59,129
Almacen 46,Tienda 31,17,70,98
Almacen 46,Tienda 32,56,75,461
Almacen 46,Tienda 33,94,64,371
Almacen 46,Tienda 34,67,7,90
Almacen 46,Tienda 35,27,5,271
Almacen 46,Tienda 36,72,86,139
Almacen 46,Tienda 37,80,67,283
Almacen 46,Tienda 38,87,6,181
Almacen 46,Tienda 39,9,53,259
Almacen 46,Tienda 40,64,4,123
Almacen 46,Tienda 41,93,81,294
Almacen 46,Tienda 42,55,13,431
Almacen 46,Tienda 43,20,26,295
Almacen 46,Tienda 44,48,58,215
Almacen 46,Tienda 45,64,58,11
Almacen 46,Tienda 46,99,77,489
Almacen 46,Tienda 47,24,45,40
Almacen 46,Tienda 48,83,67,84
Almacen 46,Tienda 49,27,58,104
Almacen 46,Tienda 50,62,6,400
Almacen 46,Tienda 51,34,47,441
Almacen 46,Tienda 52,91,99,387
Almacen 46,Tienda 53,29,34,278
Almacen 46,Tienda 54,92,16,5
Almacen 46,Tienda 55,100,21,24
Almacen 46,Tienda 56,67,92,309
Almacen 46,Tienda 57,43,23,365
Almacen 46,Tienda 58,21,30,229
Almacen 46,Tienda 59,93,3,31
Almacen 46,Tienda 60,69,50,49
Almacen 46,Tienda 61,20,18,296
Almacen 46,Tienda 62,61,36,124
Almacen 46,Tienda 63,92,22,38
Almacen 46,Tienda 64,49,66,461
Almacen 46,Tienda 65,95,59,35
Almacen 46,Tienda 66,11,82,319
Almacen 46,Tienda 67,52,76,359
Almacen 46,Tienda 68,65,56,285
Almacen 46,Tienda 69,13,27,440
Almacen 46,Tienda 70,11,50,125
Almacen 46,Tienda 71,78,87,416
Almacen 46,Tienda 72,46,17,427
Almacen 46,Tienda 73,17,84,27
Almacen 46,Tienda 74,31,38,98
Almacen 46,Tienda 75,70,60,50
Almacen 46,Tienda 76,82,60,43
Almacen 46,Tienda 77,84,48,140
Almacen 46,Tienda 78,8,13,231
Almacen 46,Tienda 79,16,1,340
Almacen 46,Tienda 80,51,2,288
Almacen 46,Tienda 81,36,51,190
Almacen 46,Tienda 82,83,87,409
Almacen 46,Tienda 83,9,61,271
Almacen 46,Tienda 84,84,88,270
Almacen 46,Tienda 85,20,5,491
Almacen 46,Tienda 86,61,72,407
Almacen 46,Tienda 87,87,10,440
Almacen 46,Tienda 88,52,15,488
Almacen 46,Tienda 89,94,30,16
Almacen 46,Tienda 90,35,15,182
Almacen 46,Tienda 91,92,12,231
Almacen 46,Tienda 92,93,24,249
Almacen 46,Tienda 93,93,97,72
Almacen 46,Tienda 94,86,62,85
Almacen 46,Tienda 95,80,3,208
Almacen 46,Tienda 96,26,82,232
Almacen 46,Tienda 97,27,93,218
Almacen 46,Tienda 98,22,17,234
Almacen 46,Tienda 99,10,7,79
Almacen 47,Tienda 0,80,89,295
Almacen 47,Tienda 1,62,63,184
Almacen 47,Tienda 2,70,81,319
Almacen 47,Tienda 3,78,32,337
Almacen 47,Tienda 4,42,37,264
Almacen 47,Tienda 5,21,85,92
Almacen 47,Tienda 6,97,78,279
Almacen 47,Tienda 7,83,84,259
Almacen 47,Tienda 8,6,67,481
Almacen 47,Tienda 9,69,43,361
Almacen 47,Tienda 10,74,33,108
Almacen 47,Tienda 11,75,54,328
Almacen 47,Tienda 12,61,7,213
Almacen 47,Tienda 13,7,38,465
Almacen 47,Tienda 14,90,85,214
Almacen 47,Tienda 15,65,49,206
Almacen 47,Tienda 16,72,30,230
Almacen 47,Tienda 17,56,36,63
Almacen 47,Tienda 18,81,51,290
Almacen 47,Tienda 19,69,76,128
Almacen 47,Tienda 20,14,18,363
Almacen 47,Tienda 21,7,70,472
Almacen 47,Tienda 22,34,54,408
Almacen 47,Tienda 23,52,27,367
Almacen 47,Tienda 24,27,83,262
Almacen 47,Tienda 25,29,98,328
Almacen 47,Tienda 26,23,70,316
Almacen 47,Tienda 27,66,99,228
Almacen 47,Tienda 28,97,75,218
Almacen 47,Tienda 29,89,59,220
Almacen 47,Tienda 30,86,7,163
Almacen 47,Tienda 31,51,73,366
Almacen 47,Tienda 32,41,72,130
Almacen 47,Tienda 33,65,20,222
Almacen 47,Tienda 34,38,23,93
Almacen 47,Tienda 35,74,47,252
Almacen 47,Tienda 36,98,11,496
Almacen 47,Tienda 37,88,44,497
Almacen 47,Tienda 38,50,73,250
Almacen 47,Tienda 39,1,12,397
Almacen 47,Tienda 40,18,43,44
Almacen 47,Tienda 41,87,96,187
Almacen 47,Tienda 42,41,51,255
Almacen 47,Tienda 43,83,78,114
Almacen 47,Tienda 44,33,42,150
Almacen 47,Tienda 45,60,91,381
Almacen 47,Tienda 46,78,86,119
Almacen 47,Tienda 47,66,29,396
Almacen 47,Tienda 48,79,36,189
Almacen 47,Tienda 49,81,56,325
Almacen 47,Tienda 50,87,8,376
Almacen 47,Tienda 51,69,46,350
Almacen 47,Tienda 52,93,6,224
Almacen 47,Tienda 53,96,81,476
Almacen 47,Tienda 54,44,15,9
Almacen 47,Tienda 55,79,30,215
Almacen 47,Tienda 56,57,82,463
Almacen 47,Tienda 57,29,1,106
Almacen 47,Tienda 58,21,1,29
Almacen 47,Tienda 59,29,70,57
Almacen 47,Tienda 60,86,12,122
Almacen 47,Tienda 61,56,5,286
Almacen 47,Tienda 62,55,66,405
Almacen 47,Tienda 63,49,90,281
Almacen 47,Tienda 64,63,5,178
Almacen 47,Tienda 65,54,14,385
Almacen 47,Tienda 66,88,73,320
Almacen 47,Tienda 67,94,81,299
Almacen 47,Tienda 68,20,66,423
Almacen 47,Tienda 69,8,45,215
Almacen 47,Tienda 70,47,75,355
Almacen 47,Tienda 71,14,75,451
Almacen 47,Tienda 72,39,67,285
Almacen 47,Tienda 73,21,90,251
Almacen 47,Tienda 74,92,76,49
Almacen 47,Tienda 75,23,81,372
Almacen 47,Tienda 76,18,1,357
Almacen 47,Tienda 77,81,60,66
Almacen 47,Tienda 78,83,28,259
Almacen 47,Tienda 79,19,8,486
Almacen 47,Tienda 80,29,33,50
Almacen 47,Tienda 81,23,72,263
Almacen 47,Tienda 82,25,100,165
Almacen 47,Tienda 83,24,31,439
Almacen 47,Tienda 84,12,46,291
Almacen 47,Tienda 85,97,70,399
Almacen 47,Tienda 86,22,80,167
Almacen 47,Tienda 87,90,54,236
Almacen 47,Tienda 88,44,16,460
Almacen 47,Tienda 89,32,83,235
Almacen 47,Tienda 90,68,94,452
Almacen 47,Tienda 91,85,28,53
Almacen 47,Tienda 92,37,95,303
Almacen 47,Tienda 93,29,95,172
Almacen 47,Tienda 94,87,50,234
Almacen 47,Tienda 95,71,52,389
Almacen 47,Tienda 96,49,39,286
Almacen 47,Tienda 97,67,4,67
Almacen 47,Tienda 98,97,49,356
Almacen 47,Tienda 99,45,91,244
Almacen 48,Tienda 0,33,7,372
Almacen 48,Tienda 1,37,61,422
Almacen 48,Tienda 2,24,73,493
Almacen 48,Tienda 3,34,12,476
Almacen 48,Tienda 4,81,6,117
Almacen 48,Tienda 5,24,7,136
Almacen 48,Tienda 6,25,92,403
Almacen 48,Tienda 7,42,30,447
Almacen 48,Tienda 8,13,80,338
Almacen 48,Tienda 9,59,75,395
Almacen 48,Tienda 10,67,29,190
Almacen 48,Tienda 11,100,23,313
Almacen 48,Tienda 12,89,61,120
Almacen 48,Tienda 13,35,24,92
Almacen 48,Tienda 14,66,75,251
Almacen 48,Tienda 15,11,59,198
Almacen 48,Tienda 16,65,45,198
Almacen 48,Tienda 17,67,4,80
Almacen 48,Tienda 18,6,71,288
Almacen 48,Tienda 19,56,77,229
Almacen 48,Tienda 20,31,78,137
Almacen 48,Tienda 21,79,24,428
Almacen 48,Tienda 22,5,4,314
Almacen 48,Tienda 23,43,96,245
Almacen 48,Tienda 24,11,42,216
Almacen 48,Tienda 25,86,71,253
Almacen 48,Tienda 26,63,62,110
Almacen 48,Tienda 27,79,56,183
Almacen 48,Tienda 28,80,10,302
Almacen 48,Tienda 29,25,15,433
Almacen 48,Tienda 30,36,41,238
Almacen 48,Tienda 31,86,39,267
Almacen 48,Tienda 32,13,87,360
Almacen 48,Tienda 33,35,44,384
Almacen 48,Tienda 34,91,16,202
Almacen 48,Tienda 35,21,6,470
Almacen 48,Tienda 36,77,85,479
Almacen 48,Tienda 37,49,46,69
Almacen 48,Tienda 38,40,83,405
Almacen 48,Tienda 39,16,83,90
Almacen 48,Tienda 40,90,8,333
Almacen 48,Tienda 41,54,47,409
Almacen 48,Tienda 42,98,47,459
Almacen 48,Tienda 43,6,39,40
Almacen 48,Tienda 44,50,44,461
Almacen 48,Tienda 45,89,90,123
Almacen 48,Tienda 46,1,17,81
Almacen 48,Tienda 47,50,67,160
Almacen 48,Tienda 48,3,3,73
Almacen 48,Tienda 49,96,65,63
Almacen 48,Tienda 50,57,45,107
Almacen 48,Tienda 51,10,89,165
Almacen 48,Tienda 52,94,25,408
Almacen 48,Tienda 53,40,81,420
Almacen 48,Tienda 54,100,67,9
Almacen 48,Tienda 55,18,99,72
Almacen 48,Tienda 56,82,75,21
Almacen 48,Tienda 57,26,74,117
Almacen 48,Tienda 58,97,18,374
Almacen 48,Tienda 59,65,71,284
Almacen 48,Tienda 60,38,89,459
Almacen 48,Tienda 61,48,99,364
Almacen 48,Tienda 62,100,11,489
Almacen 48,Tienda 63,6,93,69
Almacen 48,Tienda 64,61,14,262
Almacen 48,Tienda 65,17,72,470
Almacen 48,Tienda 66,59,48,240
Almacen 48,Tienda 67,65,41,42
Almacen 48,Tienda 68,23,83,294
Almacen 48,Tienda 69,81,20,306
Almacen 48,Tienda 70,25,27,300
Almacen 48,Tienda 71,88,60,455
Almacen 48,Tienda 72,52,54,66
Almacen 48,Tienda 73,97,35,295
Almacen 48,Tienda 74,39,87,127
Almacen 48,Tienda 75,65,34,219
Almacen 48,Tienda 76,56,57,222
Almacen 48,Tienda 77,74,49,266
Almacen 48,Tienda 78,100,73,126
Almacen 48,Tienda 79,13,79,395
Almacen 48,Tienda 80,55,51,262
Almacen 48,Tienda 81,10,92,89
Almacen 48,Tienda 82,96,28,117
Almacen 48,Tienda 83,46,14,440
Almacen 48,Tienda 84,6,96,293
Almacen 48,Tienda 85,79,24,449
Almacen 48,Tienda 86,6,87,401
Almacen 48,Tienda 87,10,2,76
Almacen 48,Tienda 88,28,88,307
Almacen 48,Tienda 89,43,17,101
Almacen 48,Tienda 90,89,11,239
Almacen 48,Tienda 91,28,82,186
Almacen 48,Tienda 92,18,2,460
Almacen 48,Tienda 93,58,49,355
Almacen 48,Tienda 94,61,53,162
Almacen 48,Tienda 95,67,30,305
Almacen 48,Tienda 96,21,78,362
Almacen 48,Tienda 97,96,92,291
Almacen 48,Tienda 98,28,53,24
Almacen 48,Tienda 99,60,30,462
Almacen 49,Tienda 0,14,5,292
Almacen 49,Tienda 1,31,81,33
Almacen 49,Tienda 2,48,1,486
Almacen 49,Tienda 3,86,52,252
Almacen 49,Tienda 4,28,48,123
Almacen 49,Tienda 5,98,22,270
Almacen 49,Tienda 6,98,41,476
Almacen 49,Tienda 7,84,29,114
Almacen 49,Tienda 8,32,82,433
Almacen 49,Tienda 9,65,29,383
Almacen 49,Tienda 10,77,3,85
Almacen 49,Tienda 11,31,32,203
Almacen 49,Tienda 12,70,57,271
Almacen 49,Tienda 13,57,38,169
Almacen 49,Tienda 14,69,63,186
Almacen 49,Tienda 15,99,49,243
Almacen 49,Tienda 16,92,55,249
Almacen 49,Tienda 17,15,82,148
Almacen 49,Tienda 18,35,92,261
Almacen 49,Tienda 19,12,9,147
Almacen 49,Tienda 20,84,90,256
Almacen 49,Tienda 21,9,89,204
Almacen 49,Tienda 22,51,91,394
Almacen 49,Tienda 23,72,16,193
Almacen 49,Tienda 24,30,72,291
Almacen 49,Tienda 25,86,32,306
Almacen 49,Tienda 26,8,87,129
Almacen 49,Tienda 27,72,89,451
Almacen 49,Tienda 28,17,73,264
Almacen 49,Tienda 29,57,84,89
Almacen 49,Tienda 30,24,41,309
Almacen 49,Tienda 31,48,41,420
Almacen 49,Tienda 32,39,57,338
Almacen 49,Tienda 33,72,37,159
Almacen 49,Tienda 34,16,57,174
Almacen 49,Tienda 35,55,48,40
Almacen 49,Tienda 36,51,95,299
Almacen 49,Tienda 37,70,48,275
Almacen 49,Tienda 38,73,31,317
Almacen 49,Tienda 39,85,51,492
Almacen 49,Tienda 40,38,6,315
Almacen 49,Tienda 41,1,31,341
Almacen 49,Tienda 42,50,37,433
Almacen 49,Tienda 43,80,63,423
Almacen 49,Tienda 44,20,91,464
Almacen 49,Tienda 45,82,30,328
Almacen 49,Tienda 46,2,50,94
Almacen 49,Tienda 47,5,40,455
Almacen 49,Tienda 48,31,12,67
Almacen 49,Tienda 49,29,41,206
Almacen 49,Tienda 50,39,30,80
Almacen 49,Tienda 51,73,71,430
Almacen 49,Tienda 52,9,83,148
Almacen 49,Tienda 53,97,34,37
Almacen 49,Tienda 54,28,26,34
Almacen 49,Tienda 55,73,38,186
Almacen 49,Tienda 56,81,75,357
Almacen 49,Tienda 57,68,79,499
Almacen 49,Tienda 58,55,71,105
Almacen 49,Tienda 59,73,29,349
Almacen 49,Tienda 60,40,60,224
Almacen 49,Tienda 61,22,38,283
Almacen 49,Tienda 62,65,1,298
Almacen 49,Tienda 63,71,58,88
Almacen 49,Tienda 64,2,78,452
Almacen 49,Tienda 65,68,76,500
Almacen 49,Tienda 66,82,88,476
Almacen 49,Tienda 67,75,22,264
Almacen 49,Tienda 68,10,30,291
Almacen 49,Tienda 69,1,56,9
Almacen 49,Tienda 70,32,17,372
Almacen 49,Tienda 71,39,4,93
Almacen 49,Tienda 72,63,65,229
Almacen 49,Tienda 73,5,22,84
Almacen 49,Tienda 74,1,66,333
Almacen 49,Tienda 75,35,99,129
Almacen 49,Tienda 76,84,80,338
Almacen 49,Tienda 77,16,88,221
Almacen 49,Tienda 78,41,46,140
Almacen 49,Tienda 79,28,43,292
Almacen 49,Tienda 80,77,32,261
Almacen 49,Tienda 81,55,97,21
Almacen 49,Tienda 82,43,43,330
Almacen 49,Tienda 83,34,100,296
Almacen 49,Tienda 84,98,94,496
Almacen 49,Tienda 85,19,66,76
Almacen 49,Tienda 86,43,12,54
Almacen 49,Tienda 87,68,87,443
Almacen 49,Tienda 88,40,80,27
Almacen 49,Tienda 89,12,14,402
Almacen 49,Tienda 90,100,8,17
Almacen 49,Tienda 91,99,61,388
Almacen 49,Tienda 92,49,31,6
Almacen 49,Tienda 93,74,78,320
Almacen 49,Tienda 94,74,25,396
Almacen 49,Tienda 95,62,34,408
Almacen 49,Tienda 96,2,39,109
Almacen 49,Tienda 97,7,18,383
Almacen 49,Tienda 98,1,4,294
Almacen 49,Tienda 99,54,12,142
