empresa,producto,costo,horasTomaPedidos,distribuidoDesde
Empresa 192,Producto 0,13.79,8-15,2019-08-22
Empresa 85,Producto 1,28.79,7-13,2017-10-04
Empresa 80,Producto 2,39.05,7-13,2017-03-10
Empresa 53,Producto 3,6.53,8-17,2017-04-26
Empresa 177,Producto 4,23.92,8-17,2015-07-26
Empresa 20,Producto 5,49.99,8-17,2016-05-15
Empresa 85,Producto 6,45.65,8-17,2015-02-26
Empresa 191,Producto 7,24.87,10-17,2019-10-24
Empresa 140,Producto 8,21.87,8-15,2017-06-06
Empresa 158,Producto 9,28.63,8-17,2019-09-24
Empresa 127,Producto 10,17.93,9-18,2019-09-18
Empresa 7,Producto 11,10.45,9-18,2017-01-26
Empresa 89,Producto 12,29.31,8-17,2017-08-02
Empresa 142,Producto 13,34.84,10-17,2017-08-04
Empresa 114,Producto 14,22.68,7-13,2017-08-16
Empresa 155,Producto 15,32.34,8-15,2015-05-29
Empresa 46,Producto 16,47.55,10-17,2016-07-02
Empresa 160,Producto 17,48.67,9-18,2018-01-26
Empresa 55,Producto 18,3.41,8-15,2017-01-19
Empresa 142,Producto 19,40.21,8-17,2019-08-31
Empresa 56,Producto 20,33.97,10-17,2019-05-28
Empresa 109,Producto 21,22.01,9-18,2016-12-01
Empresa 138,Producto 22,31.74,10-17,2019-03-29
Empresa 142,Producto 23,21.99,7-13,2015-02-20
Empresa 61,Producto 24,40.65,8-17,2015-12-18
Empresa 103,Producto 25,30.13,10-17,2018-10-29
Empresa 95,Producto 26,30.56,9-18,2019-04-27
Empresa 85,Producto 27,13.71,8-15,2018-02-05
Empresa 85,Producto 28,12.25,9-18,2016-11-06
Empresa 6,Producto 29,19.08,8-17,2018-01-20
Empresa 36,Producto 30,28.22,8-15,2016-01-17
Empresa 64,Producto 31,43.13,8-17,2015-05-08
Empresa 112,Producto 32,4.77,9-18,2016-06-29
Empresa 89,Producto 33,40.03,7-13,2015-05-03
Empresa 196,Producto 34,39.75,9-18,2016-06-10
Empresa 189,Producto 35,35.82,8-17,2015-01-23
Empresa 102,Producto 36,38.0,8-17,2019-10-06
Empresa 14,Producto 37,24.0,7-13,2017-12-06
Empresa 21,Producto 38,49.77,8-15,2018-12-28
Empresa 53,Producto 39,10.12,9-18,2018-04-21
Empresa 30,Producto 40,3.63,8-17,2018-08-07
Empresa 177,Producto 41,49.23,9-18,2019-01-15
Empresa 32,Producto 42,22.93,10-17,2016-03-17
Empresa 162,Producto 43,11.94,8-15,2018-12-08
Empresa 196,Producto 44,25.91,10-17,2019-10-29
Empresa 88,Producto 45,36.24,7-13,2016-01-02
Empresa 158,Producto 46,49.69,10-17,2019-11-11
Empresa 6,Producto 47,25.96,8-17,2016-09-18
Empresa 50,Producto 48,14.53,7-13,2018-06-05
Empresa 158,Producto 49,17.03,9-18,2016-03-23
Empresa 160,Producto 50,37.51,10-17,2016-10-05
Empresa 52,Producto 51,28.04,8-15,2018-12-14
Empresa 90,Producto 52,31.07,8-17,2016-11-30
Empresa 112,Producto 53,2.65,8-15,2015-08-12
Empresa 110,Producto 54,42.26,9-18,2017-09-28
Empresa 77,Producto 55,36.86,10-17,2019-06-14
Empresa 162,Producto 56,35.21,7-13,2015-06-10
Empresa 17,Producto 57,44.64,8-17,2015-07-02
Empresa 188,Producto 58,24.33,9-18,2017-07-04
Empresa 67,Producto 59,9.77,9-18,2019-09-07
Empresa 32,Producto 60,13.96,8-17,2016-09-23
Empresa 74,Producto 61,14.0,9-18,2016-04-12
Empresa 142,Producto 62,37.41,9-18,2019-02-28
Empresa 156,Producto 63,35.27,10-17,2018-02-02
Empresa 55,Producto 64,1.61,10-17,2017-05-03
Empresa 195,Producto 65,35.73,9-18,2018-09-22
Empresa 132,Producto 66,40.26,8-17,2018-04-15
Empresa 53,Producto 67,17.32,9-18,2017-01-15
Empresa 164,Producto 68,2.51,8-17,2016-12-08
Empresa 50,Producto 69,19.75,9-18,2016-02-29
Empresa 191,Producto 70,45.31,10-17,2015-03-21
Empresa 33,Producto 71,6.05,10-17,2017-04-04
Empresa 57,Producto 72,2.58,9-18,2019-03-05
Empresa 57,Producto 73,8.55,8-17,2018-07-05
Empresa 95,Producto 74,21.78,8-17,2016-05-01
Empresa 162,Producto 75,4.27,10-17,2018-06-01
Empresa 89,Producto 76,3.98,10-17,2018-03-24
Empresa 40,Producto 77,8.67,9-18,2015-11-28
Empresa 195,Producto 78,46.18,9-18,2018-11-29
Empresa 21,Producto 79,26.59,10-17,2018-04-19
Empresa 4,Producto 80,26.53,7-13,2019-06-29
Empresa 91,Producto 81,44.64,8-17,2017-11-04
Empresa 138,Producto 82,35.12,10-17,2019-08-07
Empresa 144,Producto 83,4.22,9-18,2018-04-08
Empresa 29,Producto 84,4.11,10-17,2016-07-14
Empresa 17,Producto 85,19.35,8-17,2019-03-29
Empresa 151,Producto 86,32.35,9-18,2016-02-11
Empresa 118,Producto 87,28.66,8-15,2016-08-02
Empresa 157,Producto 88,14.05,9-18,2018-03-09
Empresa 101,Producto 89,19.79,8-15,2018-06-15
Empresa 51,Producto 90,32.23,8-17,2017-04-08
Empresa 164,Producto 91,6.95,8-17,2015-03-08
Empresa 75,Producto 92,47.94,9-18,2016-12-16
Empresa 51,Producto 93,39.14,8-15,2017-01-05
Empresa 0,Producto 94,9.36,8-15,2016-04-15
Empresa 25,Producto 95,22.64,7-13,2019-04-24
Empresa 36,Producto 96,10.49,8-15,2017-11-16
Empresa 60,Producto 97,20.28,10-17,2016-02-23
Empresa 6,Producto 98,23.0,8-15,2016-02-18
Empresa 127,Producto 99,30.87,8-15,2019-01-07
Empresa 69,Producto 100,47.14,10-17,2018-01-12
Empresa 7,Producto 101,32.88,8-17,2017-05-03
Empresa 191,Producto 102,8.0,9-18,2015-12-04
Empresa 46,Producto 103,27.26,7-13,2019-03-05
Empresa 135,Producto 104,23.86,9-18,2015-03-13
Empresa 188,Producto 105,37.18,8-17,2019-03-21
Empresa 110,Producto 106,32.78,7-13,2015-05-30
Empresa 120,Producto 107,28.71,9-18,2015-02-22
Empresa 21,Producto 108,8.77,8-17,2015-09-25
Empresa 7,Producto 109,42.93,7-13,2015-02-07
Empresa 88,Producto 110,19.73,9-18,2015-09-14
Empresa 25,Producto 111,45.89,7-13,2018-04-14
Empresa 69,Producto 112,48.98,10-17,2018-05-19
Empresa 151,Producto 113,20.21,8-15,2018-06-13
Empresa 36,Producto 114,6.32,9-18,2017-12-02
Empresa 192,Producto 115,6.79,8-15,2018-08-20
Empresa 144,Producto 116,45.91,8-17,2019-07-09
Empresa 199,Producto 117,23.98,7-13,2019-08-31
Empresa 55,Producto 118,47.84,8-17,2015-04-16
Empresa 196,Producto 119,35.62,10-17,2019-08-13
Empresa 111,Producto 120,31.36,8-15,2018-01-28
Empresa 69,Producto 121,16.6,8-17,2018-07-28
Empresa 7,Producto 122,14.92,7-13,2015-08-01
Empresa 81,Producto 123,40.38,8-17,2017-09-04
Empresa 199,Producto 124,22.86,10-17,2019-05-11
Empresa 90,Producto 125,46.38,9-18,2019-03-24
Empresa 65,Producto 126,33.26,8-17,2019-02-05
Empresa 90,Producto 127,46.79,7-13,2017-06-19
Empresa 68,Producto 128,24.09,8-17,2019-09-02
Empresa 185,Producto 129,27.23,10-17,2018-12-02
Empresa 144,Producto 130,7.28,10-17,2017-08-18
Empresa 90,Producto 131,9.14,9-18,2018-03-27
Empresa 192,Producto 132,36.86,9-18,2016-06-07
Empresa 60,Producto 133,13.88,10-17,2019-10-10
Empresa 155,Producto 134,22.9,9-18,2016-04-27
Empresa 77,Producto 135,10.67,7-13,2017-10-30
Empresa 127,Producto 136,49.92,9-18,2015-03-06
Empresa 90,Producto 137,28.29,8-15,2016-07-11
Empresa 64,Producto 138,42.8,10-17,2015-01-08
Empresa 199,Producto 139,24.39,8-15,2018-10-29
Empresa 185,Producto 140,9.11,8-17,2017-01-28
Empresa 57,Producto 141,23.52,10-17,2017-09-07
Empresa 27,Producto 142,24.69,8-15,2015-08-26
Empresa 11,Producto 143,30.36,9-18,2019-06-21
Empresa 195,Producto 144,10.79,8-17,2018-07-22
Empresa 4,Producto 145,15.69,7-13,2016-04-09
Empresa 17,Producto 146,50.0,7-13,2016-12-23
Empresa 67,Producto 147,25.25,7-13,2016-04-29
Empresa 65,Producto 148,26.12,7-13,2019-12-27
Empresa 142,Producto 149,30.89,10-17,2018-11-08
Empresa 101,Producto 150,18.53,8-15,2017-12-20
Empresa 171,Producto 151,3.4,8-15,2015-12-13
Empresa 67,Producto 152,33.96,9-18,2015-09-18
Empresa 110,Producto 153,32.55,10-17,2016-12-13
Empresa 27,Producto 154,48.09,8-15,2015-09-29
Empresa 110,Producto 155,11.71,8-15,2017-11-20
Empresa 20,Producto 156,37.34,10-17,2016-10-13
Empresa 132,Producto 157,22.63,10-17,2015-05-17
Empresa 55,Producto 158,35.71,8-15,2017-01-05
Empresa 74,Producto 159,41.06,8-17,2018-10-13
Empresa 67,Producto 160,33.42,10-17,2018-04-21
Empresa 188,Producto 161,15.02,8-17,2018-06-24
Empresa 158,Producto 162,31.12,8-17,2019-01-24
Empresa 77,Producto 163,8.84,8-17,2015-06-25
Empresa 195,Producto 164,22.23,7-13,2018-06-18
Empresa 195,Producto 165,39.53,8-17,2018-04-12
Empresa 43,Producto 166,9.37,7-13,2017-03-02
Empresa 60,Producto 167,24.86,8-17,2016-01-25
Empresa 74,Producto 168,8.39,8-15,2016-10-23
Empresa 17,Producto 169,39.4,9-18,2019-12-25
Empresa 74,Producto 170,46.49,8-17,2017-03-21
Empresa 112,Producto 171,18.23,10-17,2019-07-06
Empresa 91,Producto 172,8.89,7-13,2018-12-01
Empresa 138,Producto 173,47.55,9-18,2019-07-22
Empresa 110,Producto 174,45.5,10-17,2015-10-30
Empresa 56,Producto 175,18.17,10-17,2018-05-23
Empresa 191,Producto 176,47.32,8-15,2018-12-08
Empresa 91,Producto 177,27.9,7-13,2015-08-02
Empresa 149,Producto 178,45.55,8-15,2019-07-03
Empresa 88,Producto 179,45.91,10-17,2016-07-21
Empresa 166,Producto 180,49.09,7-13,2015-08-22
Empresa 142,Producto 181,2.61,10-17,2018-11-21
Empresa 65,Producto 182,9.44,10-17,2018-02-15
Empresa 195,Producto 183,38.42,7-13,2016-11-08
Empresa 21,Producto 184,37.76,7-13,2017-11-04
Empresa 56,Producto 185,11.72,9-18,2017-10-22
Empresa 140,Producto 186,44.89,7-13,2019-07-11
Empresa 118,Producto 187,49.62,8-15,2015-07-03
Empresa 148,Producto 188,34.7,8-17,2015-01-01
Empresa 56,Producto 189,43.21,8-15,2017-06-29
Empresa 21,Producto 190,27.86,8-15,2016-06-22
Empresa 151,Producto 191,2.71,10-17,2015-04-29
Empresa 52,Producto 192,39.19,10-17,2019-10-18
Empresa 42,Producto 193,32.58,9-18,2016-09-30
Empresa 57,Producto 194,3.55,7-13,2017-09-27
Empresa 109,Producto 195,11.69,9-18,2015-03-30
Empresa 109,Producto 196,35.13,10-17,2018-07-01
Empresa 112,Producto 197,32.41,7-13,2015-12-09
Empresa 14,Producto 198,44.17,10-17,2015-06-30
Empresa 40,Producto 199,41.83,10-17,2018-09-09
Empresa 0,Producto 200,14.17,8-15,2018-11-06
Empresa 185,Producto 201,40.64,8-17,2019-07-25
Empresa 179,Producto 202,19.45,10-17,2016-06-19
Empresa 124,Producto 203,10.37,7-13,2017-10-12
Empresa 157,Producto 204,13.47,8-15,2017-08-05
Empresa 112,Producto 205,10.63,10-17,2015-02-06
Empresa 20,Producto 206,5.59,8-15,2019-01-26
Empresa 57,Producto 207,21.45,10-17,2017-03-06
Empresa 127,Producto 208,34.14,8-15,2015-12-13
Empresa 33,Producto 209,7.09,8-17,2019-02-02
Empresa 55,Producto 210,39.3,9-18,2015-07-13
Empresa 0,Producto 211,33.75,8-15,2018-06-07
Empresa 1,Producto 212,49.58,8-15,2019-11-24
Empresa 27,Producto 213,24.04,9-18,2019-10-20
Empresa 102,Producto 214,15.56,7-13,2018-12-09
Empresa 192,Producto 215,24.09,8-17,2015-10-06
Empresa 114,Producto 216,28.09,8-17,2017-02-14
Empresa 8,Producto 217,40.85,9-18,2019-04-15
Empresa 112,Producto 218,21.99,10-17,2019-11-19
Empresa 144,Producto 219,9.55,10-17,2018-10-29
Empresa 46,Producto 220,3.11,7-13,2015-09-16
Empresa 77,Producto 221,27.39,10-17,2018-07-16
Empresa 29,Producto 222,43.13,10-17,2018-03-15
Empresa 156,Producto 223,34.56,9-18,2018-04-20
Empresa 162,Producto 224,21.01,8-17,2015-04-16
Empresa 138,Producto 225,27.4,8-15,2018-05-09
Empresa 171,Producto 226,12.45,7-13,2018-07-05
Empresa 17,Producto 227,12.6,8-17,2019-05-10
Empresa 75,Producto 228,29.68,10-17,2018-03-10
Empresa 112,Producto 229,41.1,10-17,2016-11-07
Empresa 155,Producto 230,41.99,10-17,2017-10-24
Empresa 85,Producto 231,11.24,8-17,2015-09-15
Empresa 33,Producto 232,44.5,10-17,2016-11-04
Empresa 192,Producto 233,12.1,9-18,2019-11-11
Empresa 69,Producto 234,29.19,10-17,2016-09-04
Empresa 189,Producto 235,26.38,10-17,2016-04-11
Empresa 29,Producto 236,17.72,10-17,2017-08-23
Empresa 8,Producto 237,47.09,7-13,2015-02-11
Empresa 32,Producto 238,49.47,9-18,2018-10-21
Empresa 50,Producto 239,4.15,8-15,2018-04-30
Empresa 53,Producto 240,9.69,8-15,2019-11-24
Empresa 110,Producto 241,39.13,9-18,2016-06-07
Empresa 156,Producto 242,38.67,7-13,2017-08-17
Empresa 21,Producto 243,23.42,10-17,2015-11-30
Empresa 29,Producto 244,2.88,8-17,2015-09-24
Empresa 140,Producto 245,39.7,7-13,2016-04-23
Empresa 124,Producto 246,32.74,7-13,2019-01-07
Empresa 75,Producto 247,15.6,9-18,2018-10-08
Empresa 67,Producto 248,49.8,9-18,2015-02-15
Empresa 20,Producto 249,27.52,10-17,2019-05-22
Empresa 88,Producto 250,48.98,10-17,2016-09-05
Empresa 26,Producto 251,39.35,8-15,2018-03-26
Empresa 112,Producto 252,29.77,9-18,2017-09-22
Empresa 110,Producto 253,9.07,8-17,2016-08-18
Empresa 30,Producto 254,19.83,10-17,2015-10-20
Empresa 33,Producto 255,32.56,9-18,2017-01-07
Empresa 66,Producto 256,38.01,9-18,2015-09-05
Empresa 95,Producto 257,31.33,8-15,2019-05-26
Empresa 27,Producto 258,3.02,7-13,2015-05-04
Empresa 66,Producto 259,7.72,8-17,2019-11-28
Empresa 110,Producto 260,3.74,8-15,2018-03-19
Empresa 77,Producto 261,40.65,10-17,2019-04-30
Empresa 75,Producto 262,33.17,8-17,2019-03-12
Empresa 158,Producto 263,12.68,8-15,2018-02-25
Empresa 179,Producto 264,7.08,10-17,2019-06-23
Empresa 140,Producto 265,26.12,8-17,2017-07-07
Empresa 56,Producto 266,10.77,8-15,2016-04-11
Empresa 61,Producto 267,48.32,7-13,2016-06-09
Empresa 109,Producto 268,34.1,9-18,2018-10-23
Empresa 11,Producto 269,45.39,9-18,2015-10-05
Empresa 43,Producto 270,21.92,9-18,2015-07-12
Empresa 138,Producto 271,33.58,8-15,2015-09-18
Empresa 38,Producto 272,16.26,7-13,2018-11-26
Empresa 23,Producto 273,28.14,9-18,2018-06-22
Empresa 112,Producto 274,6.9,8-15,2016-10-22
Empresa 140,Producto 275,26.56,10-17,2019-01-19
Empresa 50,Producto 276,15.47,8-15,2017-12-07
Empresa 171,Producto 277,15.03,8-17,2016-11-12
Empresa 50,Producto 278,38.98,8-17,2018-01-27
Empresa 27,Producto 279,28.26,8-17,2015-07-17
Empresa 20,Producto 280,41.4,8-15,2018-12-27
Empresa 189,Producto 281,5.94,8-15,2016-05-13
Empresa 30,Producto 282,42.37,8-17,2016-05-11
Empresa 14,Producto 283,29.72,10-17,2015-08-07
Empresa 11,Producto 284,25.32,9-18,2015-04-12
Empresa 188,Producto 285,6.3,9-18,2018-10-13
Empresa 177,Producto 286,16.58,7-13,2015-04-02
Empresa 124,Producto 287,33.48,10-17,2015-04-27
Empresa 38,Producto 288,15.93,9-18,2019-08-01
Empresa 101,Producto 289,37.66,9-18,2017-07-17
Empresa 144,Producto 290,31.12,7-13,2017-07-23
Empresa 189,Producto 291,23.89,7-13,2015-10-06
Empresa 196,Producto 292,3.45,8-15,2016-01-03
Empresa 64,Producto 293,26.33,8-15,2016-02-03
Empresa 64,Producto 294,29.83,9-18,2015-12-19
Empresa 157,Producto 295,47.03,8-15,2017-10-18
Empresa 91,Producto 296,6.27,8-17,2016-09-03
Empresa 101,Producto 297,47.05,7-13,2017-01-28
Empresa 195,Producto 298,15.29,8-17,2016-04-26
Empresa 196,Producto 299,41.97,7-13,2017-12-24
Empresa 101,Producto 300,26.27,9-18,2018-09-08
Empresa 138,Producto 301,13.65,9-18,2017-12-17
Empresa 64,Producto 302,6.93,9-18,2016-04-16
Empresa 135,Producto 303,30.61,8-17,2017-08-12
Empresa 68,Producto 304,25.09,9-18,2019-10-21
Empresa 120,Producto 305,21.74,7-13,2016-11-29
Empresa 79,Producto 306,28.6,7-13,2015-01-02
Empresa 55,Producto 307,23.29,8-17,2018-03-07
Empresa 102,Producto 308,5.4,8-15,2015-10-19
Empresa 101,Producto 309,19.58,7-13,2018-02-16
Empresa 36,Producto 310,37.56,9-18,2019-01-05
Empresa 1,Producto 311,7.76,8-15,2017-06-04
Empresa 64,Producto 312,23.3,9-18,2017-05-18
Empresa 11,Producto 313,22.43,10-17,2015-01-12
Empresa 23,Producto 314,9.89,9-18,2019-09-28
Empresa 26,Producto 315,45.98,10-17,2016-07-31
Empresa 191,Producto 316,49.05,7-13,2016-08-25
Empresa 118,Producto 317,22.94,9-18,2015-02-20
Empresa 136,Producto 318,24.41,10-17,2016-12-04
Empresa 189,Producto 319,9.12,8-15,2017-08-04
Empresa 21,Producto 320,19.48,8-17,2019-12-04
Empresa 110,Producto 321,44.5,8-17,2019-11-25
Empresa 158,Producto 322,4.21,8-17,2017-05-08
Empresa 21,Producto 323,9.6,8-15,2015-11-13
Empresa 56,Producto 324,20.78,8-15,2019-03-06
Empresa 64,Producto 325,36.34,10-17,2019-04-28
Empresa 171,Producto 326,45.61,10-17,2017-04-01
Empresa 1,Producto 327,35.63,8-15,2016-04-06
Empresa 36,Producto 328,38.93,8-15,2017-07-27
Empresa 22,Producto 329,21.59,10-17,2019-07-13
Empresa 42,Producto 330,28.58,10-17,2015-05-25
Empresa 0,Producto 331,23.92,8-15,2018-03-26
Empresa 160,Producto 332,3.84,8-17,2018-05-09
Empresa 191,Producto 333,30.69,7-13,2017-11-14
Empresa 26,Producto 334,13.4,10-17,2016-03-25
Empresa 51,Producto 335,35.12,9-18,2019-10-14
Empresa 30,Producto 336,5.11,8-15,2016-06-21
Empresa 60,Producto 337,20.51,9-18,2016-06-25
Empresa 8,Producto 338,45.38,7-13,2016-11-27
Empresa 74,Producto 339,44.96,8-17,2017-05-10
Empresa 0,Producto 340,47.01,10-17,2016-11-13
Empresa 140,Producto 341,11.37,8-15,2018-10-06
Empresa 42,Producto 342,45.71,9-18,2018-01-21
Empresa 6,Producto 343,48.13,8-17,2016-10-16
Empresa 25,Producto 344,43.3,9-18,2018-12-03
Empresa 64,Producto 345,37.37,8-15,2015-11-11
Empresa 7,Producto 346,35.07,8-17,2015-10-23
Empresa 130,Producto 347,14.89,8-15,2019-05-27
Empresa 80,Producto 348,39.39,7-13,2015-02-17
Empresa 26,Producto 349,38.12,9-18,2019-09-10
Empresa 60,Producto 350,3.09,10-17,2019-06-24
Empresa 162,Producto 351,49.9,8-17,2018-02-26
Empresa 69,Producto 352,21.45,9-18,2017-06-01
Empresa 166,Producto 353,29.88,7-13,2017-07-05
Empresa 114,Producto 354,6.36,9-18,2019-09-25
Empresa 124,Producto 355,7.86,8-15,2018-08-08
Empresa 4,Producto 356,40.51,8-17,2016-08-23
Empresa 130,Producto 357,46.0,8-17,2017-03-12
Empresa 112,Producto 358,40.97,7-13,2017-04-24
Empresa 17,Producto 359,4.23,7-13,2017-10-01
Empresa 65,Producto 360,34.01,10-17,2019-07-09
Empresa 57,Producto 361,24.58,7-13,2017-07-13
Empresa 85,Producto 362,17.83,10-17,2017-06-29
Empresa 132,Producto 363,40.41,10-17,2016-07-22
Empresa 60,Producto 364,28.75,9-18,2015-05-31
Empresa 57,Producto 365,30.17,8-15,2018-01-23
Empresa 188,Producto 366,37.09,7-13,2019-01-06
Empresa 68,Producto 367,8.25,7-13,2019-03-24
Empresa 166,Producto 368,23.14,10-17,2017-08-10
Empresa 192,Producto 369,11.5,7-13,2015-12-09
Empresa 124,Producto 370,30.43,7-13,2016-09-29
Empresa 0,Producto 371,30.65,9-18,2019-03-26
Empresa 118,Producto 372,13.82,7-13,2019-01-14
Empresa 127,Producto 373,40.0,7-13,2018-04-09
Empresa 90,Producto 374,11.62,9-18,2015-09-11
Empresa 124,Producto 375,39.98,8-15,2016-01-29
Empresa 132,Producto 376,14.89,8-15,2016-05-22
Empresa 151,Producto 377,21.83,8-15,2017-01-29
Empresa 103,Producto 378,25.91,8-17,2019-05-08
Empresa 67,Producto 379,18.35,8-17,2015-07-03
Empresa 85,Producto 380,5.58,9-18,2015-01-30
Empresa 17,Producto 381,33.0,7-13,2017-12-05
Empresa 23,Producto 382,32.05,9-18,2018-08-14
Empresa 51,Producto 383,43.31,7-13,2017-10-23
Empresa 177,Producto 384,45.66,9-18,2017-07-24
Empresa 185,Producto 385,10.32,7-13,2015-08-11
Empresa 166,Producto 386,49.32,10-17,2016-10-19
Empresa 38,Producto 387,3.38,10-17,2019-02-28
Empresa 30,Producto 388,1.77,10-17,2015-02-25
Empresa 162,Producto 389,28.98,8-17,2015-03-27
Empresa 164,Producto 390,39.37,8-17,2015-09-14
Empresa 22,Producto 391,44.89,9-18,2018-01-05
Empresa 166,Producto 392,27.57,7-13,2019-12-22
Empresa 101,Producto 393,28.04,8-15,2015-12-22
Empresa 162,Producto 394,13.78,8-15,2015-01-17
Empresa 1,Producto 395,48.12,10-17,2019-10-27
Empresa 56,Producto 396,36.64,7-13,2015-09-19
Empresa 120,Producto 397,14.28,7-13,2015-04-10
Empresa 80,Producto 398,44.07,7-13,2016-11-15
Empresa 132,Producto 399,15.28,9-18,2017-08-22
Empresa 155,Producto 400,46.41,8-15,2016-05-11
Empresa 177,Producto 401,49.82,7-13,2017-05-07
Empresa 89,Producto 402,16.27,7-13,2017-08-06
Empresa 157,Producto 403,18.86,7-13,2016-05-26
Empresa 29,Producto 404,37.48,8-15,2016-06-25
Empresa 114,Producto 405,40.81,10-17,2018-09-15
Empresa 91,Producto 406,40.69,8-17,2018-03-10
Empresa 149,Producto 407,49.69,7-13,2019-06-06
Empresa 46,Producto 408,12.42,9-18,2016-09-19
Empresa 149,Producto 409,44.11,8-15,2016-03-13
Empresa 111,Producto 410,22.41,8-17,2018-12-12
Empresa 25,Producto 411,36.44,9-18,2019-11-15
Empresa 158,Producto 412,32.74,8-17,2017-05-07
Empresa 88,Producto 413,16.53,8-17,2018-11-14
Empresa 4,Producto 414,31.23,8-17,2018-11-20
Empresa 185,Producto 415,9.58,9-18,2017-08-16
Empresa 157,Producto 416,47.27,8-17,2018-12-05
Empresa 154,Producto 417,3.07,8-15,2019-12-10
Empresa 29,Producto 418,28.64,10-17,2016-09-02
Empresa 149,Producto 419,4.94,8-17,2018-03-26
Empresa 36,Producto 420,35.97,10-17,2016-06-08
Empresa 77,Producto 421,48.06,8-15,2016-04-14
Empresa 157,Producto 422,34.66,8-15,2017-08-28
Empresa 6,Producto 423,43.67,8-15,2016-07-28
Empresa 7,Producto 424,3.24,8-17,2016-12-25
Empresa 142,Producto 425,9.32,8-17,2016-07-23
Empresa 7,Producto 426,14.83,8-15,2015-02-22
Empresa 142,Producto 427,33.25,8-15,2016-08-03
Empresa 61,Producto 428,40.98,10-17,2018-07-15
Empresa 136,Producto 429,27.4,9-18,2019-09-13
Empresa 64,Producto 430,36.48,8-15,2019-03-19
Empresa 112,Producto 431,48.67,7-13,2017-08-04
Empresa 29,Producto 432,25.7,8-17,2016-10-22
Empresa 199,Producto 433,49.15,10-17,2018-08-30
Empresa 0,Producto 434,31.36,7-13,2015-09-22
Empresa 51,Producto 435,44.71,7-13,2015-04-13
Empresa 127,Producto 436,16.14,7-13,2018-10-30
Empresa 112,Producto 437,40.72,8-15,2018-09-26
Empresa 1,Producto 438,31.8,8-15,2016-02-23
Empresa 89,Producto 439,36.5,10-17,2018-03-24
Empresa 42,Producto 440,37.25,10-17,2019-01-19
Empresa 7,Producto 441,27.9,9-18,2015-02-07
Empresa 85,Producto 442,37.34,8-17,2016-07-11
Empresa 164,Producto 443,44.19,9-18,2019-06-10
Empresa 154,Producto 444,48.51,8-17,2015-03-18
Empresa 166,Producto 445,3.48,9-18,2017-12-28
Empresa 25,Producto 446,1.69,7-13,2015-03-25
Empresa 27,Producto 447,42.18,7-13,2015-05-08
Empresa 148,Producto 448,23.62,7-13,2019-12-31
Empresa 136,Producto 449,38.55,9-18,2018-05-30
Empresa 55,Producto 450,28.1,8-15,2018-02-21
Empresa 40,Producto 451,4.5,7-13,2017-02-15
Empresa 118,Producto 452,4.36,7-13,2015-06-20
Empresa 17,Producto 453,20.64,10-17,2017-09-11
Empresa 162,Producto 454,38.57,7-13,2019-03-14
Empresa 120,Producto 455,3.44,9-18,2017-12-23
Empresa 32,Producto 456,43.23,9-18,2019-07-12
Empresa 138,Producto 457,30.31,8-17,2016-11-25
Empresa 40,Producto 458,39.71,10-17,2018-08-01
Empresa 68,Producto 459,31.74,8-17,2019-04-08
Empresa 195,Producto 460,10.01,9-18,2019-12-17
Empresa 89,Producto 461,20.75,8-17,2016-07-11
Empresa 66,Producto 462,43.37,8-15,2019-03-31
Empresa 0,Producto 463,42.75,8-17,2017-08-19
Empresa 114,Producto 464,32.99,8-17,2018-02-06
Empresa 102,Producto 465,24.17,9-18,2017-07-20
Empresa 65,Producto 466,40.41,9-18,2019-02-28
Empresa 185,Producto 467,21.73,9-18,2017-02-01
Empresa 188,Producto 468,41.31,10-17,2019-04-24
Empresa 68,Producto 469,1.76,10-17,2019-03-10
Empresa 111,Producto 470,24.06,9-18,2018-04-15
Empresa 166,Producto 471,16.65,7-13,2016-05-13
Empresa 111,Producto 472,44.64,7-13,2017-06-22
Empresa 135,Producto 473,43.01,9-18,2015-11-05
Empresa 8,Producto 474,28.57,10-17,2018-06-29
Empresa 157,Producto 475,41.38,9-18,2018-12-22
Empresa 14,Producto 476,23.98,8-17,2019-12-07
Empresa 42,Producto 477,30.22,10-17,2015-12-25
Empresa 128,Producto 478,46.56,8-17,2019-11-08
Empresa 110,Producto 479,31.12,8-17,2015-07-30
Empresa 67,Producto 480,32.7,8-15,2018-12-08
Empresa 64,Producto 481,21.78,8-15,2018-08-29
Empresa 138,Producto 482,10.47,8-17,2018-06-02
Empresa 149,Producto 483,37.55,8-15,2017-05-27
Empresa 127,Producto 484,24.3,8-15,2015-09-27
Empresa 25,Producto 485,24.26,10-17,2015-08-28
Empresa 42,Producto 486,23.16,10-17,2016-07-03
Empresa 136,Producto 487,31.07,8-17,2018-08-03
Empresa 128,Producto 488,6.94,8-17,2017-09-28
Empresa 17,Producto 489,17.76,8-17,2015-02-27
Empresa 109,Producto 490,27.77,8-15,2015-02-27
Empresa 26,Producto 491,11.18,8-15,2016-02-21
Empresa 135,Producto 492,12.85,7-13,2019-12-07
Empresa 8,Producto 493,40.59,8-17,2019-10-13
Empresa 57,Producto 494,9.33,7-13,2017-04-08
Empresa 6,Producto 495,36.99,7-13,2019-02-23
Empresa 103,Producto 496,14.07,7-13,2016-12-11
Empresa 196,Producto 497,15.4,8-15,2017-08-23
Empresa 179,Producto 498,42.43,10-17,2015-05-01
Empresa 164,Producto 499,10.3,8-17,2017-07-10
Empresa 192,Producto 500,42.1,9-18,2016-03-30
Empresa 118,Producto 501,33.71,10-17,2019-09-29
Empresa 27,Producto 502,48.8,8-17,2018-02-14
Empresa 29,Producto 503,18.26,10-17,2015-11-22
Empresa 189,Producto 504,18.48,7-13,2016-04-27
Empresa 192,Producto 505,4.37,8-15,2015-06-17
Empresa 30,Producto 506,19.75,10-17,2018-12-23
Empresa 0,Producto 507,6.45,8-17,2015-06-09
Empresa 179,Producto 508,4.72,8-15,2017-05-18
Empresa 195,Producto 509,8.79,8-17,2016-10-12
Empresa 26,Producto 510,5.47,9-18,2017-10-23
Empresa 29,Producto 511,46.09,9-18,2019-04-11
Empresa 166,Producto 512,2.41,7-13,2017-12-17
Empresa 185,Producto 513,23.92,10-17,2015-06-12
Empresa 130,Producto 514,6.39,9-18,2018-02-22
Empresa 102,Producto 515,38.32,9-18,2018-10-24
Empresa 46,Producto 516,26.93,10-17,2018-07-30
Empresa 46,Producto 517,48.07,9-18,2015-06-06
Empresa 22,Producto 518,31.79,8-15,2017-12-09
Empresa 120,Producto 519,15.81,10-17,2016-12-12
Empresa 80,Producto 520,39.27,8-15,2017-03-10
Empresa 0,Producto 521,9.93,10-17,2016-01-18
Empresa 79,Producto 522,22.26,7-13,2015-02-21
Empresa 130,Producto 523,46.01,10-17,2019-05-05
Empresa 17,Producto 524,3.06,8-17,2018-05-02
Empresa 66,Producto 525,34.48,8-15,2015-05-13
Empresa 191,Producto 526,12.51,8-15,2017-02-19
Empresa 11,Producto 527,47.73,10-17,2015-08-12
Empresa 157,Producto 528,33.48,8-15,2015-01-24
Empresa 46,Producto 529,16.38,7-13,2019-05-03
Empresa 20,Producto 530,26.15,8-15,2019-01-17
Empresa 42,Producto 531,40.37,8-17,2015-02-18
Empresa 156,Producto 532,14.33,9-18,2017-09-06
Empresa 120,Producto 533,18.55,10-17,2015-08-29
Empresa 74,Producto 534,3.47,8-15,2019-12-27
Empresa 66,Producto 535,16.52,10-17,2017-03-12
Empresa 80,Producto 536,20.16,8-15,2018-04-20
Empresa 81,Producto 537,9.0,10-17,2017-03-29
Empresa 40,Producto 538,48.45,8-17,2017-11-01
Empresa 55,Producto 539,24.03,9-18,2015-07-08
Empresa 188,Producto 540,32.07,9-18,2020-01-01
Empresa 157,Producto 541,31.32,8-15,2017-07-26
Empresa 118,Producto 542,24.64,10-17,2019-11-30
Empresa 101,Producto 543,42.26,7-13,2018-09-30
Empresa 151,Producto 544,21.78,9-18,2017-12-02
Empresa 102,Producto 545,28.99,7-13,2017-05-02
Empresa 8,Producto 546,8.45,10-17,2018-03-30
Empresa 88,Producto 547,34.83,8-15,2018-12-03
Empresa 157,Producto 548,8.69,10-17,2016-10-03
Empresa 191,Producto 549,45.94,7-13,2018-02-15
Empresa 158,Producto 550,15.82,9-18,2018-08-01
Empresa 120,Producto 551,18.4,9-18,2018-05-04
Empresa 166,Producto 552,19.65,8-17,2019-09-12
Empresa 130,Producto 553,28.03,9-18,2018-01-28
Empresa 1,Producto 554,11.9,9-18,2019-05-17
Empresa 81,Producto 555,14.18,10-17,2017-04-01
Empresa 61,Producto 556,34.56,10-17,2017-01-11
Empresa 109,Producto 557,19.09,10-17,2018-02-04
Empresa 149,Producto 558,6.04,7-13,2018-03-25
Empresa 69,Producto 559,15.58,7-13,2015-06-13
Empresa 124,Producto 560,35.2,7-13,2016-03-19
Empresa 155,Producto 561,23.81,9-18,2018-10-09
Empresa 195,Producto 562,8.31,8-17,2015-10-12
Empresa 142,Producto 563,45.42,9-18,2017-08-13
Empresa 85,Producto 564,35.51,8-15,2015-01-14
Empresa 156,Producto 565,16.54,10-17,2017-08-22
Empresa 88,Producto 566,32.24,8-17,2017-10-05
Empresa 61,Producto 567,40.65,8-15,2018-09-12
Empresa 179,Producto 568,27.25,10-17,2015-02-11
Empresa 101,Producto 569,16.22,8-15,2019-09-10
Empresa 89,Producto 570,41.75,9-18,2018-07-02
Empresa 8,Producto 571,22.87,8-17,2017-01-26
Empresa 188,Producto 572,6.15,9-18,2017-10-29
Empresa 195,Producto 573,13.05,9-18,2017-06-19
Empresa 111,Producto 574,28.83,7-13,2016-04-11
Empresa 46,Producto 575,11.6,8-15,2018-01-26
Empresa 1,Producto 576,30.0,8-15,2019-04-24
Empresa 67,Producto 577,30.76,7-13,2018-03-13
Empresa 36,Producto 578,40.05,9-18,2017-06-29
Empresa 55,Producto 579,3.36,7-13,2019-05-06
Empresa 91,Producto 580,19.68,8-15,2015-07-08
Empresa 30,Producto 581,22.95,8-15,2016-06-20
Empresa 110,Producto 582,36.36,8-17,2017-11-06
Empresa 162,Producto 583,49.48,9-18,2019-10-23
Empresa 38,Producto 584,33.37,9-18,2017-07-13
Empresa 111,Producto 585,41.43,10-17,2017-05-17
Empresa 177,Producto 586,2.6,9-18,2018-08-30
Empresa 55,Producto 587,12.75,10-17,2019-06-25
Empresa 162,Producto 588,18.64,10-17,2016-04-06
Empresa 68,Producto 589,32.22,10-17,2016-10-26
Empresa 144,Producto 590,46.82,10-17,2019-12-25
Empresa 38,Producto 591,25.26,9-18,2017-12-12
Empresa 20,Producto 592,10.74,8-15,2015-10-12
Empresa 42,Producto 593,27.53,10-17,2015-06-07
Empresa 144,Producto 594,6.02,7-13,2016-03-03
Empresa 25,Producto 595,28.36,8-17,2017-01-30
Empresa 88,Producto 596,19.46,9-18,2016-09-09
Empresa 91,Producto 597,37.36,8-17,2016-04-25
Empresa 36,Producto 598,48.94,9-18,2016-11-09
Empresa 38,Producto 599,44.96,10-17,2016-11-25
Empresa 102,Producto 600,46.36,7-13,2015-01-24
Empresa 46,Producto 601,3.95,9-18,2015-06-24
Empresa 127,Producto 602,5.09,9-18,2017-04-27
Empresa 154,Producto 603,39.74,10-17,2019-09-24
Empresa 85,Producto 604,30.84,9-18,2017-08-16
Empresa 7,Producto 605,37.93,9-18,2015-10-31
Empresa 53,Producto 606,39.27,8-17,2015-12-06
Empresa 154,Producto 607,48.86,8-15,2016-07-13
Empresa 64,Producto 608,41.1,8-15,2019-05-09
Empresa 81,Producto 609,20.16,7-13,2015-04-23
Empresa 14,Producto 610,38.73,9-18,2018-02-21
Empresa 144,Producto 611,17.99,8-17,2016-09-07
Empresa 136,Producto 612,5.82,8-15,2018-10-31
Empresa 89,Producto 613,22.48,9-18,2019-03-09
Empresa 36,Producto 614,35.98,7-13,2016-01-20
Empresa 110,Producto 615,7.39,8-17,2016-10-08
Empresa 156,Producto 616,47.76,8-17,2016-04-16
Empresa 50,Producto 617,3.25,9-18,2018-08-15
Empresa 0,Producto 618,28.45,8-15,2016-11-12
Empresa 43,Producto 619,16.42,7-13,2019-03-04
Empresa 77,Producto 620,22.0,8-15,2019-06-20
Empresa 191,Producto 621,12.94,8-15,2017-09-05
Empresa 102,Producto 622,48.66,7-13,2015-05-07
Empresa 185,Producto 623,43.53,9-18,2018-11-15
Empresa 7,Producto 624,5.21,8-17,2015-02-20
Empresa 120,Producto 625,1.39,7-13,2016-11-07
Empresa 114,Producto 626,21.64,7-13,2016-02-18
Empresa 162,Producto 627,33.58,8-17,2016-09-18
Empresa 1,Producto 628,43.74,10-17,2017-12-25
Empresa 111,Producto 629,44.49,8-15,2017-05-23
Empresa 160,Producto 630,45.41,10-17,2015-01-28
Empresa 160,Producto 631,41.13,8-17,2019-09-21
Empresa 160,Producto 632,6.79,8-15,2019-09-14
Empresa 52,Producto 633,37.04,7-13,2015-05-22
Empresa 191,Producto 634,26.9,9-18,2016-08-19
Empresa 74,Producto 635,19.67,8-17,2018-03-14
Empresa 21,Producto 636,5.97,8-15,2019-10-10
Empresa 77,Producto 637,24.97,10-17,2015-04-07
Empresa 199,Producto 638,2.31,10-17,2017-03-29
Empresa 101,Producto 639,37.08,8-15,2015-01-03
Empresa 29,Producto 640,26.7,9-18,2016-04-22
Empresa 14,Producto 641,46.51,9-18,2017-05-28
Empresa 124,Producto 642,23.58,8-15,2019-08-30
Empresa 138,Producto 643,30.59,7-13,2018-02-20
Empresa 120,Producto 644,49.38,10-17,2017-04-18
Empresa 38,Producto 645,28.6,7-13,2015-12-30
Empresa 22,Producto 646,39.29,8-15,2017-08-15
Empresa 66,Producto 647,21.58,8-17,2018-01-02
Empresa 135,Producto 648,19.92,9-18,2016-08-24
Empresa 102,Producto 649,6.63,8-15,2016-02-11
Empresa 89,Producto 650,2.71,8-15,2015-10-09
Empresa 189,Producto 651,29.02,10-17,2018-12-09
Empresa 27,Producto 652,16.09,8-17,2016-07-04
Empresa 79,Producto 653,28.17,8-15,2018-04-08
Empresa 80,Producto 654,14.96,8-15,2015-07-10
Empresa 140,Producto 655,32.25,8-15,2016-06-29
Empresa 26,Producto 656,2.24,9-18,2019-01-29
Empresa 61,Producto 657,32.12,8-15,2019-11-07
Empresa 14,Producto 658,22.84,8-17,2020-01-01
Empresa 151,Producto 659,23.3,7-13,2015-07-16
Empresa 171,Producto 660,20.0,7-13,2017-07-28
Empresa 199,Producto 661,27.33,9-18,2015-10-05
Empresa 177,Producto 662,17.57,8-17,2018-06-21
Empresa 136,Producto 663,16.47,9-18,2019-05-29
Empresa 17,Producto 664,17.71,8-17,2018-04-28
Empresa 53,Producto 665,37.32,8-17,2019-10-03
Empresa 68,Producto 666,5.95,9-18,2019-04-24
Empresa 138,Producto 667,28.83,10-17,2017-11-15
Empresa 36,Producto 668,14.41,8-15,2018-10-15
Empresa 188,Producto 669,6.06,9-18,2018-10-11
Empresa 89,Producto 670,9.36,8-17,2015-05-08
Empresa 36,Producto 671,49.67,9-18,2019-09-06
Empresa 151,Producto 672,32.03,8-17,2017-08-05
Empresa 23,Producto 673,25.94,8-15,2017-11-09
Empresa 196,Producto 674,42.87,7-13,2018-01-24
Empresa 112,Producto 675,2.73,8-15,2019-10-16
Empresa 158,Producto 676,37.9,7-13,2015-03-20
Empresa 162,Producto 677,10.83,9-18,2018-08-22
Empresa 91,Producto 678,12.56,9-18,2017-03-09
Empresa 160,Producto 679,22.5,7-13,2016-07-09
Empresa 67,Producto 680,5.76,8-15,2016-01-11
Empresa 0,Producto 681,1.21,8-17,2017-04-11
Empresa 57,Producto 682,37.95,9-18,2017-09-16
Empresa 160,Producto 683,36.14,10-17,2015-09-29
Empresa 195,Producto 684,11.3,8-17,2018-06-16
Empresa 130,Producto 685,25.52,10-17,2018-01-17
Empresa 21,Producto 686,42.85,9-18,2016-03-20
Empresa 29,Producto 687,36.19,9-18,2019-01-18
Empresa 23,Producto 688,6.52,10-17,2018-11-02
Empresa 40,Producto 689,7.31,10-17,2019-10-04
Empresa 36,Producto 690,20.58,9-18,2015-11-20
Empresa 60,Producto 691,22.45,8-17,2017-05-28
Empresa 128,Producto 692,22.83,7-13,2019-03-28
Empresa 195,Producto 693,24.44,9-18,2017-10-08
Empresa 149,Producto 694,29.62,8-15,2017-10-23
Empresa 179,Producto 695,17.77,9-18,2018-03-12
Empresa 56,Producto 696,39.7,8-15,2018-04-24
Empresa 188,Producto 697,24.74,8-15,2016-06-03
Empresa 111,Producto 698,40.74,7-13,2016-01-18
Empresa 128,Producto 699,31.19,9-18,2019-06-13
Empresa 179,Producto 700,26.4,8-17,2017-11-27
Empresa 156,Producto 701,39.36,7-13,2016-08-11
Empresa 185,Producto 702,16.46,8-15,2018-12-17
Empresa 192,Producto 703,1.78,10-17,2018-04-13
Empresa 57,Producto 704,20.62,8-15,2015-04-21
Empresa 33,Producto 705,48.76,10-17,2017-03-03
Empresa 157,Producto 706,7.61,8-17,2018-01-31
Empresa 75,Producto 707,41.87,7-13,2017-03-13
Empresa 6,Producto 708,4.1,10-17,2019-02-04
Empresa 196,Producto 709,12.09,10-17,2016-01-14
Empresa 114,Producto 710,3.42,9-18,2018-12-13
Empresa 95,Producto 711,19.88,8-15,2019-12-11
Empresa 79,Producto 712,16.58,10-17,2016-03-28
Empresa 38,Producto 713,10.15,10-17,2017-08-02
Empresa 89,Producto 714,42.42,9-18,2016-04-19
Empresa 75,Producto 715,47.19,10-17,2015-08-19
Empresa 91,Producto 716,7.71,9-18,2015-04-22
Empresa 179,Producto 717,3.38,9-18,2017-01-28
Empresa 53,Producto 718,6.97,7-13,2016-10-19
Empresa 118,Producto 719,48.12,9-18,2019-07-08
Empresa 25,Producto 720,25.85,10-17,2019-11-15
Empresa 56,Producto 721,42.46,7-13,2016-05-02
Empresa 8,Producto 722,19.79,8-15,2016-02-08
Empresa 1,Producto 723,14.89,7-13,2017-12-06
Empresa 103,Producto 724,21.78,8-17,2015-11-03
Empresa 55,Producto 725,41.43,7-13,2015-07-10
Empresa 75,Producto 726,28.47,8-15,2019-01-14
Empresa 149,Producto 727,40.22,8-17,2017-03-03
Empresa 26,Producto 728,49.42,10-17,2015-03-03
Empresa 135,Producto 729,12.02,8-15,2015-11-28
Empresa 111,Producto 730,4.27,10-17,2015-06-10
Empresa 36,Producto 731,7.52,8-15,2016-07-16
Empresa 42,Producto 732,25.61,8-17,2019-09-24
Empresa 140,Producto 733,33.81,9-18,2018-12-08
Empresa 88,Producto 734,33.9,10-17,2018-02-07
Empresa 144,Producto 735,37.75,9-18,2015-08-13
Empresa 144,Producto 736,5.04,9-18,2016-06-24
Empresa 135,Producto 737,36.08,10-17,2018-03-12
Empresa 75,Producto 738,8.48,8-17,2019-09-09
Empresa 199,Producto 739,39.35,9-18,2017-10-06
Empresa 57,Producto 740,12.09,9-18,2018-06-27
Empresa 127,Producto 741,23.6,9-18,2019-06-03
Empresa 189,Producto 742,28.49,10-17,2017-03-18
Empresa 67,Producto 743,40.11,8-17,2017-12-22
Empresa 110,Producto 744,6.78,8-15,2015-02-25
Empresa 42,Producto 745,20.53,9-18,2015-04-03
Empresa 17,Producto 746,19.71,10-17,2019-11-09
Empresa 0,Producto 747,16.71,8-17,2015-04-25
Empresa 7,Producto 748,18.59,10-17,2016-08-04
Empresa 135,Producto 749,47.49,10-17,2015-07-10
Empresa 29,Producto 750,38.13,8-17,2017-02-06
Empresa 6,Producto 751,44.42,10-17,2018-10-19
Empresa 69,Producto 752,2.78,8-17,2017-02-19
Empresa 80,Producto 753,20.84,10-17,2018-12-11
Empresa 185,Producto 754,23.22,7-13,2016-05-31
Empresa 51,Producto 755,8.84,10-17,2017-12-24
Empresa 32,Producto 756,21.9,10-17,2016-12-21
Empresa 64,Producto 757,44.83,9-18,2015-12-19
Empresa 79,Producto 758,9.85,7-13,2017-12-23
Empresa 32,Producto 759,27.9,8-15,2019-09-11
Empresa 85,Producto 760,40.96,10-17,2017-09-04
Empresa 26,Producto 761,35.4,8-17,2018-05-09
Empresa 196,Producto 762,5.3,9-18,2019-09-23
Empresa 65,Producto 763,18.75,7-13,2015-08-03
Empresa 56,Producto 764,15.22,7-13,2017-09-09
Empresa 188,Producto 765,45.25,10-17,2018-06-11
Empresa 196,Producto 766,30.24,8-15,2015-10-12
Empresa 110,Producto 767,27.62,9-18,2016-06-09
Empresa 154,Producto 768,46.43,8-15,2018-10-27
Empresa 130,Producto 769,40.15,8-17,2018-02-23
Empresa 56,Producto 770,25.68,7-13,2015-10-06
Empresa 90,Producto 771,42.04,7-13,2018-07-17
Empresa 20,Producto 772,12.07,7-13,2017-04-08
Empresa 114,Producto 773,3.6,7-13,2019-09-26
Empresa 109,Producto 774,5.33,8-15,2019-03-04
Empresa 151,Producto 775,19.72,9-18,2015-11-19
Empresa 196,Producto 776,16.38,7-13,2017-07-17
Empresa 149,Producto 777,37.0,8-15,2015-01-20
Empresa 166,Producto 778,43.51,9-18,2019-05-22
Empresa 38,Producto 779,43.79,7-13,2017-04-17
Empresa 77,Producto 780,28.36,8-17,2017-03-19
Empresa 166,Producto 781,38.23,8-15,2017-07-07
Empresa 189,Producto 782,17.11,9-18,2016-05-03
Empresa 79,Producto 783,31.53,9-18,2017-12-30
Empresa 26,Producto 784,22.99,9-18,2018-03-04
Empresa 109,Producto 785,7.29,8-15,2017-11-29
Empresa 27,Producto 786,16.6,8-17,2019-07-23
Empresa 95,Producto 787,17.85,8-15,2016-07-21
Empresa 156,Producto 788,38.45,8-17,2019-03-11
Empresa 29,Producto 789,10.75,9-18,2016-11-17
Empresa 1,Producto 790,33.55,9-18,2018-11-09
Empresa 0,Producto 791,29.44,8-17,2018-10-08
Empresa 61,Producto 792,9.72,9-18,2018-04-17
Empresa 166,Producto 793,47.58,10-17,2018-10-14
Empresa 111,Producto 794,9.19,7-13,2017-10-01
Empresa 130,Producto 795,30.4,10-17,2019-03-07
Empresa 103,Producto 796,31.77,10-17,2017-06-24
Empresa 138,Producto 797,23.88,10-17,2018-03-18
Empresa 27,Producto 798,37.08,8-15,2016-03-18
Empresa 69,Producto 799,32.66,7-13,2016-05-20
Empresa 61,Producto 800,34.02,10-17,2020-01-01
Empresa 56,Producto 801,7.31,8-15,2016-11-27
Empresa 22,Producto 802,35.47,8-15,2018-03-05
Empresa 53,Producto 803,8.87,10-17,2017-07-04
Empresa 40,Producto 804,2.46,8-15,2017-01-19
Empresa 156,Producto 805,24.06,10-17,2015-06-28
Empresa 0,Producto 806,29.41,8-17,2015-05-27
Empresa 27,Producto 807,46.5,8-17,2018-09-27
Empresa 102,Producto 808,41.85,8-17,2017-06-20
Empresa 1,Producto 809,34.36,10-17,2017-07-30
Empresa 17,Producto 810,44.62,10-17,2017-06-27
Empresa 51,Producto 811,14.79,8-17,2017-10-09
Empresa 30,Producto 812,14.66,7-13,2019-08-06
Empresa 1,Producto 813,12.14,8-17,2018-04-21
Empresa 90,Producto 814,47.11,8-15,2016-08-29
Empresa 144,Producto 815,45.5,9-18,2018-05-11
Empresa 42,Producto 816,33.29,10-17,2019-05-01
Empresa 56,Producto 817,4.51,7-13,2015-06-19
Empresa 53,Producto 818,3.95,8-17,2018-01-18
Empresa 27,Producto 819,37.7,8-17,2017-04-18
Empresa 101,Producto 820,11.74,10-17,2016-05-09
Empresa 25,Producto 821,44.72,8-15,2016-09-07
Empresa 158,Producto 822,3.94,7-13,2016-06-22
Empresa 0,Producto 823,35.83,8-17,2018-11-09
Empresa 68,Producto 824,1.46,8-17,2015-07-19
Empresa 67,Producto 825,27.8,8-15,2016-09-27
Empresa 52,Producto 826,35.33,8-15,2015-12-31
Empresa 67,Producto 827,36.44,10-17,2019-11-12
Empresa 88,Producto 828,30.26,7-13,2016-08-01
Empresa 89,Producto 829,23.2,8-17,2016-03-25
Empresa 68,Producto 830,48.41,8-15,2017-11-30
Empresa 79,Producto 831,46.17,7-13,2016-01-11
Empresa 85,Producto 832,11.52,8-15,2018-04-28
Empresa 38,Producto 833,48.53,9-18,2016-07-09
Empresa 50,Producto 834,10.84,8-17,2017-11-20
Empresa 120,Producto 835,22.9,8-17,2018-11-01
Empresa 90,Producto 836,35.52,7-13,2019-02-03
Empresa 188,Producto 837,3.0,10-17,2015-07-17
Empresa 89,Producto 838,15.24,7-13,2018-01-03
Empresa 65,Producto 839,42.51,8-17,2018-04-29
Empresa 25,Producto 840,46.01,8-15,2016-01-26
Empresa 156,Producto 841,43.06,10-17,2017-05-03
Empresa 60,Producto 842,35.67,8-17,2018-01-27
Empresa 138,Producto 843,11.29,9-18,2015-11-11
Empresa 67,Producto 844,6.84,8-17,2015-07-04
Empresa 74,Producto 845,42.02,8-17,2017-06-29
Empresa 189,Producto 846,2.97,10-17,2015-03-18
Empresa 189,Producto 847,22.32,9-18,2017-06-04
Empresa 77,Producto 848,34.5,8-15,2018-03-13
Empresa 26,Producto 849,8.07,7-13,2019-10-12
Empresa 156,Producto 850,39.9,10-17,2016-07-08
Empresa 195,Producto 851,15.18,7-13,2016-05-16
Empresa 140,Producto 852,3.01,7-13,2015-10-14
Empresa 55,Producto 853,36.87,8-17,2017-12-20
Empresa 33,Producto 854,12.18,10-17,2019-08-26
Empresa 80,Producto 855,25.14,8-17,2015-12-26
Empresa 17,Producto 856,19.47,7-13,2016-05-01
Empresa 75,Producto 857,19.75,7-13,2017-01-06
Empresa 124,Producto 858,9.68,9-18,2019-04-07
Empresa 21,Producto 859,48.05,10-17,2016-11-05
Empresa 6,Producto 860,30.3,8-15,2017-08-16
Empresa 111,Producto 861,5.02,10-17,2015-07-28
Empresa 191,Producto 862,47.79,9-18,2017-06-04
Empresa 110,Producto 863,15.61,7-13,2015-11-16
Empresa 185,Producto 864,6.36,10-17,2016-09-24
Empresa 136,Producto 865,22.05,8-15,2015-01-13
Empresa 68,Producto 866,45.96,7-13,2017-02-27
Empresa 55,Producto 867,13.19,8-15,2019-09-26
Empresa 171,Producto 868,23.94,8-17,2019-03-30
Empresa 61,Producto 869,2.95,7-13,2019-01-18
Empresa 11,Producto 870,37.53,8-15,2019-12-13
Empresa 158,Producto 871,31.22,9-18,2015-07-24
Empresa 53,Producto 872,36.16,7-13,2017-08-19
Empresa 77,Producto 873,18.49,8-17,2015-04-29
Empresa 136,Producto 874,47.4,8-15,2015-03-15
Empresa 171,Producto 875,24.25,8-17,2018-03-03
Empresa 91,Producto 876,9.91,9-18,2015-01-17
Empresa 148,Producto 877,32.21,8-15,2019-08-05
Empresa 56,Producto 878,44.95,8-17,2016-08-25
Empresa 30,Producto 879,10.23,8-17,2016-08-08
Empresa 53,Producto 880,20.97,10-17,2015-02-02
Empresa 195,Producto 881,41.25,10-17,2015-02-10
Empresa 110,Producto 882,20.38,7-13,2019-03-28
Empresa 120,Producto 883,4.25,7-13,2017-08-28
Empresa 90,Producto 884,26.74,10-17,2019-10-12
Empresa 148,Producto 885,14.37,8-17,2016-12-25
Empresa 65,Producto 886,4.83,9-18,2016-01-22
Empresa 196,Producto 887,22.23,7-13,2017-03-29
Empresa 128,Producto 888,37.81,10-17,2015-04-30
Empresa 43,Producto 889,6.06,8-17,2019-05-18
Empresa 118,Producto 890,41.03,9-18,2015-06-08
Empresa 14,Producto 891,13.99,8-17,2017-12-22
Empresa 155,Producto 892,6.5,10-17,2017-04-07
Empresa 188,Producto 893,11.99,7-13,2017-09-20
Empresa 103,Producto 894,36.15,10-17,2019-01-11
Empresa 114,Producto 895,38.99,10-17,2015-06-20
Empresa 74,Producto 896,4.96,10-17,2016-07-12
Empresa 191,Producto 897,22.95,8-15,2018-05-16
Empresa 118,Producto 898,46.45,8-15,2017-06-06
Empresa 64,Producto 899,4.83,10-17,2016-10-31
Empresa 27,Producto 900,16.27,8-17,2018-08-31
Empresa 42,Producto 901,26.25,8-15,2018-10-22
Empresa 114,Producto 902,48.12,8-17,2019-09-15
Empresa 36,Producto 903,48.71,8-15,2018-09-03
Empresa 79,Producto 904,7.81,8-17,2015-07-31
Empresa 144,Producto 905,31.41,8-17,2018-04-19
Empresa 22,Producto 906,12.14,8-15,2019-02-12
Empresa 160,Producto 907,49.96,8-15,2018-12-16
Empresa 32,Producto 908,17.94,8-15,2019-05-26
Empresa 1,Producto 909,46.88,10-17,2019-09-08
Empresa 135,Producto 910,35.92,9-18,2018-07-30
Empresa 6,Producto 911,17.37,9-18,2017-01-22
Empresa 65,Producto 912,48.26,10-17,2019-02-02
Empresa 69,Producto 913,39.46,8-15,2017-10-06
Empresa 32,Producto 914,29.1,9-18,2015-11-03
Empresa 171,Producto 915,47.76,10-17,2017-06-27
Empresa 189,Producto 916,11.96,10-17,2015-04-04
Empresa 52,Producto 917,13.28,9-18,2015-03-09
Empresa 151,Producto 918,41.61,10-17,2018-01-28
Empresa 36,Producto 919,49.81,9-18,2017-07-16
Empresa 74,Producto 920,6.58,9-18,2016-08-18
Empresa 0,Producto 921,49.52,9-18,2016-11-02
Empresa 75,Producto 922,34.74,9-18,2018-06-15
Empresa 22,Producto 923,43.8,7-13,2019-09-21
Empresa 30,Producto 924,28.94,9-18,2016-04-29
Empresa 110,Producto 925,48.65,7-13,2018-06-13
Empresa 89,Producto 926,6.02,10-17,2018-04-25
Empresa 69,Producto 927,20.75,9-18,2016-09-25
Empresa 196,Producto 928,29.36,8-17,2015-05-13
Empresa 7,Producto 929,34.64,8-17,2016-11-26
Empresa 67,Producto 930,48.82,8-17,2015-02-21
Empresa 155,Producto 931,7.65,10-17,2017-12-08
Empresa 189,Producto 932,12.12,8-15,2016-07-11
Empresa 33,Producto 933,40.23,9-18,2018-02-14
Empresa 130,Producto 934,42.4,8-17,2017-05-22
Empresa 30,Producto 935,24.8,8-17,2017-06-01
Empresa 195,Producto 936,19.11,7-13,2017-04-22
Empresa 162,Producto 937,49.27,10-17,2015-07-18
Empresa 103,Producto 938,7.66,8-15,2015-04-14
Empresa 8,Producto 939,13.63,10-17,2018-01-22
Empresa 158,Producto 940,40.6,10-17,2015-06-26
Empresa 128,Producto 941,27.73,10-17,2017-06-18
Empresa 64,Producto 942,23.57,8-17,2018-07-17
Empresa 188,Producto 943,6.18,8-15,2015-02-19
Empresa 51,Producto 944,37.04,9-18,2015-01-21
Empresa 21,Producto 945,49.22,8-15,2015-09-23
Empresa 196,Producto 946,28.69,8-15,2018-07-06
Empresa 50,Producto 947,2.47,8-15,2019-11-09
Empresa 189,Producto 948,34.2,9-18,2018-05-08
Empresa 4,Producto 949,33.28,8-17,2019-06-11
Empresa 155,Producto 950,18.5,8-15,2015-12-01
Empresa 20,Producto 951,19.9,7-13,2015-05-23
Empresa 149,Producto 952,19.33,8-17,2019-04-20
Empresa 40,Producto 953,6.13,8-17,2018-10-21
Empresa 132,Producto 954,19.99,9-18,2019-02-23
Empresa 128,Producto 955,36.61,10-17,2019-07-20
Empresa 60,Producto 956,35.4,8-17,2015-05-23
Empresa 4,Producto 957,37.5,7-13,2019-09-01
Empresa 22,Producto 958,4.4,8-15,2019-04-28
Empresa 1,Producto 959,3.12,8-17,2019-04-25
Empresa 132,Producto 960,12.38,8-17,2019-08-30
Empresa 127,Producto 961,31.44,8-15,2016-09-29
Empresa 75,Producto 962,22.17,10-17,2015-12-07
Empresa 160,Producto 963,46.86,8-17,2019-02-05
Empresa 144,Producto 964,34.27,8-17,2018-10-12
Empresa 89,Producto 965,10.42,8-15,2017-10-26
Empresa 89,Producto 966,35.4,8-15,2018-10-14
Empresa 36,Producto 967,31.62,7-13,2018-01-17
Empresa 0,Producto 968,16.91,10-17,2016-09-01
Empresa 6,Producto 969,5.07,8-15,2018-01-04
Empresa 7,Producto 970,30.09,9-18,2018-08-25
Empresa 109,Producto 971,10.41,9-18,2016-03-13
Empresa 140,Producto 972,4.88,7-13,2015-06-13
Empresa 103,Producto 973,25.03,10-17,2019-07-09
Empresa 114,Producto 974,28.8,7-13,2016-02-22
Empresa 185,Producto 975,31.85,7-13,2019-06-08
Empresa 138,Producto 976,17.4,7-13,2015-12-25
Empresa 199,Producto 977,33.29,7-13,2017-06-23
Empresa 151,Producto 978,38.8,8-17,2018-03-22
Empresa 164,Producto 979,34.17,7-13,2015-09-11
Empresa 196,Producto 980,41.51,9-18,2017-09-25
Empresa 27,Producto 981,16.67,8-17,2015-04-15
Empresa 199,Producto 982,5.98,7-13,2015-03-04
Empresa 32,Producto 983,8.76,8-15,2015-03-24
Empresa 124,Producto 984,9.84,7-13,2017-06-05
Empresa 109,Producto 985,44.33,8-17,2018-05-31
Empresa 127,Producto 986,25.81,8-17,2017-09-02
Empresa 17,Producto 987,5.2,9-18,2018-11-16
Empresa 88,Producto 988,38.97,7-13,2018-01-05
Empresa 33,Producto 989,10.79,7-13,2019-03-18
Empresa 138,Producto 990,24.74,10-17,2016-11-04
Empresa 6,Producto 991,14.36,9-18,2019-06-04
Empresa 33,Producto 992,38.06,9-18,2019-11-01
Empresa 66,Producto 993,49.89,8-17,2019-02-28
Empresa 151,Producto 994,17.54,8-15,2018-08-15
Empresa 30,Producto 995,35.71,8-15,2017-12-09
Empresa 103,Producto 996,34.15,8-17,2016-10-06
Empresa 64,Producto 997,43.47,10-17,2017-09-11
Empresa 33,Producto 998,4.06,10-17,2015-04-09
Empresa 124,Producto 999,7.25,8-15,2015-07-30
Empresa 81,Producto 1000,1.17,9-18,2018-06-04
Empresa 69,Producto 1001,28.25,10-17,2015-05-05
Empresa 64,Producto 1002,20.99,7-13,2016-02-18
Empresa 164,Producto 1003,27.59,8-15,2018-03-18
Empresa 177,Producto 1004,10.59,9-18,2019-03-01
Empresa 196,Producto 1005,39.22,9-18,2015-09-11
Empresa 135,Producto 1006,12.73,7-13,2018-06-19
Empresa 69,Producto 1007,18.86,7-13,2015-11-18
Empresa 79,Producto 1008,21.18,9-18,2019-08-14
Empresa 21,Producto 1009,12.24,8-17,2017-12-10
Empresa 69,Producto 1010,44.35,10-17,2016-11-08
Empresa 43,Producto 1011,1.29,9-18,2015-03-29
Empresa 120,Producto 1012,2.34,8-15,2019-02-04
Empresa 155,Producto 1013,5.9,8-17,2016-02-12
Empresa 191,Producto 1014,25.07,7-13,2019-12-18
Empresa 88,Producto 1015,36.08,8-17,2019-04-04
Empresa 130,Producto 1016,38.96,9-18,2019-12-25
Empresa 51,Producto 1017,18.54,9-18,2015-10-16
Empresa 52,Producto 1018,23.9,10-17,2019-08-12
Empresa 132,Producto 1019,14.28,10-17,2016-12-10
Empresa 0,Producto 1020,47.49,9-18,2016-12-16
Empresa 130,Producto 1021,17.46,8-15,2019-05-11
Empresa 11,Producto 1022,45.06,7-13,2015-02-27
Empresa 132,Producto 1023,15.72,8-15,2015-12-30
Empresa 177,Producto 1024,5.39,10-17,2018-09-06
Empresa 0,Producto 1025,25.52,7-13,2016-06-01
Empresa 177,Producto 1026,25.05,8-17,2019-12-22
Empresa 60,Producto 1027,31.23,8-15,2018-09-08
Empresa 124,Producto 1028,31.17,8-17,2015-04-06
Empresa 75,Producto 1029,15.0,8-15,2015-11-20
Empresa 144,Producto 1030,40.71,7-13,2017-03-31
Empresa 27,Producto 1031,9.31,9-18,2017-01-02
Empresa 60,Producto 1032,8.05,8-17,2019-12-16
Empresa 179,Producto 1033,49.28,8-15,2019-07-24
Empresa 77,Producto 1034,32.28,7-13,2016-04-19
Empresa 50,Producto 1035,2.96,7-13,2015-11-05
Empresa 158,Producto 1036,49.16,8-15,2017-01-10
Empresa 26,Producto 1037,45.39,7-13,2015-11-27
Empresa 7,Producto 1038,30.07,7-13,2018-06-30
Empresa 177,Producto 1039,49.04,9-18,2019-10-12
Empresa 124,Producto 1040,39.6,8-15,2017-12-04
Empresa 189,Producto 1041,4.09,8-17,2019-03-31
Empresa 17,Producto 1042,48.74,8-15,2015-04-27
Empresa 157,Producto 1043,47.39,10-17,2018-08-29
Empresa 67,Producto 1044,4.72,8-15,2015-01-17
Empresa 164,Producto 1045,12.21,8-15,2016-08-05
Empresa 189,Producto 1046,29.8,7-13,2015-11-25
Empresa 20,Producto 1047,15.69,8-15,2019-08-28
Empresa 189,Producto 1048,39.02,8-15,2016-02-06
Empresa 195,Producto 1049,45.49,8-15,2019-04-26
Empresa 130,Producto 1050,31.78,9-18,2018-06-20
Empresa 196,Producto 1051,43.78,8-17,2015-11-29
Empresa 26,Producto 1052,9.87,8-15,2016-09-23
Empresa 27,Producto 1053,22.41,7-13,2015-07-04
Empresa 171,Producto 1054,3.94,10-17,2015-12-13
Empresa 52,Producto 1055,37.55,10-17,2019-10-01
Empresa 138,Producto 1056,1.53,8-17,2018-12-08
Empresa 148,Producto 1057,18.53,10-17,2015-05-30
Empresa 8,Producto 1058,39.48,8-17,2018-02-28
Empresa 50,Producto 1059,15.17,10-17,2019-10-25
Empresa 30,Producto 1060,26.85,7-13,2017-08-02
Empresa 40,Producto 1061,22.91,10-17,2017-02-16
Empresa 7,Producto 1062,43.04,8-17,2018-10-30
Empresa 33,Producto 1063,2.36,10-17,2018-09-12
Empresa 164,Producto 1064,37.96,9-18,2018-08-23
Empresa 69,Producto 1065,1.28,8-17,2016-02-04
Empresa 124,Producto 1066,35.53,8-17,2015-02-14
Empresa 23,Producto 1067,9.87,7-13,2016-09-13
Empresa 21,Producto 1068,31.6,10-17,2015-03-20
Empresa 109,Producto 1069,20.33,8-17,2019-12-04
Empresa 127,Producto 1070,48.83,7-13,2019-03-01
Empresa 65,Producto 1071,14.79,8-17,2018-03-07
Empresa 81,Producto 1072,30.48,8-15,2018-11-18
Empresa 135,Producto 1073,44.01,9-18,2016-02-15
Empresa 27,Producto 1074,28.2,9-18,2018-10-10
Empresa 101,Producto 1075,36.87,10-17,2015-11-15
Empresa 138,Producto 1076,7.87,8-17,2019-07-31
Empresa 179,Producto 1077,28.86,8-17,2019-12-19
Empresa 149,Producto 1078,3.37,8-17,2019-09-05
Empresa 77,Producto 1079,20.77,7-13,2016-06-12
Empresa 102,Producto 1080,11.11,10-17,2015-09-09
Empresa 40,Producto 1081,38.41,9-18,2016-04-01
Empresa 77,Producto 1082,31.53,8-15,2015-10-19
Empresa 36,Producto 1083,14.33,8-17,2015-01-08
Empresa 23,Producto 1084,49.94,8-15,2018-02-21
Empresa 154,Producto 1085,34.85,9-18,2017-05-18
Empresa 61,Producto 1086,36.97,8-17,2015-01-29
Empresa 162,Producto 1087,19.5,10-17,2017-12-18
Empresa 20,Producto 1088,48.81,8-17,2018-07-16
Empresa 160,Producto 1089,42.14,8-17,2017-05-28
Empresa 89,Producto 1090,24.02,9-18,2016-08-06
Empresa 20,Producto 1091,15.57,9-18,2015-06-04
Empresa 27,Producto 1092,48.89,7-13,2017-12-26
Empresa 0,Producto 1093,35.02,8-15,2016-02-07
Empresa 43,Producto 1094,46.35,10-17,2019-12-06
Empresa 55,Producto 1095,30.07,7-13,2015-11-07
Empresa 164,Producto 1096,42.11,9-18,2017-04-11
Empresa 142,Producto 1097,16.44,9-18,2016-03-31
Empresa 36,Producto 1098,15.09,9-18,2016-07-05
Empresa 21,Producto 1099,36.37,9-18,2016-10-21
Empresa 130,Producto 1100,17.2,10-17,2018-07-20
Empresa 124,Producto 1101,29.87,8-15,2015-08-28
Empresa 20,Producto 1102,13.39,10-17,2019-01-01
Empresa 0,Producto 1103,30.6,7-13,2016-05-20
Empresa 22,Producto 1104,35.39,10-17,2015-07-14
Empresa 67,Producto 1105,9.52,8-17,2017-06-17
Empresa 20,Producto 1106,7.06,10-17,2015-05-06
Empresa 55,Producto 1107,32.56,8-15,2015-09-11
Empresa 42,Producto 1108,5.05,10-17,2017-12-27
Empresa 57,Producto 1109,29.16,10-17,2016-12-25
Empresa 77,Producto 1110,49.71,8-17,2016-10-02
Empresa 38,Producto 1111,24.41,10-17,2019-04-12
Empresa 69,Producto 1112,35.26,9-18,2015-07-24
Empresa 33,Producto 1113,23.48,10-17,2018-12-24
Empresa 40,Producto 1114,22.55,10-17,2017-11-17
Empresa 75,Producto 1115,1.42,8-17,2018-12-17
Empresa 89,Producto 1116,39.25,8-15,2015-07-18
Empresa 130,Producto 1117,23.33,9-18,2015-06-19
Empresa 67,Producto 1118,39.89,8-17,2015-01-09
Empresa 109,Producto 1119,11.47,9-18,2018-02-23
Empresa 130,Producto 1120,36.29,8-15,2016-07-14
Empresa 191,Producto 1121,19.18,10-17,2016-05-26
Empresa 61,Producto 1122,40.79,8-15,2019-08-16
Empresa 68,Producto 1123,14.7,8-15,2019-08-09
Empresa 110,Producto 1124,48.85,8-17,2017-02-01
Empresa 88,Producto 1125,47.67,8-17,2018-07-06
Empresa 42,Producto 1126,47.51,9-18,2018-11-24
Empresa 101,Producto 1127,25.39,7-13,2017-09-07
Empresa 43,Producto 1128,17.88,8-15,2019-02-04
Empresa 124,Producto 1129,24.7,10-17,2018-05-23
Empresa 66,Producto 1130,16.35,7-13,2017-10-03
Empresa 171,Producto 1131,32.69,7-13,2016-04-12
Empresa 40,Producto 1132,48.08,7-13,2019-06-22
Empresa 95,Producto 1133,42.22,8-15,2015-11-29
Empresa 118,Producto 1134,7.5,8-17,2016-11-04
Empresa 177,Producto 1135,23.35,9-18,2017-12-26
Empresa 42,Producto 1136,44.74,10-17,2018-02-23
Empresa 144,Producto 1137,41.04,8-17,2018-10-06
Empresa 80,Producto 1138,9.59,10-17,2015-03-14
Empresa 155,Producto 1139,45.24,8-17,2017-05-03
Empresa 0,Producto 1140,12.32,8-15,2015-07-05
Empresa 75,Producto 1141,10.53,9-18,2016-04-18
Empresa 166,Producto 1142,17.02,7-13,2015-12-29
Empresa 74,Producto 1143,4.89,10-17,2018-01-04
Empresa 158,Producto 1144,49.49,8-15,2015-01-18
Empresa 160,Producto 1145,16.09,10-17,2018-01-18
Empresa 14,Producto 1146,36.18,10-17,2017-04-28
Empresa 68,Producto 1147,46.82,8-17,2019-08-23
Empresa 189,Producto 1148,42.82,8-15,2017-12-02
Empresa 64,Producto 1149,48.9,9-18,2016-06-12
Empresa 171,Producto 1150,4.56,8-15,2016-08-11
Empresa 27,Producto 1151,44.78,10-17,2015-10-13
Empresa 77,Producto 1152,39.73,8-15,2015-12-13
Empresa 52,Producto 1153,29.93,9-18,2015-03-18
Empresa 164,Producto 1154,4.85,9-18,2018-07-27
Empresa 136,Producto 1155,44.69,8-15,2016-02-06
Empresa 155,Producto 1156,47.73,7-13,2018-11-23
Empresa 89,Producto 1157,35.49,8-15,2015-12-06
Empresa 130,Producto 1158,36.82,7-13,2019-06-20
Empresa 132,Producto 1159,8.34,8-15,2017-09-07
Empresa 109,Producto 1160,1.32,7-13,2019-10-26
Empresa 77,Producto 1161,21.62,7-13,2018-03-06
Empresa 8,Producto 1162,14.02,8-15,2017-05-15
Empresa 140,Producto 1163,18.69,8-17,2018-04-02
Empresa 138,Producto 1164,6.98,8-17,2015-05-25
Empresa 103,Producto 1165,25.41,10-17,2019-07-24
Empresa 160,Producto 1166,30.44,9-18,2015-06-05
Empresa 57,Producto 1167,32.08,8-15,2016-08-23
Empresa 112,Producto 1168,10.63,9-18,2018-04-27
Empresa 57,Producto 1169,6.35,7-13,2017-03-19
Empresa 51,Producto 1170,3.86,10-17,2016-12-19
Empresa 166,Producto 1171,44.16,9-18,2017-04-05
Empresa 110,Producto 1172,29.09,7-13,2015-06-26
Empresa 85,Producto 1173,5.44,10-17,2019-08-12
Empresa 195,Producto 1174,2.7,8-17,2018-12-14
Empresa 156,Producto 1175,25.33,9-18,2015-09-02
Empresa 154,Producto 1176,1.78,8-15,2017-12-05
Empresa 138,Producto 1177,21.47,8-15,2018-06-29
Empresa 140,Producto 1178,48.49,8-17,2019-11-03
Empresa 7,Producto 1179,20.24,8-15,2017-07-02
Empresa 56,Producto 1180,22.49,8-15,2018-01-25
Empresa 199,Producto 1181,24.18,7-13,2019-02-10
Empresa 38,Producto 1182,26.65,10-17,2016-12-23
Empresa 128,Producto 1183,3.85,10-17,2019-09-12
Empresa 23,Producto 1184,32.09,8-17,2016-02-21
Empresa 42,Producto 1185,14.83,9-18,2016-11-29
Empresa 177,Producto 1186,37.23,9-18,2015-06-15
Empresa 51,Producto 1187,48.42,8-17,2016-05-06
Empresa 56,Producto 1188,30.44,8-17,2019-04-16
Empresa 67,Producto 1189,34.16,8-17,2017-08-06
Empresa 162,Producto 1190,6.38,10-17,2016-06-05
Empresa 25,Producto 1191,7.27,10-17,2018-08-21
Empresa 68,Producto 1192,4.51,7-13,2016-10-13
Empresa 8,Producto 1193,13.28,10-17,2018-03-22
Empresa 144,Producto 1194,9.73,9-18,2016-07-20
Empresa 23,Producto 1195,30.05,9-18,2017-05-16
Empresa 6,Producto 1196,10.9,7-13,2019-06-26
Empresa 144,Producto 1197,22.85,7-13,2017-12-12
Empresa 196,Producto 1198,6.01,7-13,2016-09-11
Empresa 57,Producto 1199,37.06,8-17,2019-04-09
Empresa 177,Producto 1200,43.17,7-13,2015-06-27
Empresa 56,Producto 1201,10.67,7-13,2017-11-06
Empresa 136,Producto 1202,29.13,10-17,2016-10-06
Empresa 148,Producto 1203,37.43,7-13,2015-09-30
Empresa 171,Producto 1204,33.87,10-17,2017-09-15
Empresa 75,Producto 1205,17.43,7-13,2017-09-11
Empresa 112,Producto 1206,44.64,9-18,2018-03-30
Empresa 88,Producto 1207,18.15,10-17,2018-07-04
Empresa 111,Producto 1208,46.33,10-17,2015-08-06
Empresa 189,Producto 1209,45.29,8-17,2015-01-02
Empresa 177,Producto 1210,47.86,9-18,2018-08-31
Empresa 53,Producto 1211,45.52,8-15,2019-11-24
Empresa 25,Producto 1212,6.62,7-13,2015-04-05
Empresa 102,Producto 1213,13.45,7-13,2017-01-21
Empresa 164,Producto 1214,15.67,9-18,2016-02-12
Empresa 144,Producto 1215,40.29,10-17,2017-12-01
Empresa 188,Producto 1216,19.19,8-17,2017-06-05
Empresa 50,Producto 1217,26.93,7-13,2018-11-09
Empresa 20,Producto 1218,16.07,10-17,2018-08-18
Empresa 29,Producto 1219,5.89,8-17,2017-02-28
Empresa 95,Producto 1220,18.32,8-17,2018-03-13
Empresa 55,Producto 1221,20.7,10-17,2015-02-23
Empresa 32,Producto 1222,21.86,8-15,2019-09-01
Empresa 171,Producto 1223,26.96,10-17,2018-01-06
Empresa 118,Producto 1224,12.38,7-13,2016-02-28
Empresa 77,Producto 1225,17.8,8-17,2016-03-05
Empresa 6,Producto 1226,28.25,8-15,2015-05-28
Empresa 42,Producto 1227,29.09,7-13,2018-06-10
Empresa 103,Producto 1228,2.3,8-15,2015-03-20
Empresa 162,Producto 1229,32.1,8-15,2016-02-18
Empresa 118,Producto 1230,18.56,8-17,2017-03-17
Empresa 8,Producto 1231,42.87,9-18,2018-08-02
Empresa 29,Producto 1232,25.09,8-17,2019-06-29
Empresa 135,Producto 1233,12.98,7-13,2016-08-28
Empresa 23,Producto 1234,20.23,7-13,2016-06-27
Empresa 189,Producto 1235,25.44,7-13,2017-02-27
Empresa 188,Producto 1236,6.07,7-13,2019-05-31
Empresa 8,Producto 1237,37.14,8-15,2015-11-25
Empresa 51,Producto 1238,44.85,8-15,2017-05-14
Empresa 138,Producto 1239,5.16,8-17,2016-05-21
Empresa 118,Producto 1240,44.78,8-17,2017-06-05
Empresa 43,Producto 1241,3.88,10-17,2017-12-08
Empresa 77,Producto 1242,37.68,8-17,2018-11-18
Empresa 38,Producto 1243,33.84,8-15,2018-10-11
Empresa 132,Producto 1244,35.15,9-18,2017-06-16
Empresa 101,Producto 1245,43.08,7-13,2016-05-21
Empresa 136,Producto 1246,20.38,9-18,2018-12-15
Empresa 22,Producto 1247,34.24,9-18,2019-07-27
Empresa 189,Producto 1248,24.7,8-17,2018-04-12
Empresa 7,Producto 1249,39.91,9-18,2016-10-02
Empresa 79,Producto 1250,37.18,9-18,2015-05-10
Empresa 43,Producto 1251,2.72,8-17,2016-11-10
Empresa 26,Producto 1252,19.7,9-18,2018-12-03
Empresa 8,Producto 1253,48.46,9-18,2016-03-21
Empresa 32,Producto 1254,34.2,8-15,2019-04-10
Empresa 68,Producto 1255,31.49,7-13,2017-11-25
Empresa 130,Producto 1256,7.18,8-15,2017-10-07
Empresa 192,Producto 1257,17.87,7-13,2017-01-08
Empresa 8,Producto 1258,33.78,9-18,2016-06-27
Empresa 151,Producto 1259,42.7,9-18,2016-08-11
Empresa 21,Producto 1260,14.8,10-17,2015-03-17
Empresa 140,Producto 1261,47.55,7-13,2018-01-09
Empresa 103,Producto 1262,3.07,9-18,2015-01-08
Empresa 148,Producto 1263,23.44,8-17,2018-12-18
Empresa 154,Producto 1264,21.14,7-13,2015-02-01
Empresa 160,Producto 1265,46.8,8-17,2015-01-06
Empresa 110,Producto 1266,11.04,8-15,2017-01-29
Empresa 33,Producto 1267,17.57,9-18,2015-01-02
Empresa 103,Producto 1268,43.73,7-13,2015-04-27
Empresa 67,Producto 1269,36.47,7-13,2015-07-16
Empresa 36,Producto 1270,19.0,8-15,2016-03-11
Empresa 64,Producto 1271,17.74,7-13,2018-05-05
Empresa 154,Producto 1272,5.27,7-13,2016-03-15
Empresa 17,Producto 1273,38.46,8-15,2018-08-11
Empresa 142,Producto 1274,42.61,8-17,2017-09-28
Empresa 4,Producto 1275,47.18,9-18,2015-04-24
Empresa 52,Producto 1276,6.07,10-17,2019-06-21
Empresa 64,Producto 1277,4.47,8-15,2017-01-18
Empresa 42,Producto 1278,39.9,8-15,2015-08-06
Empresa 68,Producto 1279,8.43,9-18,2016-06-10
Empresa 179,Producto 1280,49.59,8-17,2016-09-14
Empresa 46,Producto 1281,36.98,8-17,2017-05-20
Empresa 0,Producto 1282,27.62,8-17,2015-05-18
Empresa 89,Producto 1283,10.39,7-13,2017-11-01
Empresa 118,Producto 1284,23.24,8-17,2016-01-15
Empresa 30,Producto 1285,9.78,9-18,2018-09-23
Empresa 158,Producto 1286,25.89,9-18,2018-03-05
Empresa 127,Producto 1287,2.24,9-18,2019-08-11
Empresa 64,Producto 1288,41.67,10-17,2018-07-19
Empresa 69,Producto 1289,32.24,8-17,2016-10-22
Empresa 32,Producto 1290,31.71,8-17,2015-08-02
Empresa 22,Producto 1291,43.36,8-17,2019-05-30
Empresa 0,Producto 1292,11.05,8-15,2019-12-27
Empresa 156,Producto 1293,28.42,10-17,2016-07-08
Empresa 111,Producto 1294,46.7,10-17,2017-08-15
Empresa 23,Producto 1295,30.32,8-17,2017-12-14
Empresa 89,Producto 1296,11.74,9-18,2016-08-09
Empresa 89,Producto 1297,12.66,7-13,2015-03-19
Empresa 158,Producto 1298,40.51,8-17,2016-08-19
Empresa 191,Producto 1299,5.94,8-15,2016-02-11
Empresa 74,Producto 1300,27.45,9-18,2015-02-26
Empresa 157,Producto 1301,3.69,7-13,2018-01-25
Empresa 120,Producto 1302,2.35,7-13,2016-02-01
Empresa 155,Producto 1303,47.99,8-15,2018-05-22
Empresa 25,Producto 1304,43.45,10-17,2016-06-29
Empresa 109,Producto 1305,2.71,9-18,2015-04-13
Empresa 11,Producto 1306,41.68,7-13,2018-06-25
Empresa 140,Producto 1307,17.16,8-17,2019-05-31
Empresa 66,Producto 1308,23.78,9-18,2019-07-19
Empresa 90,Producto 1309,2.69,10-17,2016-04-04
Empresa 157,Producto 1310,9.35,8-17,2018-03-07
Empresa 11,Producto 1311,7.84,7-13,2016-06-26
Empresa 179,Producto 1312,28.14,10-17,2017-12-07
Empresa 156,Producto 1313,20.77,10-17,2018-06-26
Empresa 162,Producto 1314,40.15,9-18,2016-03-02
Empresa 111,Producto 1315,14.09,8-17,2016-01-21
Empresa 130,Producto 1316,26.91,7-13,2017-05-17
Empresa 140,Producto 1317,4.48,8-17,2018-09-07
Empresa 158,Producto 1318,23.15,9-18,2016-12-03
Empresa 52,Producto 1319,45.8,10-17,2016-12-08
Empresa 57,Producto 1320,8.16,10-17,2019-12-29
Empresa 127,Producto 1321,18.67,9-18,2017-10-09
Empresa 79,Producto 1322,12.86,9-18,2019-10-16
Empresa 151,Producto 1323,40.8,8-17,2015-05-15
Empresa 171,Producto 1324,13.4,9-18,2017-02-15
Empresa 23,Producto 1325,30.09,8-17,2018-05-24
Empresa 1,Producto 1326,18.35,8-17,2017-09-22
Empresa 29,Producto 1327,27.2,8-17,2017-07-18
Empresa 124,Producto 1328,11.13,7-13,2017-01-08
Empresa 22,Producto 1329,42.13,7-13,2017-08-27
Empresa 4,Producto 1330,45.84,10-17,2018-11-12
Empresa 157,Producto 1331,38.07,8-17,2015-01-01
Empresa 89,Producto 1332,24.93,8-17,2019-03-21
Empresa 164,Producto 1333,13.77,8-17,2017-04-04
Empresa 68,Producto 1334,15.69,9-18,2016-02-16
Empresa 162,Producto 1335,13.83,8-17,2016-05-28
Empresa 26,Producto 1336,9.23,7-13,2017-08-04
Empresa 140,Producto 1337,26.57,7-13,2017-10-11
Empresa 53,Producto 1338,6.82,8-15,2015-08-04
Empresa 36,Producto 1339,44.63,8-15,2016-12-28
Empresa 77,Producto 1340,49.14,7-13,2017-05-07
Empresa 51,Producto 1341,6.78,8-15,2018-10-11
Empresa 140,Producto 1342,37.51,7-13,2017-07-14
Empresa 164,Producto 1343,13.99,8-15,2015-09-21
Empresa 42,Producto 1344,6.58,8-17,2018-03-13
Empresa 140,Producto 1345,34.87,7-13,2017-05-21
Empresa 64,Producto 1346,35.52,10-17,2017-12-16
Empresa 23,Producto 1347,15.12,9-18,2018-02-23
Empresa 60,Producto 1348,23.78,8-15,2015-06-24
Empresa 177,Producto 1349,26.83,9-18,2015-11-30
Empresa 135,Producto 1350,29.56,10-17,2017-11-08
Empresa 103,Producto 1351,31.59,10-17,2019-12-07
Empresa 158,Producto 1352,33.16,8-15,2017-07-13
Empresa 40,Producto 1353,3.99,10-17,2015-11-03
Empresa 148,Producto 1354,29.21,7-13,2017-01-07
Empresa 162,Producto 1355,30.94,8-17,2019-11-30
Empresa 27,Producto 1356,33.84,7-13,2015-07-12
Empresa 90,Producto 1357,10.51,7-13,2019-01-27
Empresa 110,Producto 1358,19.13,8-15,2016-05-04
Empresa 171,Producto 1359,25.81,9-18,2016-06-16
Empresa 136,Producto 1360,38.77,8-17,2015-01-03
Empresa 199,Producto 1361,36.5,8-17,2016-11-22
Empresa 199,Producto 1362,27.94,9-18,2015-12-06
Empresa 36,Producto 1363,7.87,8-17,2019-08-19
Empresa 156,Producto 1364,46.53,10-17,2017-03-29
Empresa 43,Producto 1365,11.78,8-15,2018-04-20
Empresa 64,Producto 1366,8.0,8-15,2018-10-09
Empresa 127,Producto 1367,32.92,8-17,2017-06-22
Empresa 51,Producto 1368,8.36,7-13,2019-07-26
Empresa 55,Producto 1369,24.45,8-15,2019-10-30
Empresa 103,Producto 1370,23.85,10-17,2019-04-09
Empresa 67,Producto 1371,46.9,10-17,2018-11-24
Empresa 30,Producto 1372,25.19,8-17,2015-09-20
Empresa 0,Producto 1373,42.67,8-15,2016-06-04
Empresa 191,Producto 1374,20.33,8-15,2015-02-14
Empresa 154,Producto 1375,41.14,8-15,2018-05-04
Empresa 189,Producto 1376,20.76,9-18,2015-08-05
Empresa 65,Producto 1377,4.38,8-17,2015-05-11
Empresa 118,Producto 1378,24.84,7-13,2019-07-09
Empresa 196,Producto 1379,25.09,8-17,2018-04-09
Empresa 157,Producto 1380,31.72,10-17,2019-01-26
Empresa 22,Producto 1381,5.89,10-17,2018-08-13
Empresa 135,Producto 1382,1.88,8-17,2019-11-21
Empresa 6,Producto 1383,19.13,10-17,2016-12-22
Empresa 51,Producto 1384,7.43,8-15,2018-03-03
Empresa 171,Producto 1385,11.39,7-13,2016-03-01
Empresa 74,Producto 1386,37.52,10-17,2015-12-08
Empresa 109,Producto 1387,45.75,8-15,2017-11-14
Empresa 140,Producto 1388,5.41,9-18,2017-11-25
Empresa 192,Producto 1389,14.64,10-17,2019-11-19
Empresa 1,Producto 1390,41.34,8-15,2015-09-18
Empresa 196,Producto 1391,42.42,8-15,2017-05-19
Empresa 171,Producto 1392,35.8,8-17,2016-04-26
Empresa 195,Producto 1393,7.08,7-13,2015-02-01
Empresa 25,Producto 1394,41.73,8-17,2019-12-12
Empresa 30,Producto 1395,7.93,8-17,2018-08-28
Empresa 111,Producto 1396,4.71,10-17,2015-03-27
Empresa 66,Producto 1397,10.2,10-17,2018-09-20
Empresa 85,Producto 1398,7.23,7-13,2018-05-25
Empresa 196,Producto 1399,47.51,7-13,2017-12-23
Empresa 101,Producto 1400,30.55,10-17,2015-03-25
Empresa 154,Producto 1401,8.81,7-13,2015-07-17
Empresa 138,Producto 1402,37.11,9-18,2018-08-05
Empresa 42,Producto 1403,13.74,8-17,2019-08-18
Empresa 30,Producto 1404,23.05,7-13,2016-12-25
Empresa 140,Producto 1405,2.7,7-13,2015-01-14
Empresa 33,Producto 1406,3.75,7-13,2019-08-28
Empresa 144,Producto 1407,43.79,10-17,2015-05-09
Empresa 124,Producto 1408,31.71,8-15,2018-08-16
Empresa 43,Producto 1409,41.13,8-15,2019-03-01
Empresa 53,Producto 1410,16.83,8-17,2015-09-02
Empresa 179,Producto 1411,32.56,7-13,2016-07-20
Empresa 91,Producto 1412,13.96,8-15,2016-04-16
Empresa 120,Producto 1413,48.83,7-13,2017-11-17
Empresa 128,Producto 1414,48.06,8-17,2016-10-30
Empresa 149,Producto 1415,3.97,8-15,2018-09-07
Empresa 135,Producto 1416,44.18,9-18,2019-02-09
Empresa 120,Producto 1417,28.09,10-17,2015-02-10
Empresa 120,Producto 1418,9.54,10-17,2017-11-26
Empresa 23,Producto 1419,47.53,7-13,2016-06-24
Empresa 88,Producto 1420,35.34,10-17,2015-12-15
Empresa 140,Producto 1421,46.37,10-17,2015-06-03
Empresa 189,Producto 1422,8.2,8-17,2017-06-07
Empresa 23,Producto 1423,5.44,7-13,2019-02-18
Empresa 191,Producto 1424,43.35,9-18,2018-04-05
Empresa 158,Producto 1425,2.21,7-13,2015-08-09
Empresa 25,Producto 1426,21.57,10-17,2017-09-08
Empresa 166,Producto 1427,17.15,8-15,2019-06-04
Empresa 68,Producto 1428,31.77,8-17,2018-12-27
Empresa 101,Producto 1429,30.2,8-17,2018-02-26
Empresa 25,Producto 1430,42.61,7-13,2015-11-08
Empresa 162,Producto 1431,37.45,8-15,2017-03-14
Empresa 149,Producto 1432,30.31,9-18,2015-11-25
Empresa 111,Producto 1433,34.99,7-13,2018-01-29
Empresa 11,Producto 1434,28.05,7-13,2017-07-24
Empresa 195,Producto 1435,12.24,8-15,2019-02-25
Empresa 130,Producto 1436,2.37,7-13,2016-07-15
Empresa 130,Producto 1437,15.19,10-17,2015-04-11
Empresa 103,Producto 1438,30.4,7-13,2017-04-09
Empresa 192,Producto 1439,14.93,7-13,2017-04-13
Empresa 65,Producto 1440,48.44,8-15,2017-02-13
Empresa 33,Producto 1441,33.35,7-13,2018-12-02
Empresa 56,Producto 1442,3.84,9-18,2016-04-15
Empresa 53,Producto 1443,29.36,10-17,2017-11-09
Empresa 75,Producto 1444,46.44,9-18,2015-08-09
Empresa 25,Producto 1445,41.47,8-17,2018-04-17
Empresa 148,Producto 1446,49.37,7-13,2016-01-29
Empresa 67,Producto 1447,36.43,8-17,2015-10-04
Empresa 112,Producto 1448,36.55,9-18,2019-11-19
Empresa 36,Producto 1449,28.0,9-18,2015-06-02
Empresa 188,Producto 1450,44.62,9-18,2015-11-16
Empresa 101,Producto 1451,1.6,8-17,2018-02-07
Empresa 22,Producto 1452,5.22,7-13,2015-02-07
Empresa 114,Producto 1453,47.51,7-13,2015-09-06
Empresa 109,Producto 1454,6.72,9-18,2019-11-23
Empresa 158,Producto 1455,48.79,10-17,2015-11-25
Empresa 149,Producto 1456,22.38,10-17,2019-09-28
Empresa 36,Producto 1457,10.13,9-18,2015-05-05
Empresa 43,Producto 1458,17.04,7-13,2018-02-23
Empresa 192,Producto 1459,33.29,8-15,2016-12-28
Empresa 157,Producto 1460,33.57,7-13,2019-06-05
Empresa 38,Producto 1461,19.41,9-18,2018-10-01
Empresa 42,Producto 1462,37.03,8-17,2019-07-13
Empresa 43,Producto 1463,49.8,7-13,2015-07-10
Empresa 188,Producto 1464,40.86,9-18,2015-03-11
Empresa 50,Producto 1465,32.42,8-17,2019-04-15
Empresa 160,Producto 1466,35.34,7-13,2019-03-06
Empresa 68,Producto 1467,2.74,10-17,2015-05-08
Empresa 151,Producto 1468,49.53,10-17,2016-07-07
Empresa 80,Producto 1469,35.45,8-15,2015-01-04
Empresa 85,Producto 1470,35.23,8-17,2017-11-22
Empresa 65,Producto 1471,16.21,8-17,2018-08-11
Empresa 155,Producto 1472,49.91,8-15,2018-09-14
Empresa 188,Producto 1473,32.03,7-13,2019-12-27
Empresa 192,Producto 1474,28.49,8-17,2019-04-29
Empresa 109,Producto 1475,17.21,9-18,2016-09-25
Empresa 61,Producto 1476,17.38,8-17,2015-11-13
Empresa 55,Producto 1477,8.97,7-13,2019-11-02
Empresa 42,Producto 1478,46.84,8-17,2019-05-22
Empresa 65,Producto 1479,20.88,10-17,2016-12-19
Empresa 79,Producto 1480,46.99,7-13,2018-11-06
Empresa 68,Producto 1481,27.57,8-17,2017-06-19
Empresa 128,Producto 1482,24.02,8-17,2016-02-19
Empresa 69,Producto 1483,39.07,10-17,2017-05-28
Empresa 191,Producto 1484,14.47,9-18,2016-02-02
Empresa 136,Producto 1485,30.28,7-13,2016-05-12
Empresa 64,Producto 1486,49.75,9-18,2019-06-28
Empresa 124,Producto 1487,14.76,10-17,2019-04-24
Empresa 81,Producto 1488,25.97,8-17,2018-05-20
Empresa 101,Producto 1489,38.12,10-17,2016-04-06
Empresa 52,Producto 1490,47.9,8-17,2018-07-06
Empresa 57,Producto 1491,40.38,8-17,2016-11-28
Empresa 114,Producto 1492,40.29,7-13,2019-04-13
Empresa 7,Producto 1493,26.08,8-17,2017-10-25
Empresa 157,Producto 1494,14.05,9-18,2018-09-28
Empresa 20,Producto 1495,23.07,8-17,2019-12-28
Empresa 164,Producto 1496,17.92,7-13,2015-06-22
Empresa 21,Producto 1497,1.86,7-13,2017-09-20
Empresa 171,Producto 1498,20.29,7-13,2016-03-09
Empresa 101,Producto 1499,12.82,8-15,2016-04-06
