Tipo,Nombre,Pais,Telefono,Email
Fabricante,Empresa 0,Japon,7980275258,compras@empresa0.net
Proveedor,Empresa 1,Italia,8873822369,compras@empresa1.com
Fabricante,Empresa 2,Francia,8451412185,compras@empresa2.com
Fabricante,Empresa 3,Brasil,8432327250,compras@empresa3.net
Fabricante,Empresa 4,India,4734215373,compras@empresa4.com
Proveedor,Empresa 5,Brasil,4113446731,compras@empresa5.com
Proveedor,Empresa 6,Mexico,1824949137,compras@empresa6.com
Proveedor,Empresa 7,Canada,3784396857,compras@empresa7.net
Fabricante,Empresa 8,Alemania,7748136366,compras@empresa8.com
Proveedor,Empresa 9,China,6579437185,compras@empresa9.com
Proveedor,Empresa 10,China,2653876497,compras@empresa10.com
Proveedor,Empresa 11,Mexico,9198775788,compras@empresa11.com
Fabricante,Empresa 12,China,6818514031,compras@empresa12.net
Fabricante,Empresa 13,Japon,6355585829,compras@empresa13.com
Proveedor,Empresa 14,India,9672227540,compras@empresa14.net
Proveedor,Empresa 15,Italia,7481794890,compras@empresa15.net
Proveedor,Empresa 16,Italia,5673185696,compras@empresa16.net
Proveedor,Empresa 17,Alemania,8805481025,compras@empresa17.net
Fabricante,Empresa 18,Brasil,4530572677,compras@empresa18.com
Fabricante,Empresa 19,Estados Unidos,1625368551,compras@empresa19.net
Proveedor,Empresa 20,Canada,9239128870,compras@empresa20.net
Fabricante,Empresa 21,Estados Unidos,4319860427,compras@empresa21.net
Proveedor,Empresa 22,China,5679255515,compras@empresa22.com
Proveedor,Empresa 23,Estados Unidos,2508605703,compras@empresa23.net
Proveedor,Empresa 24,China,6674102007,compras@empresa24.com
Proveedor,Empresa 25,Mexico,3477790088,compras@empresa25.com
Fabricante,Empresa 26,India,2641093775,compras@empresa26.net
Fabricante,Empresa 27,Estados Unidos,7890290356,compras@empresa27.net
Proveedor,Empresa 28,Estados Unidos,5161481415,compras@empresa28.com
Proveedor,Empresa 29,China,3741395353,compras@empresa29.com
Fabricante,Empresa 30,Francia,8164160475,compras@empresa30.com
Fabricante,Empresa 31,Italia,9863768410,compras@empresa31.com
Fabricante,Empresa 32,China,8992829107,compras@empresa32.net
Proveedor,Empresa 33,India,2587157178,compras@empresa33.com
Fabricante,Empresa 34,Brasil,4893391287,compras@empresa34.net
Fabricante,Empresa 35,Brasil,9606048940,compras@empresa35.com
Fabricante,Empresa 36,Canada,9085734927,compras@empresa36.net
Proveedor,Empresa 37,Brasil,9058816006,compras@empresa37.com
Proveedor,Empresa 38,Alemania,4981047285,compras@empresa38.com
Fabricante,Empresa 39,China,3924787429,compras@empresa39.net
Proveedor,Empresa 40,Canada,4413370617,compras@empresa40.com
Proveedor,Empresa 41,Alemania,5987198053,compras@empresa41.com
Fabricante,Empresa 42,Francia,4448832374,compras@empresa42.net
Fabricante,Empresa 43,Estados Unidos,3492229476,compras@empresa43.com
Fabricante,Empresa 44,China,5774965973,compras@empresa44.com
Fabricante,Empresa 45,Brasil,2200587107,compras@empresa45.net
Proveedor,Empresa 46,Italia,4454498253,compras@empresa46.com
Proveedor,Empresa 47,Alemania,4150455864,compras@empresa47.com
Proveedor,Empresa 48,Japon,8000497086,compras@empresa48.com
Proveedor,Empresa 49,Brasil,2630507284,compras@empresa49.net
Fabricante,Empresa 50,Italia,9945308172,compras@empresa50.net
Proveedor,Empresa 51,India,3420069130,compras@empresa51.net
Fabricante,Empresa 52,Canada,1040964586,compras@empresa52.net
Fabricante,Empresa 53,Francia,4349485387,compras@empresa53.com
Proveedor,Empresa 54,China,3749692968,compras@empresa54.com
Fabricante,Empresa 55,Japon,3268000307,compras@empresa55.com
Proveedor,Empresa 56,Francia,8621867633,compras@empresa56.com
Proveedor,Empresa 57,China,4935954183,compras@empresa57.net
Proveedor,Empresa 58,Canada,4228150850,compras@empresa58.com
Proveedor,Empresa 59,Brasil,6793628882,compras@empresa59.com
Fabricante,Empresa 60,China,5369929495,compras@empresa60.net
Proveedor,Empresa 61,Canada,4588277864,compras@empresa61.net
Proveedor,Empresa 62,Brasil,9223637211,compras@empresa62.net
Fabricante,Empresa 63,Italia,5896956421,compras@empresa63.net
Proveedor,Empresa 64,Japon,2880318973,compras@empresa64.net
Proveedor,Empresa 65,Alemania,5912516755,compras@empresa65.net
Proveedor,Empresa 66,Alemania,6488271355,compras@empresa66.com
Fabricante,Empresa 67,Brasil,3494086530,compras@empresa67.net
Proveedor,Empresa 68,Italia,4162010365,compras@empresa68.net
Proveedor,Empresa 69,Brasil,3320370003,compras@empresa69.com
Proveedor,Empresa 70,Mexico,4534041882,compras@empresa70.com
Proveedor,Empresa 71,Alemania,7221534676,compras@empresa71.net
Proveedor,Empresa 72,Alemania,7617284278,compras@empresa72.com
Fabricante,Empresa 73,Francia,1774541124,compras@empresa73.net
Fabricante,Empresa 74,Brasil,7519085519,compras@empresa74.net
Proveedor,Empresa 75,Mexico,8311484312,compras@empresa75.net
Proveedor,Empresa 76,China,8604415891,compras@empresa76.net
Fabricante,Empresa 77,China,4105003092,compras@empresa77.net
Fabricante,Empresa 78,Japon,6772067036,compras@empresa78.net
Proveedor,Empresa 79,Estados Unidos,7796312560,compras@empresa79.com
Fabricante,Empresa 80,Francia,4652032521,compras@empresa80.net
Fabricante,Empresa 81,Alemania,8092165482,compras@empresa81.net
Fabricante,Empresa 82,China,5970475704,compras@empresa82.net
Fabricante,Empresa 83,Estados Unidos,7932908969,compras@empresa83.net
Fabricante,Empresa 84,India,5052950590,compras@empresa84.com
Fabricante,Empresa 85,Brasil,7288741731,compras@empresa85.com
Proveedor,Empresa 86,Alemania,4265821661,compras@empresa86.net
Proveedor,Empresa 87,India,9653944934,compras@empresa87.com
Fabricante,Empresa 88,Francia,4564572324,compras@empresa88.com
Proveedor,Empresa 89,Estados Unidos,9329761058,compras@empresa89.net
Fabricante,Empresa 90,China,3298137859,compras@empresa90.net
Proveedor,Empresa 91,Francia,9287978985,compras@empresa91.com
Fabricante,Empresa 92,Alemania,6140169141,compras@empresa92.net
Proveedor,Empresa 93,Francia,8069162169,compras@empresa93.com
Fabricante,Empresa 94,China,2568644903,compras@empresa94.net
Proveedor,Empresa 95,Francia,2113897120,compras@empresa95.net
Fabricante,Empresa 96,Alemania,9344192018,compras@empresa96.net
Fabricante,Empresa 97,China,7609291862,compras@empresa97.com
Fabricante,Empresa 98,Brasil,4772989443,compras@empresa98.com
Fabricante,Empresa 99,China,9454728566,compras@empresa99.net
Proveedor,Empresa 100,China,2869494434,compras@empresa100.com
Fabricante,Empresa 101,India,7222787953,compras@empresa101.com
Fabricante,Empresa 102,Brasil,3761098965,compras@empresa102.com
Fabricante,Empresa 103,Estados Unidos,2960477775,compras@empresa103.net
Proveedor,Empresa 104,Alemania,9231182948,compras@empresa104.net
Fabricante,Empresa 105,Alemania,3151446861,compras@empresa105.com
Proveedor,Empresa 106,Brasil,3901741304,compras@empresa106.com
Proveedor,Empresa 107,Italia,1941394827,compras@empresa107.net
Proveedor,Empresa 108,Estados Unidos,7381122579,compras@empresa108.net
Proveedor,Empresa 109,China,1740446901,compras@empresa109.com
Proveedor,Empresa 110,Mexico,2643293946,compras@empresa110.net
Fabricante,Empresa 111,Francia,9237338742,compras@empresa111.com
Fabricante,Empresa 112,Canada,4004515975,compras@empresa112.com
Proveedor,Empresa 113,India,1750101308,compras@empresa113.com
Fabricante,Empresa 114,Brasil,9931951598,compras@empresa114.com
Fabricante,Empresa 115,Japon,7662719630,compras@empresa115.net
Fabricante,Empresa 116,Alemania,7217349645,compras@empresa116.net
Fabricante,Empresa 117,Japon,1010685962,compras@empresa117.com
Fabricante,Empresa 118,Italia,2916178294,compras@empresa118.net
Proveedor,Empresa 119,China,8401637104,compras@empresa119.net
Fabricante,Empresa 120,Estados Unidos,8238218606,compras@empresa120.net
Fabricante,Empresa 121,Brasil,9334002181,compras@empresa121.com
Fabricante,Empresa 122,China,2972817781,compras@empresa122.com
Proveedor,Empresa 123,Canada,9172629553,compras@empresa123.com
Fabricante,Empresa 124,Mexico,5888067478,compras@empresa124.net
Proveedor,Empresa 125,Estados Unidos,9824943387,compras@empresa125.com
Fabricante,Empresa 126,Mexico,5151220583,compras@empresa126.net
Fabricante,Empresa 127,Estados Unidos,3952970136,compras@empresa127.com
Proveedor,Empresa 128,Estados Unidos,8739968544,compras@empresa128.com
Proveedor,Empresa 129,India,2796300317,compras@empresa129.com
Proveedor,Empresa 130,India,4700187540,compras@empresa130.com
Proveedor,Empresa 131,India,8288377242,compras@empresa131.com
Proveedor,Empresa 132,Brasil,9786386452,compras@empresa132.net
Proveedor,Empresa 133,Canada,6069201764,compras@empresa133.net
Proveedor,Empresa 134,Italia,8563518732,compras@empresa134.com
Proveedor,Empresa 135,China,4463837315,compras@empresa135.net
Proveedor,Empresa 136,Estados Unidos,4179465158,compras@empresa136.com
Proveedor,Empresa 137,Brasil,6016589164,compras@empresa137.com
Proveedor,Empresa 138,China,4453790484,compras@empresa138.com
Fabricante,Empresa 139,Japon,5604947501,compras@empresa139.com
Fabricante,Empresa 140,Italia,5279654328,compras@empresa140.com
Proveedor,Empresa 141,Brasil,4347333996,compras@empresa141.net
Proveedor,Empresa 142,Francia,5368692580,compras@empresa142.net
Proveedor,Empresa 143,Mexico,7088730530,compras@empresa143.com
Proveedor,Empresa 144,Francia,7786903185,compras@empresa144.net
Fabricante,Empresa 145,Estados Unidos,2048480548,compras@empresa145.net
Fabricante,Empresa 146,Francia,5460820809,compras@empresa146.com
Fabricante,Empresa 147,Italia,2093189897,compras@empresa147.com
Proveedor,Empresa 148,Brasil,4251743102,compras@empresa148.com
Proveedor,Empresa 149,Mexico,5076661992,compras@empresa149.net
Fabricante,Empresa 150,Francia,7616354189,compras@empresa150.net
Proveedor,Empresa 151,Alemania,5584669809,compras@empresa151.net
Fabricante,Empresa 152,Brasil,5233372387,compras@empresa152.net
Fabricante,Empresa 153,Japon,8907168989,compras@empresa153.com
Proveedor,Empresa 154,Canada,1484117372,compras@empresa154.net
Proveedor,Empresa 155,Canada,3848362108,compras@empresa155.net
Fabricante,Empresa 156,Japon,9612053412,compras@empresa156.net
Proveedor,Empresa 157,Alemania,6148743843,compras@empresa157.net
Fabricante,Empresa 158,China,8098145688,compras@empresa158.com
Proveedor,Empresa 159,Italia,1040915475,compras@empresa159.com
Fabricante,Empresa 160,Brasil,4090310218,compras@empresa160.com
Fabricante,Empresa 161,Canada,2911849958,compras@empresa161.net
Proveedor,Empresa 162,Italia,5059469526,compras@empresa162.com
Fabricante,Empresa 163,Alemania,4293729967,compras@empresa163.net
Proveedor,Empresa 164,India,7190754463,compras@empresa164.net
Proveedor,Empresa 165,Brasil,7501722068,compras@empresa165.com
Proveedor,Empresa 166,Alemania,1151654521,compras@empresa166.com
Fabricante,Empresa 167,Alemania,7096203082,compras@empresa167.net
Fabricante,Empresa 168,Brasil,1681284621,compras@empresa168.com
Fabricante,Empresa 169,Japon,8624806025,compras@empresa169.net
Fabricante,Empresa 170,Japon,6573976225,compras@empresa170.net
Proveedor,Empresa 171,Japon,3392182582,compras@empresa171.com
Fabricante,Empresa 172,Francia,5089162548,compras@empresa172.net
Fabricante,Empresa 173,Francia,7029373820,compras@empresa173.com
Fabricante,Empresa 174,India,8471485300,compras@empresa174.com
Proveedor,Empresa 175,Alemania,9803111116,compras@empresa175.net
Proveedor,Empresa 176,China,6111198567,compras@empresa176.com
Proveedor,Empresa 177,Brasil,7640833374,compras@empresa177.net
Fabricante,Empresa 178,Estados Unidos,9544949350,compras@empresa178.com
Fabricante,Empresa 179,Francia,7499597120,compras@empresa179.com
Fabricante,Empresa 180,Francia,8898420780,compras@empresa180.net
Fabricante,Empresa 181,Japon,2487240425,compras@empresa181.com
Fabricante,Empresa 182,India,6306496378,compras@empresa182.com
Fabricante,Empresa 183,Japon,8308284218,compras@empresa183.com
Proveedor,Empresa 184,Canada,9301786970,compras@empresa184.com
Proveedor,Empresa 185,Brasil,8229828382,compras@empresa185.net
Fabricante,Empresa 186,Alemania,6375625591,compras@empresa186.net
Proveedor,Empresa 187,Canada,3966666767,compras@empresa187.net
Fabricante,Empresa 188,Mexico,5265652877,compras@empresa188.com
Fabricante,Empresa 189,Estados Unidos,8963039822,compras@empresa189.com
Fabricante,Empresa 190,Estados Unidos,5960563535,compras@empresa190.com
Proveedor,Empresa 191,Alemania,4890907730,compras@empresa191.com
Proveedor,Empresa 192,India,4451561927,compras@empresa192.net
Fabricante,Empresa 193,Estados Unidos,2119744458,compras@empresa193.com
Proveedor,Empresa 194,Japon,6223682599,compras@empresa194.net
Proveedor,Empresa 195,Alemania,1786400994,compras@empresa195.net
Fabricante,Empresa 196,India,1024880274,compras@empresa196.com
Fabricante,Empresa 197,Mexico,4499584966,compras@empresa197.net
Proveedor,Empresa 198,India,3399943275,compras@empresa198.net
Proveedor,Empresa 199,India,7905722929,compras@empresa199.com
