documento,almacen,hechaPor,hora,responsable
0,Almacen 6,Empleado 78,13,Gestor 5
1,Almacen 25,Empleado 29,17,Gestor 5
4,Almacen 17,Empleado 80,16,Gestor 4
5,Almacen 30,Empleado 34,18,Gestor 5
6,Almacen 40,Empleado 21,16,Gestor 2
8,Almacen 18,Empleado 3,17,Gestor 2
9,Almacen 32,Empleado 47,9,Gestor 5
10,Almacen 18,Empleado 29,8,Gestor 5
12,Almacen 27,Empleado 59,9,Gestor 2
14,Almacen 6,Empleado 13,16,Gestor 2
15,Almacen 29,Empleado 83,10,Gestor 3
18,Almacen 45,Empleado 22,18,Gestor 5
19,Almacen 17,Empleado 95,13,Gestor 2
20,Almacen 9,Empleado 13,13,Gestor 2
24,Almacen 31,Empleado 69,9,Gestor 3
25,Almacen 31,Empleado 64,12,Gestor 5
28,Almacen 42,Empleado 78,18,Gestor 2
29,Almacen 25,Empleado 45,13,Gestor 2
30,Almacen 10,Empleado 79,14,Gestor 2
31,Almacen 6,Empleado 12,17,Gestor 5
32,Almacen 7,Empleado 84,12,Gestor 1
33,Almacen 17,Empleado 53,10,Gestor 1
34,Almacen 45,Empleado 51,18,Gestor 1
36,Almacen 11,Empleado 90,18,Gestor 2
39,Almacen 11,Empleado 8,13,Gestor 5
40,Almacen 0,Empleado 54,15,Gestor 5
41,Almacen 42,Empleado 3,15,Gestor 1
42,Almacen 15,Empleado 21,10,Gestor 4
46,Almacen 22,Empleado 98,9,Gestor 2
47,Almacen 24,Empleado 35,8,Gestor 3
48,Almacen 24,Empleado 5,18,Gestor 2
49,Almacen 19,Empleado 73,18,Gestor 1
50,Almacen 10,Empleado 75,17,Gestor 2
51,Almacen 34,Empleado 33,9,Gestor 3
56,Almacen 20,Empleado 52,17,Gestor 1
58,Almacen 39,Empleado 7,10,Gestor 3
60,Almacen 17,Empleado 93,9,Gestor 1
61,Almacen 4,Empleado 25,14,Gestor 3
63,Almacen 45,Empleado 42,15,Gestor 3
66,Almacen 36,Empleado 17,18,Gestor 4
67,Almacen 6,Empleado 50,8,Gestor 2
68,Almacen 43,Empleado 64,11,Gestor 3
69,Almacen 18,Empleado 29,9,Gestor 2
71,Almacen 35,Empleado 71,13,Gestor 3
73,Almacen 46,Empleado 13,12,Gestor 4
74,Almacen 13,Empleado 54,16,Gestor 5
75,Almacen 39,Empleado 36,17,Gestor 1
76,Almacen 17,Empleado 14,12,Gestor 2
78,Almacen 9,Empleado 36,8,Gestor 1
79,Almacen 28,Empleado 19,14,Gestor 5
80,Almacen 36,Empleado 80,11,Gestor 5
84,Almacen 30,Empleado 45,14,Gestor 2
85,Almacen 45,Empleado 90,14,Gestor 4
88,Almacen 19,Empleado 63,15,Gestor 3
92,Almacen 26,Empleado 64,9,Gestor 3
93,Almacen 25,Empleado 36,15,Gestor 4
97,Almacen 17,Empleado 12,14,Gestor 4
98,Almacen 27,Empleado 86,8,Gestor 4
99,Almacen 0,Empleado 78,9,Gestor 4
100,Almacen 17,Empleado 10,12,Gestor 3
101,Almacen 26,Empleado 32,17,Gestor 1
102,Almacen 42,Empleado 51,14,Gestor 5
103,Almacen 9,Empleado 55,12,Gestor 2
104,Almacen 47,Empleado 69,12,Gestor 4
105,Almacen 46,Empleado 88,12,Gestor 3
106,Almacen 48,Empleado 46,16,Gestor 5
107,Almacen 41,Empleado 52,13,Gestor 4
109,Almacen 36,Empleado 1,11,Gestor 1
110,Almacen 8,Empleado 1,10,Gestor 3
111,Almacen 19,Empleado 93,13,Gestor 5
112,Almacen 47,Empleado 85,10,Gestor 2
113,Almacen 5,Empleado 89,10,Gestor 1
115,Almacen 35,Empleado 96,12,Gestor 2
117,Almacen 17,Empleado 40,14,Gestor 1
118,Almacen 24,Empleado 20,14,Gestor 4
119,Almacen 47,Empleado 81,14,Gestor 5
121,Almacen 6,Empleado 48,8,Gestor 3
123,Almacen 27,Empleado 83,12,Gestor 1
124,Almacen 12,Empleado 50,18,Gestor 4
126,Almacen 42,Empleado 31,8,Gestor 3
127,Almacen 40,Empleado 82,17,Gestor 5
128,Almacen 10,Empleado 43,11,Gestor 2
130,Almacen 26,Empleado 96,9,Gestor 4
133,Almacen 6,Empleado 8,9,Gestor 4
134,Almacen 7,Empleado 94,8,Gestor 1
136,Almacen 23,Empleado 47,16,Gestor 3
138,Almacen 28,Empleado 47,11,Gestor 1
139,Almacen 48,Empleado 93,13,Gestor 1
141,Almacen 15,Empleado 80,10,Gestor 3
143,Almacen 21,Empleado 77,9,Gestor 2
144,Almacen 32,Empleado 86,18,Gestor 3
145,Almacen 39,Empleado 74,18,Gestor 2
146,Almacen 17,Empleado 7,14,Gestor 4
147,Almacen 38,Empleado 30,18,Gestor 3
148,Almacen 0,Empleado 63,10,Gestor 4
151,Almacen 8,Empleado 35,14,Gestor 4
152,Almacen 18,Empleado 27,8,Gestor 4
154,Almacen 3,Empleado 31,17,Gestor 1
155,Almacen 41,Empleado 76,18,Gestor 3
156,Almacen 8,Empleado 71,13,Gestor 1
158,Almacen 38,Empleado 86,11,Gestor 5
159,Almacen 33,Empleado 34,11,Gestor 5
160,Almacen 32,Empleado 73,9,Gestor 2
162,Almacen 37,Empleado 11,17,Gestor 5
163,Almacen 20,Empleado 17,11,Gestor 4
166,Almacen 10,Empleado 66,9,Gestor 3
169,Almacen 36,Empleado 65,12,Gestor 1
170,Almacen 8,Empleado 28,13,Gestor 3
171,Almacen 30,Empleado 40,12,Gestor 4
174,Almacen 39,Empleado 12,12,Gestor 4
175,Almacen 15,Empleado 75,16,Gestor 5
176,Almacen 26,Empleado 77,14,Gestor 2
177,Almacen 23,Empleado 100,17,Gestor 3
178,Almacen 39,Empleado 50,16,Gestor 4
179,Almacen 24,Empleado 21,9,Gestor 3
181,Almacen 48,Empleado 67,15,Gestor 4
182,Almacen 32,Empleado 68,9,Gestor 3
183,Almacen 16,Empleado 44,12,Gestor 1
184,Almacen 3,Empleado 22,8,Gestor 3
185,Almacen 22,Empleado 81,17,Gestor 1
186,Almacen 32,Empleado 66,9,Gestor 1
187,Almacen 39,Empleado 99,12,Gestor 5
188,Almacen 47,Empleado 84,16,Gestor 2
189,Almacen 23,Empleado 65,15,Gestor 1
190,Almacen 33,Empleado 87,10,Gestor 5
191,Almacen 5,Empleado 88,17,Gestor 1
192,Almacen 20,Empleado 29,16,Gestor 4
193,Almacen 45,Empleado 46,10,Gestor 2
194,Almacen 5,Empleado 42,15,Gestor 1
196,Almacen 20,Empleado 93,12,Gestor 4
197,Almacen 2,Empleado 29,18,Gestor 4
199,Almacen 49,Empleado 57,8,Gestor 1
200,Almacen 30,Empleado 1,16,Gestor 5
202,Almacen 46,Empleado 72,14,Gestor 2
204,Almacen 38,Empleado 35,15,Gestor 1
205,Almacen 15,Empleado 90,18,Gestor 5
207,Almacen 12,Empleado 27,17,Gestor 5
209,Almacen 49,Empleado 33,11,Gestor 1
210,Almacen 0,Empleado 96,14,Gestor 4
214,Almacen 44,Empleado 4,16,Gestor 2
215,Almacen 49,Empleado 100,12,Gestor 5
216,Almacen 29,Empleado 14,11,Gestor 3
217,Almacen 26,Empleado 8,13,Gestor 2
218,Almacen 16,Empleado 34,12,Gestor 2
219,Almacen 3,Empleado 42,8,Gestor 1
220,Almacen 25,Empleado 66,8,Gestor 3
223,Almacen 37,Empleado 87,14,Gestor 2
225,Almacen 23,Empleado 24,17,Gestor 2
226,Almacen 14,Empleado 11,15,Gestor 4
227,Almacen 16,Empleado 49,8,Gestor 3
228,Almacen 28,Empleado 12,10,Gestor 2
229,Almacen 9,Empleado 23,16,Gestor 1
232,Almacen 45,Empleado 10,16,Gestor 5
233,Almacen 46,Empleado 64,16,Gestor 4
236,Almacen 41,Empleado 34,14,Gestor 3
237,Almacen 42,Empleado 48,14,Gestor 1
238,Almacen 46,Empleado 57,12,Gestor 2
243,Almacen 45,Empleado 72,9,Gestor 1
245,Almacen 17,Empleado 14,9,Gestor 2
249,Almacen 29,Empleado 88,13,Gestor 1
250,Almacen 28,Empleado 93,17,Gestor 2
252,Almacen 7,Empleado 65,10,Gestor 5
253,Almacen 15,Empleado 17,10,Gestor 3
254,Almacen 14,Empleado 84,10,Gestor 2
256,Almacen 9,Empleado 16,15,Gestor 2
257,Almacen 21,Empleado 31,18,Gestor 3
258,Almacen 21,Empleado 5,15,Gestor 4
260,Almacen 8,Empleado 91,9,Gestor 4
261,Almacen 22,Empleado 71,13,Gestor 5
262,Almacen 3,Empleado 83,18,Gestor 2
263,Almacen 13,Empleado 61,18,Gestor 5
264,Almacen 48,Empleado 74,12,Gestor 2
266,Almacen 49,Empleado 10,13,Gestor 4
267,Almacen 21,Empleado 15,17,Gestor 1
268,Almacen 32,Empleado 57,8,Gestor 3
270,Almacen 37,Empleado 80,16,Gestor 1
272,Almacen 3,Empleado 40,14,Gestor 1
273,Almacen 8,Empleado 86,11,Gestor 3
274,Almacen 39,Empleado 34,9,Gestor 2
275,Almacen 2,Empleado 95,16,Gestor 1
276,Almacen 46,Empleado 39,16,Gestor 3
277,Almacen 43,Empleado 17,13,Gestor 5
278,Almacen 38,Empleado 98,18,Gestor 1
280,Almacen 37,Empleado 25,12,Gestor 4
281,Almacen 48,Empleado 93,9,Gestor 2
283,Almacen 16,Empleado 71,9,Gestor 4
285,Almacen 8,Empleado 74,18,Gestor 1
286,Almacen 6,Empleado 64,17,Gestor 5
287,Almacen 17,Empleado 35,11,Gestor 5
288,Almacen 4,Empleado 28,18,Gestor 4
289,Almacen 44,Empleado 67,10,Gestor 4
291,Almacen 30,Empleado 42,18,Gestor 3
293,Almacen 37,Empleado 89,13,Gestor 5
296,Almacen 16,Empleado 55,9,Gestor 4
297,Almacen 42,Empleado 58,11,Gestor 3
298,Almacen 19,Empleado 47,10,Gestor 1
299,Almacen 40,Empleado 97,14,Gestor 3
300,Almacen 2,Empleado 64,14,Gestor 4
302,Almacen 14,Empleado 41,8,Gestor 1
303,Almacen 29,Empleado 42,14,Gestor 4
308,Almacen 26,Empleado 13,9,Gestor 2
312,Almacen 11,Empleado 92,10,Gestor 4
313,Almacen 17,Empleado 52,11,Gestor 1
314,Almacen 24,Empleado 10,17,Gestor 1
315,Almacen 11,Empleado 85,17,Gestor 5
316,Almacen 7,Empleado 92,15,Gestor 2
317,Almacen 36,Empleado 79,10,Gestor 2
318,Almacen 21,Empleado 17,8,Gestor 4
319,Almacen 43,Empleado 7,14,Gestor 3
320,Almacen 23,Empleado 96,11,Gestor 5
322,Almacen 37,Empleado 62,18,Gestor 2
323,Almacen 46,Empleado 38,10,Gestor 4
324,Almacen 32,Empleado 19,12,Gestor 4
326,Almacen 21,Empleado 32,10,Gestor 2
327,Almacen 33,Empleado 53,17,Gestor 2
328,Almacen 31,Empleado 86,18,Gestor 1
329,Almacen 25,Empleado 94,13,Gestor 3
330,Almacen 40,Empleado 5,12,Gestor 5
332,Almacen 43,Empleado 78,9,Gestor 3
333,Almacen 2,Empleado 18,17,Gestor 4
334,Almacen 25,Empleado 25,9,Gestor 5
335,Almacen 30,Empleado 22,10,Gestor 2
339,Almacen 28,Empleado 65,17,Gestor 3
341,Almacen 35,Empleado 32,16,Gestor 5
342,Almacen 22,Empleado 83,11,Gestor 3
344,Almacen 44,Empleado 2,17,Gestor 5
347,Almacen 49,Empleado 17,9,Gestor 5
348,Almacen 40,Empleado 63,17,Gestor 2
349,Almacen 9,Empleado 58,18,Gestor 2
350,Almacen 48,Empleado 73,14,Gestor 3
351,Almacen 36,Empleado 45,16,Gestor 3
352,Almacen 14,Empleado 8,18,Gestor 1
353,Almacen 46,Empleado 94,8,Gestor 4
354,Almacen 43,Empleado 8,18,Gestor 4
358,Almacen 38,Empleado 10,15,Gestor 2
360,Almacen 32,Empleado 86,16,Gestor 5
361,Almacen 8,Empleado 85,18,Gestor 3
363,Almacen 48,Empleado 20,11,Gestor 3
364,Almacen 0,Empleado 17,9,Gestor 1
365,Almacen 49,Empleado 100,13,Gestor 1
366,Almacen 27,Empleado 100,13,Gestor 4
367,Almacen 49,Empleado 91,14,Gestor 5
371,Almacen 33,Empleado 61,11,Gestor 2
374,Almacen 24,Empleado 5,13,Gestor 4
375,Almacen 7,Empleado 14,13,Gestor 2
376,Almacen 46,Empleado 26,12,Gestor 4
377,Almacen 26,Empleado 89,13,Gestor 4
378,Almacen 6,Empleado 93,10,Gestor 4
379,Almacen 13,Empleado 5,18,Gestor 2
380,Almacen 26,Empleado 4,13,Gestor 4
382,Almacen 15,Empleado 94,17,Gestor 3
383,Almacen 18,Empleado 78,13,Gestor 5
384,Almacen 18,Empleado 58,14,Gestor 5
385,Almacen 29,Empleado 26,16,Gestor 5
386,Almacen 17,Empleado 59,10,Gestor 1
388,Almacen 20,Empleado 9,13,Gestor 3
389,Almacen 23,Empleado 53,9,Gestor 1
390,Almacen 36,Empleado 44,11,Gestor 5
391,Almacen 47,Empleado 12,16,Gestor 4
393,Almacen 7,Empleado 87,8,Gestor 4
394,Almacen 11,Empleado 28,9,Gestor 1
395,Almacen 7,Empleado 17,13,Gestor 3
396,Almacen 9,Empleado 94,9,Gestor 3
397,Almacen 14,Empleado 83,8,Gestor 1
398,Almacen 43,Empleado 3,12,Gestor 4
400,Almacen 23,Empleado 52,16,Gestor 3
402,Almacen 44,Empleado 44,8,Gestor 3
403,Almacen 43,Empleado 91,12,Gestor 2
404,Almacen 39,Empleado 49,16,Gestor 4
407,Almacen 31,Empleado 90,12,Gestor 3
408,Almacen 23,Empleado 26,11,Gestor 4
410,Almacen 11,Empleado 34,9,Gestor 3
411,Almacen 23,Empleado 92,16,Gestor 4
413,Almacen 36,Empleado 21,12,Gestor 1
414,Almacen 14,Empleado 67,11,Gestor 1
416,Almacen 10,Empleado 89,14,Gestor 2
417,Almacen 12,Empleado 25,11,Gestor 4
420,Almacen 16,Empleado 88,9,Gestor 3
422,Almacen 42,Empleado 65,18,Gestor 1
424,Almacen 44,Empleado 7,8,Gestor 4
425,Almacen 21,Empleado 8,17,Gestor 5
427,Almacen 4,Empleado 14,12,Gestor 5
429,Almacen 25,Empleado 54,13,Gestor 2
430,Almacen 33,Empleado 23,12,Gestor 5
431,Almacen 27,Empleado 13,13,Gestor 3
432,Almacen 30,Empleado 35,17,Gestor 5
433,Almacen 40,Empleado 15,11,Gestor 1
434,Almacen 34,Empleado 17,16,Gestor 5
435,Almacen 15,Empleado 9,16,Gestor 3
436,Almacen 18,Empleado 53,9,Gestor 3
437,Almacen 12,Empleado 43,9,Gestor 2
440,Almacen 1,Empleado 13,18,Gestor 1
441,Almacen 16,Empleado 59,12,Gestor 3
442,Almacen 30,Empleado 38,13,Gestor 3
444,Almacen 42,Empleado 54,10,Gestor 1
446,Almacen 14,Empleado 38,11,Gestor 1
447,Almacen 7,Empleado 69,11,Gestor 2
448,Almacen 45,Empleado 29,16,Gestor 5
449,Almacen 36,Empleado 18,10,Gestor 5
450,Almacen 8,Empleado 35,15,Gestor 4
451,Almacen 47,Empleado 11,13,Gestor 5
455,Almacen 40,Empleado 41,10,Gestor 3
456,Almacen 6,Empleado 77,14,Gestor 4
457,Almacen 18,Empleado 43,18,Gestor 2
460,Almacen 24,Empleado 94,11,Gestor 1
461,Almacen 25,Empleado 76,10,Gestor 5
464,Almacen 13,Empleado 27,8,Gestor 5
465,Almacen 38,Empleado 38,11,Gestor 4
467,Almacen 1,Empleado 22,9,Gestor 1
469,Almacen 40,Empleado 25,13,Gestor 3
470,Almacen 46,Empleado 38,16,Gestor 1
471,Almacen 12,Empleado 74,11,Gestor 4
472,Almacen 43,Empleado 84,14,Gestor 1
473,Almacen 9,Empleado 24,17,Gestor 5
475,Almacen 22,Empleado 31,10,Gestor 2
476,Almacen 0,Empleado 32,11,Gestor 2
480,Almacen 49,Empleado 32,13,Gestor 2
482,Almacen 20,Empleado 56,18,Gestor 3
483,Almacen 23,Empleado 60,15,Gestor 1
485,Almacen 6,Empleado 13,17,Gestor 4
486,Almacen 13,Empleado 73,13,Gestor 2
489,Almacen 27,Empleado 88,17,Gestor 4
490,Almacen 28,Empleado 53,18,Gestor 4
491,Almacen 13,Empleado 21,16,Gestor 1
493,Almacen 37,Empleado 30,18,Gestor 3
494,Almacen 35,Empleado 98,18,Gestor 4
495,Almacen 7,Empleado 76,16,Gestor 1
496,Almacen 43,Empleado 95,16,Gestor 2
498,Almacen 25,Empleado 8,10,Gestor 5
499,Almacen 3,Empleado 8,15,Gestor 3
502,Almacen 12,Empleado 60,8,Gestor 1
503,Almacen 7,Empleado 61,17,Gestor 5
504,Almacen 18,Empleado 46,10,Gestor 3
505,Almacen 6,Empleado 70,13,Gestor 2
506,Almacen 10,Empleado 90,9,Gestor 3
507,Almacen 21,Empleado 81,14,Gestor 4
509,Almacen 31,Empleado 65,14,Gestor 3
511,Almacen 27,Empleado 42,8,Gestor 2
512,Almacen 15,Empleado 70,12,Gestor 4
514,Almacen 46,Empleado 80,9,Gestor 5
517,Almacen 36,Empleado 100,8,Gestor 3
518,Almacen 10,Empleado 74,15,Gestor 4
521,Almacen 12,Empleado 6,13,Gestor 5
523,Almacen 43,Empleado 72,16,Gestor 1
526,Almacen 3,Empleado 9,11,Gestor 3
529,Almacen 31,Empleado 23,17,Gestor 1
530,Almacen 33,Empleado 21,9,Gestor 5
531,Almacen 48,Empleado 15,17,Gestor 1
533,Almacen 49,Empleado 26,12,Gestor 3
534,Almacen 24,Empleado 20,18,Gestor 2
536,Almacen 43,Empleado 44,10,Gestor 5
537,Almacen 28,Empleado 62,13,Gestor 5
538,Almacen 2,Empleado 16,13,Gestor 3
541,Almacen 22,Empleado 81,8,Gestor 3
543,Almacen 6,Empleado 87,8,Gestor 2
544,Almacen 36,Empleado 69,9,Gestor 4
545,Almacen 9,Empleado 56,15,Gestor 4
550,Almacen 10,Empleado 71,11,Gestor 2
554,Almacen 45,Empleado 39,10,Gestor 2
556,Almacen 38,Empleado 34,14,Gestor 3
557,Almacen 16,Empleado 99,8,Gestor 3
558,Almacen 34,Empleado 17,9,Gestor 3
560,Almacen 1,Empleado 47,13,Gestor 1
561,Almacen 33,Empleado 27,12,Gestor 2
562,Almacen 38,Empleado 67,8,Gestor 5
564,Almacen 35,Empleado 57,15,Gestor 1
566,Almacen 5,Empleado 98,12,Gestor 1
567,Almacen 34,Empleado 8,13,Gestor 3
568,Almacen 9,Empleado 93,17,Gestor 1
569,Almacen 12,Empleado 58,8,Gestor 4
570,Almacen 1,Empleado 32,14,Gestor 1
572,Almacen 21,Empleado 56,18,Gestor 3
573,Almacen 48,Empleado 67,12,Gestor 3
574,Almacen 19,Empleado 56,15,Gestor 3
575,Almacen 5,Empleado 50,11,Gestor 5
576,Almacen 33,Empleado 94,15,Gestor 2
578,Almacen 15,Empleado 75,16,Gestor 4
579,Almacen 5,Empleado 65,18,Gestor 5
580,Almacen 6,Empleado 49,12,Gestor 2
581,Almacen 25,Empleado 21,17,Gestor 1
583,Almacen 32,Empleado 65,18,Gestor 2
584,Almacen 25,Empleado 12,17,Gestor 5
586,Almacen 33,Empleado 60,12,Gestor 4
587,Almacen 18,Empleado 51,11,Gestor 5
588,Almacen 8,Empleado 43,12,Gestor 2
589,Almacen 22,Empleado 93,16,Gestor 1
590,Almacen 27,Empleado 20,16,Gestor 5
592,Almacen 46,Empleado 25,15,Gestor 3
593,Almacen 15,Empleado 78,9,Gestor 3
594,Almacen 16,Empleado 47,10,Gestor 2
595,Almacen 39,Empleado 20,8,Gestor 5
596,Almacen 36,Empleado 60,17,Gestor 4
598,Almacen 43,Empleado 33,14,Gestor 2
601,Almacen 17,Empleado 7,9,Gestor 2
602,Almacen 42,Empleado 3,8,Gestor 4
604,Almacen 31,Empleado 39,18,Gestor 4
605,Almacen 47,Empleado 81,18,Gestor 4
606,Almacen 29,Empleado 53,16,Gestor 5
610,Almacen 46,Empleado 35,9,Gestor 3
612,Almacen 46,Empleado 71,17,Gestor 2
614,Almacen 5,Empleado 87,15,Gestor 4
615,Almacen 17,Empleado 4,12,Gestor 2
616,Almacen 27,Empleado 36,18,Gestor 2
617,Almacen 4,Empleado 65,8,Gestor 2
618,Almacen 36,Empleado 29,17,Gestor 1
619,Almacen 40,Empleado 72,12,Gestor 5
620,Almacen 29,Empleado 88,14,Gestor 2
621,Almacen 16,Empleado 4,16,Gestor 1
623,Almacen 7,Empleado 35,9,Gestor 1
624,Almacen 19,Empleado 85,14,Gestor 3
625,Almacen 1,Empleado 93,11,Gestor 4
628,Almacen 20,Empleado 15,11,Gestor 4
629,Almacen 7,Empleado 98,8,Gestor 4
630,Almacen 16,Empleado 14,18,Gestor 2
631,Almacen 3,Empleado 44,16,Gestor 2
633,Almacen 17,Empleado 24,13,Gestor 5
635,Almacen 36,Empleado 53,13,Gestor 5
637,Almacen 35,Empleado 35,15,Gestor 5
639,Almacen 11,Empleado 50,8,Gestor 3
640,Almacen 7,Empleado 9,13,Gestor 4
641,Almacen 28,Empleado 91,13,Gestor 4
642,Almacen 34,Empleado 30,11,Gestor 2
643,Almacen 2,Empleado 40,15,Gestor 4
644,Almacen 39,Empleado 75,13,Gestor 2
645,Almacen 34,Empleado 62,9,Gestor 2
647,Almacen 33,Empleado 28,10,Gestor 4
650,Almacen 37,Empleado 40,9,Gestor 4
651,Almacen 6,Empleado 15,14,Gestor 3
655,Almacen 48,Empleado 7,12,Gestor 4
657,Almacen 16,Empleado 6,15,Gestor 5
659,Almacen 33,Empleado 58,18,Gestor 3
660,Almacen 10,Empleado 66,16,Gestor 5
666,Almacen 11,Empleado 100,12,Gestor 2
667,Almacen 45,Empleado 71,17,Gestor 5
668,Almacen 41,Empleado 51,9,Gestor 2
670,Almacen 6,Empleado 38,12,Gestor 3
673,Almacen 13,Empleado 45,15,Gestor 5
676,Almacen 0,Empleado 27,8,Gestor 4
680,Almacen 22,Empleado 91,12,Gestor 3
682,Almacen 14,Empleado 63,10,Gestor 4
683,Almacen 6,Empleado 52,17,Gestor 5
685,Almacen 30,Empleado 92,16,Gestor 1
687,Almacen 4,Empleado 2,18,Gestor 5
688,Almacen 3,Empleado 20,15,Gestor 1
689,Almacen 40,Empleado 30,10,Gestor 3
690,Almacen 6,Empleado 73,13,Gestor 3
691,Almacen 43,Empleado 22,15,Gestor 3
693,Almacen 3,Empleado 83,18,Gestor 1
695,Almacen 25,Empleado 48,13,Gestor 2
696,Almacen 37,Empleado 34,9,Gestor 3
697,Almacen 6,Empleado 26,11,Gestor 5
699,Almacen 20,Empleado 69,12,Gestor 4
701,Almacen 15,Empleado 63,9,Gestor 5
702,Almacen 43,Empleado 18,12,Gestor 4
703,Almacen 15,Empleado 14,17,Gestor 1
708,Almacen 26,Empleado 83,11,Gestor 3
709,Almacen 48,Empleado 24,9,Gestor 1
710,Almacen 21,Empleado 24,8,Gestor 1
711,Almacen 44,Empleado 47,15,Gestor 2
712,Almacen 19,Empleado 71,17,Gestor 2
713,Almacen 40,Empleado 8,11,Gestor 4
714,Almacen 30,Empleado 75,8,Gestor 4
715,Almacen 19,Empleado 64,8,Gestor 4
716,Almacen 24,Empleado 30,15,Gestor 5
717,Almacen 17,Empleado 30,18,Gestor 2
718,Almacen 34,Empleado 58,13,Gestor 1
719,Almacen 46,Empleado 81,12,Gestor 4
721,Almacen 16,Empleado 25,12,Gestor 5
722,Almacen 44,Empleado 27,12,Gestor 5
724,Almacen 22,Empleado 28,11,Gestor 2
725,Almacen 31,Empleado 82,12,Gestor 4
727,Almacen 41,Empleado 14,13,Gestor 3
728,Almacen 43,Empleado 58,12,Gestor 2
729,Almacen 47,Empleado 40,10,Gestor 3
731,Almacen 1,Empleado 22,13,Gestor 3
732,Almacen 10,Empleado 1,17,Gestor 5
733,Almacen 4,Empleado 55,18,Gestor 5
735,Almacen 19,Empleado 82,9,Gestor 3
736,Almacen 2,Empleado 57,15,Gestor 1
738,Almacen 5,Empleado 100,17,Gestor 5
740,Almacen 47,Empleado 33,11,Gestor 3
742,Almacen 34,Empleado 99,13,Gestor 4
743,Almacen 38,Empleado 40,8,Gestor 4
745,Almacen 43,Empleado 12,15,Gestor 2
747,Almacen 4,Empleado 15,17,Gestor 4
748,Almacen 1,Empleado 92,9,Gestor 2
750,Almacen 21,Empleado 68,16,Gestor 5
753,Almacen 40,Empleado 59,15,Gestor 4
754,Almacen 29,Empleado 24,14,Gestor 3
755,Almacen 42,Empleado 58,10,Gestor 4
756,Almacen 45,Empleado 52,11,Gestor 4
757,Almacen 11,Empleado 35,10,Gestor 2
760,Almacen 20,Empleado 9,10,Gestor 2
761,Almacen 18,Empleado 75,12,Gestor 1
762,Almacen 47,Empleado 30,13,Gestor 4
763,Almacen 22,Empleado 76,10,Gestor 5
765,Almacen 2,Empleado 43,10,Gestor 4
766,Almacen 23,Empleado 50,9,Gestor 4
767,Almacen 35,Empleado 19,9,Gestor 2
768,Almacen 16,Empleado 88,15,Gestor 1
769,Almacen 39,Empleado 93,13,Gestor 4
770,Almacen 45,Empleado 65,16,Gestor 5
771,Almacen 28,Empleado 7,13,Gestor 1
772,Almacen 22,Empleado 55,17,Gestor 4
774,Almacen 1,Empleado 31,15,Gestor 1
777,Almacen 0,Empleado 48,12,Gestor 4
778,Almacen 12,Empleado 68,12,Gestor 3
779,Almacen 40,Empleado 42,18,Gestor 5
780,Almacen 21,Empleado 91,16,Gestor 1
784,Almacen 44,Empleado 65,16,Gestor 3
785,Almacen 35,Empleado 5,10,Gestor 2
786,Almacen 14,Empleado 26,18,Gestor 4
788,Almacen 45,Empleado 74,10,Gestor 5
789,Almacen 26,Empleado 34,16,Gestor 3
791,Almacen 34,Empleado 96,16,Gestor 1
792,Almacen 39,Empleado 30,10,Gestor 1
793,Almacen 5,Empleado 17,15,Gestor 4
795,Almacen 44,Empleado 59,13,Gestor 1
796,Almacen 35,Empleado 26,12,Gestor 3
797,Almacen 5,Empleado 82,18,Gestor 1
798,Almacen 48,Empleado 3,14,Gestor 2
799,Almacen 34,Empleado 40,11,Gestor 2
801,Almacen 15,Empleado 94,14,Gestor 3
802,Almacen 32,Empleado 56,11,Gestor 1
805,Almacen 7,Empleado 92,15,Gestor 2
810,Almacen 17,Empleado 94,10,Gestor 2
811,Almacen 34,Empleado 80,9,Gestor 2
813,Almacen 19,Empleado 44,10,Gestor 2
817,Almacen 27,Empleado 54,12,Gestor 5
819,Almacen 11,Empleado 37,17,Gestor 2
820,Almacen 2,Empleado 22,11,Gestor 3
823,Almacen 18,Empleado 80,10,Gestor 2
827,Almacen 14,Empleado 23,10,Gestor 5
828,Almacen 26,Empleado 20,9,Gestor 4
829,Almacen 40,Empleado 11,11,Gestor 1
830,Almacen 34,Empleado 40,12,Gestor 3
831,Almacen 17,Empleado 39,14,Gestor 4
832,Almacen 48,Empleado 52,8,Gestor 1
835,Almacen 49,Empleado 81,13,Gestor 2
840,Almacen 28,Empleado 90,12,Gestor 4
841,Almacen 37,Empleado 98,15,Gestor 4
842,Almacen 31,Empleado 4,10,Gestor 5
844,Almacen 49,Empleado 81,16,Gestor 5
845,Almacen 20,Empleado 5,15,Gestor 1
846,Almacen 39,Empleado 30,13,Gestor 3
847,Almacen 11,Empleado 70,16,Gestor 4
848,Almacen 21,Empleado 41,17,Gestor 3
849,Almacen 24,Empleado 93,9,Gestor 5
850,Almacen 11,Empleado 87,9,Gestor 3
851,Almacen 7,Empleado 87,8,Gestor 4
853,Almacen 40,Empleado 47,17,Gestor 2
854,Almacen 1,Empleado 94,10,Gestor 4
855,Almacen 39,Empleado 89,14,Gestor 2
856,Almacen 38,Empleado 43,11,Gestor 4
857,Almacen 41,Empleado 5,10,Gestor 2
859,Almacen 4,Empleado 79,17,Gestor 2
860,Almacen 2,Empleado 83,13,Gestor 5
861,Almacen 27,Empleado 49,14,Gestor 1
863,Almacen 19,Empleado 59,11,Gestor 5
865,Almacen 42,Empleado 45,11,Gestor 4
866,Almacen 37,Empleado 56,12,Gestor 1
869,Almacen 43,Empleado 98,15,Gestor 2
870,Almacen 7,Empleado 13,16,Gestor 5
872,Almacen 25,Empleado 77,15,Gestor 2
876,Almacen 4,Empleado 6,11,Gestor 5
877,Almacen 30,Empleado 35,17,Gestor 2
878,Almacen 22,Empleado 3,9,Gestor 4
879,Almacen 32,Empleado 1,13,Gestor 4
880,Almacen 41,Empleado 98,12,Gestor 1
881,Almacen 34,Empleado 45,12,Gestor 1
882,Almacen 49,Empleado 73,12,Gestor 1
884,Almacen 7,Empleado 5,8,Gestor 4
887,Almacen 31,Empleado 30,13,Gestor 5
893,Almacen 7,Empleado 91,18,Gestor 2
895,Almacen 12,Empleado 75,14,Gestor 2
896,Almacen 24,Empleado 9,12,Gestor 4
897,Almacen 14,Empleado 84,9,Gestor 2
899,Almacen 45,Empleado 40,11,Gestor 2
900,Almacen 30,Empleado 14,10,Gestor 2
901,Almacen 48,Empleado 99,8,Gestor 3
903,Almacen 34,Empleado 73,14,Gestor 1
904,Almacen 26,Empleado 38,18,Gestor 1
905,Almacen 32,Empleado 78,10,Gestor 1
906,Almacen 19,Empleado 62,18,Gestor 1
907,Almacen 20,Empleado 20,11,Gestor 3
908,Almacen 44,Empleado 28,18,Gestor 4
910,Almacen 37,Empleado 99,9,Gestor 3
913,Almacen 34,Empleado 70,17,Gestor 5
916,Almacen 48,Empleado 57,14,Gestor 1
918,Almacen 15,Empleado 25,16,Gestor 3
919,Almacen 32,Empleado 24,15,Gestor 4
920,Almacen 5,Empleado 39,18,Gestor 1
921,Almacen 38,Empleado 63,10,Gestor 3
922,Almacen 11,Empleado 22,9,Gestor 1
924,Almacen 39,Empleado 69,13,Gestor 3
926,Almacen 37,Empleado 73,8,Gestor 1
927,Almacen 48,Empleado 77,10,Gestor 5
928,Almacen 13,Empleado 63,16,Gestor 4
929,Almacen 27,Empleado 16,15,Gestor 1
930,Almacen 29,Empleado 65,14,Gestor 3
931,Almacen 25,Empleado 18,18,Gestor 5
932,Almacen 37,Empleado 81,16,Gestor 4
934,Almacen 42,Empleado 62,12,Gestor 1
935,Almacen 29,Empleado 2,16,Gestor 5
937,Almacen 13,Empleado 93,11,Gestor 5
938,Almacen 32,Empleado 93,10,Gestor 2
939,Almacen 41,Empleado 23,10,Gestor 2
941,Almacen 40,Empleado 72,16,Gestor 2
943,Almacen 44,Empleado 8,11,Gestor 5
944,Almacen 24,Empleado 45,13,Gestor 3
946,Almacen 26,Empleado 35,17,Gestor 2
947,Almacen 26,Empleado 42,14,Gestor 5
951,Almacen 15,Empleado 90,17,Gestor 1
952,Almacen 25,Empleado 3,11,Gestor 5
953,Almacen 32,Empleado 72,11,Gestor 1
954,Almacen 42,Empleado 75,12,Gestor 4
955,Almacen 49,Empleado 31,15,Gestor 1
956,Almacen 3,Empleado 71,10,Gestor 2
957,Almacen 5,Empleado 16,14,Gestor 5
958,Almacen 19,Empleado 57,10,Gestor 5
959,Almacen 33,Empleado 25,13,Gestor 2
961,Almacen 22,Empleado 64,9,Gestor 3
962,Almacen 4,Empleado 21,16,Gestor 5
963,Almacen 44,Empleado 93,17,Gestor 4
966,Almacen 22,Empleado 8,9,Gestor 1
967,Almacen 42,Empleado 77,9,Gestor 3
968,Almacen 25,Empleado 63,18,Gestor 2
970,Almacen 30,Empleado 97,12,Gestor 4
971,Almacen 4,Empleado 85,12,Gestor 5
972,Almacen 28,Empleado 94,18,Gestor 3
973,Almacen 14,Empleado 72,17,Gestor 1
974,Almacen 26,Empleado 61,10,Gestor 1
976,Almacen 23,Empleado 72,12,Gestor 3
977,Almacen 32,Empleado 45,18,Gestor 1
978,Almacen 28,Empleado 9,16,Gestor 2
981,Almacen 9,Empleado 43,8,Gestor 1
982,Almacen 24,Empleado 78,10,Gestor 3
984,Almacen 12,Empleado 27,10,Gestor 4
985,Almacen 40,Empleado 21,10,Gestor 2
987,Almacen 39,Empleado 57,8,Gestor 4
989,Almacen 15,Empleado 79,10,Gestor 5
990,Almacen 15,Empleado 7,15,Gestor 2
991,Almacen 39,Empleado 99,14,Gestor 5
994,Almacen 7,Empleado 44,13,Gestor 5
995,Almacen 3,Empleado 35,12,Gestor 4
997,Almacen 43,Empleado 17,14,Gestor 2
999,Almacen 10,Empleado 56,16,Gestor 3
1000,Almacen 25,Empleado 7,18,Gestor 1
1001,Almacen 11,Empleado 46,13,Gestor 5
1003,Almacen 11,Empleado 51,17,Gestor 1
1004,Almacen 18,Empleado 87,14,Gestor 2
1006,Almacen 46,Empleado 27,11,Gestor 2
1007,Almacen 2,Empleado 3,14,Gestor 4
1008,Almacen 14,Empleado 45,9,Gestor 3
1010,Almacen 27,Empleado 78,12,Gestor 2
1011,Almacen 39,Empleado 12,11,Gestor 1
1012,Almacen 40,Empleado 9,14,Gestor 5
1013,Almacen 24,Empleado 31,10,Gestor 2
1014,Almacen 4,Empleado 83,14,Gestor 2
1015,Almacen 6,Empleado 99,17,Gestor 2
1016,Almacen 6,Empleado 53,12,Gestor 5
1017,Almacen 2,Empleado 10,10,Gestor 4
1019,Almacen 41,Empleado 50,9,Gestor 5
1020,Almacen 17,Empleado 68,11,Gestor 3
1021,Almacen 25,Empleado 71,15,Gestor 3
1023,Almacen 0,Empleado 80,13,Gestor 4
1024,Almacen 12,Empleado 55,8,Gestor 5
1025,Almacen 49,Empleado 12,12,Gestor 5
1026,Almacen 9,Empleado 75,13,Gestor 5
1028,Almacen 39,Empleado 38,17,Gestor 3
1031,Almacen 3,Empleado 19,10,Gestor 4
1033,Almacen 28,Empleado 48,8,Gestor 4
1034,Almacen 12,Empleado 18,9,Gestor 2
1035,Almacen 8,Empleado 100,16,Gestor 3
1036,Almacen 6,Empleado 72,8,Gestor 1
1037,Almacen 1,Empleado 48,15,Gestor 3
1038,Almacen 3,Empleado 27,11,Gestor 3
1039,Almacen 49,Empleado 41,18,Gestor 5
1040,Almacen 12,Empleado 92,12,Gestor 4
1043,Almacen 23,Empleado 6,12,Gestor 2
1044,Almacen 11,Empleado 33,10,Gestor 2
1046,Almacen 27,Empleado 18,16,Gestor 1
1049,Almacen 44,Empleado 92,14,Gestor 4
1051,Almacen 18,Empleado 58,11,Gestor 3
1054,Almacen 5,Empleado 93,12,Gestor 2
1055,Almacen 34,Empleado 74,15,Gestor 2
1056,Almacen 23,Empleado 77,15,Gestor 5
1057,Almacen 15,Empleado 30,8,Gestor 2
1059,Almacen 11,Empleado 26,18,Gestor 5
1061,Almacen 13,Empleado 41,17,Gestor 2
1062,Almacen 45,Empleado 49,11,Gestor 1
1063,Almacen 43,Empleado 4,8,Gestor 3
1064,Almacen 10,Empleado 29,17,Gestor 5
1065,Almacen 30,Empleado 85,12,Gestor 2
1066,Almacen 26,Empleado 32,10,Gestor 5
1067,Almacen 42,Empleado 61,12,Gestor 3
1068,Almacen 9,Empleado 27,11,Gestor 2
1072,Almacen 3,Empleado 64,8,Gestor 4
1073,Almacen 44,Empleado 11,18,Gestor 3
1074,Almacen 13,Empleado 1,18,Gestor 5
1076,Almacen 8,Empleado 35,12,Gestor 2
1077,Almacen 25,Empleado 86,8,Gestor 2
1080,Almacen 3,Empleado 1,17,Gestor 4
1083,Almacen 45,Empleado 6,16,Gestor 1
1085,Almacen 32,Empleado 66,12,Gestor 5
1086,Almacen 32,Empleado 36,8,Gestor 3
1087,Almacen 33,Empleado 14,10,Gestor 4
1088,Almacen 24,Empleado 51,16,Gestor 3
1089,Almacen 1,Empleado 76,15,Gestor 1
1090,Almacen 31,Empleado 32,10,Gestor 3
1093,Almacen 28,Empleado 71,8,Gestor 3
1094,Almacen 21,Empleado 7,11,Gestor 5
1095,Almacen 47,Empleado 51,16,Gestor 5
1098,Almacen 32,Empleado 76,14,Gestor 4
1101,Almacen 32,Empleado 91,14,Gestor 5
1102,Almacen 5,Empleado 20,10,Gestor 1
1103,Almacen 11,Empleado 27,9,Gestor 5
1104,Almacen 49,Empleado 74,9,Gestor 5
1105,Almacen 34,Empleado 89,13,Gestor 5
1107,Almacen 10,Empleado 65,15,Gestor 3
1108,Almacen 20,Empleado 90,18,Gestor 5
1110,Almacen 19,Empleado 16,11,Gestor 5
1111,Almacen 21,Empleado 3,8,Gestor 3
1112,Almacen 10,Empleado 26,18,Gestor 2
1115,Almacen 10,Empleado 85,10,Gestor 3
1116,Almacen 46,Empleado 34,15,Gestor 2
1117,Almacen 14,Empleado 16,18,Gestor 3
1118,Almacen 8,Empleado 17,15,Gestor 2
1120,Almacen 18,Empleado 46,12,Gestor 5
1121,Almacen 40,Empleado 47,9,Gestor 2
1123,Almacen 24,Empleado 99,16,Gestor 5
1124,Almacen 23,Empleado 7,17,Gestor 1
1126,Almacen 16,Empleado 32,9,Gestor 1
1127,Almacen 42,Empleado 32,13,Gestor 5
1128,Almacen 18,Empleado 14,17,Gestor 3
1129,Almacen 18,Empleado 38,11,Gestor 4
1131,Almacen 33,Empleado 41,10,Gestor 2
1133,Almacen 49,Empleado 67,15,Gestor 2
1134,Almacen 9,Empleado 49,10,Gestor 5
1135,Almacen 6,Empleado 39,11,Gestor 4
1136,Almacen 34,Empleado 81,12,Gestor 3
1137,Almacen 22,Empleado 26,9,Gestor 4
1139,Almacen 23,Empleado 46,18,Gestor 2
1140,Almacen 16,Empleado 6,15,Gestor 1
1141,Almacen 24,Empleado 88,11,Gestor 3
1144,Almacen 44,Empleado 81,13,Gestor 1
1147,Almacen 36,Empleado 56,14,Gestor 1
1148,Almacen 14,Empleado 40,12,Gestor 2
1150,Almacen 33,Empleado 80,10,Gestor 3
1151,Almacen 36,Empleado 4,8,Gestor 5
1155,Almacen 25,Empleado 79,10,Gestor 4
1156,Almacen 7,Empleado 36,9,Gestor 5
1157,Almacen 6,Empleado 11,12,Gestor 1
1158,Almacen 25,Empleado 20,17,Gestor 5
1159,Almacen 12,Empleado 87,17,Gestor 2
1160,Almacen 38,Empleado 27,12,Gestor 1
1161,Almacen 37,Empleado 90,11,Gestor 3
1163,Almacen 9,Empleado 23,14,Gestor 4
1164,Almacen 8,Empleado 18,11,Gestor 2
1166,Almacen 43,Empleado 18,14,Gestor 5
1167,Almacen 49,Empleado 46,11,Gestor 5
1170,Almacen 39,Empleado 12,15,Gestor 2
1171,Almacen 31,Empleado 63,8,Gestor 5
1172,Almacen 25,Empleado 76,16,Gestor 2
1174,Almacen 20,Empleado 78,17,Gestor 5
1176,Almacen 13,Empleado 26,17,Gestor 2
1177,Almacen 20,Empleado 22,16,Gestor 2
1178,Almacen 27,Empleado 78,10,Gestor 1
1181,Almacen 11,Empleado 35,9,Gestor 4
1182,Almacen 2,Empleado 44,8,Gestor 4
1183,Almacen 10,Empleado 35,8,Gestor 2
1184,Almacen 37,Empleado 86,12,Gestor 1
1185,Almacen 47,Empleado 86,15,Gestor 5
1186,Almacen 17,Empleado 34,8,Gestor 5
1187,Almacen 47,Empleado 80,14,Gestor 3
1189,Almacen 43,Empleado 2,14,Gestor 4
1190,Almacen 32,Empleado 96,12,Gestor 1
1193,Almacen 6,Empleado 51,8,Gestor 3
1194,Almacen 25,Empleado 31,12,Gestor 1
1196,Almacen 48,Empleado 18,13,Gestor 2
1197,Almacen 26,Empleado 34,12,Gestor 2
1198,Almacen 5,Empleado 67,13,Gestor 5
1200,Almacen 0,Empleado 11,9,Gestor 1
1203,Almacen 39,Empleado 22,9,Gestor 2
1204,Almacen 48,Empleado 63,14,Gestor 3
1206,Almacen 12,Empleado 63,15,Gestor 2
1208,Almacen 49,Empleado 68,16,Gestor 5
1210,Almacen 46,Empleado 76,10,Gestor 1
1211,Almacen 31,Empleado 68,11,Gestor 4
1214,Almacen 29,Empleado 63,8,Gestor 3
1216,Almacen 42,Empleado 21,17,Gestor 1
1218,Almacen 23,Empleado 56,15,Gestor 2
1220,Almacen 6,Empleado 38,8,Gestor 4
1222,Almacen 28,Empleado 46,13,Gestor 3
1223,Almacen 30,Empleado 5,13,Gestor 1
1224,Almacen 3,Empleado 53,15,Gestor 2
1225,Almacen 43,Empleado 47,14,Gestor 1
1226,Almacen 7,Empleado 58,16,Gestor 5
1230,Almacen 21,Empleado 80,9,Gestor 5
1231,Almacen 16,Empleado 37,15,Gestor 4
1232,Almacen 33,Empleado 23,13,Gestor 1
1233,Almacen 18,Empleado 29,15,Gestor 5
1234,Almacen 34,Empleado 5,10,Gestor 3
1236,Almacen 40,Empleado 76,16,Gestor 3
1238,Almacen 35,Empleado 38,16,Gestor 4
1239,Almacen 27,Empleado 84,10,Gestor 4
1241,Almacen 6,Empleado 13,8,Gestor 1
1243,Almacen 21,Empleado 67,13,Gestor 4
1245,Almacen 42,Empleado 38,8,Gestor 5
1246,Almacen 11,Empleado 94,12,Gestor 1
1247,Almacen 3,Empleado 91,18,Gestor 2
1248,Almacen 47,Empleado 3,8,Gestor 1
1249,Almacen 47,Empleado 6,17,Gestor 4
1250,Almacen 39,Empleado 93,8,Gestor 5
1251,Almacen 4,Empleado 59,11,Gestor 2
1252,Almacen 15,Empleado 36,15,Gestor 1
1253,Almacen 33,Empleado 24,13,Gestor 2
1255,Almacen 30,Empleado 78,11,Gestor 5
1257,Almacen 23,Empleado 100,8,Gestor 2
1259,Almacen 19,Empleado 97,12,Gestor 5
1261,Almacen 10,Empleado 74,10,Gestor 4
1262,Almacen 4,Empleado 87,10,Gestor 3
1263,Almacen 16,Empleado 91,15,Gestor 3
1264,Almacen 2,Empleado 83,9,Gestor 4
1265,Almacen 31,Empleado 67,14,Gestor 1
1266,Almacen 34,Empleado 77,8,Gestor 3
1267,Almacen 19,Empleado 54,10,Gestor 3
1271,Almacen 32,Empleado 57,14,Gestor 3
1272,Almacen 45,Empleado 18,17,Gestor 1
1273,Almacen 8,Empleado 97,18,Gestor 1
1274,Almacen 10,Empleado 81,15,Gestor 3
1276,Almacen 20,Empleado 32,15,Gestor 5
1280,Almacen 24,Empleado 42,14,Gestor 5
1282,Almacen 30,Empleado 63,17,Gestor 4
1283,Almacen 24,Empleado 39,16,Gestor 2
1288,Almacen 25,Empleado 15,16,Gestor 5
1290,Almacen 17,Empleado 30,16,Gestor 1
1291,Almacen 13,Empleado 33,11,Gestor 1
1293,Almacen 37,Empleado 77,9,Gestor 5
1296,Almacen 23,Empleado 61,13,Gestor 3
1298,Almacen 38,Empleado 31,12,Gestor 2
1299,Almacen 2,Empleado 7,18,Gestor 5
1300,Almacen 25,Empleado 10,17,Gestor 2
1301,Almacen 39,Empleado 99,16,Gestor 5
1303,Almacen 40,Empleado 10,14,Gestor 5
1304,Almacen 32,Empleado 98,15,Gestor 2
1308,Almacen 44,Empleado 72,17,Gestor 4
1309,Almacen 11,Empleado 21,14,Gestor 2
1310,Almacen 4,Empleado 70,14,Gestor 3
1313,Almacen 22,Empleado 68,14,Gestor 1
1314,Almacen 8,Empleado 34,16,Gestor 2
1315,Almacen 45,Empleado 40,18,Gestor 3
1317,Almacen 43,Empleado 16,18,Gestor 1
1318,Almacen 21,Empleado 78,17,Gestor 2
1321,Almacen 9,Empleado 35,10,Gestor 4
1323,Almacen 35,Empleado 47,12,Gestor 2
1326,Almacen 3,Empleado 53,12,Gestor 4
1327,Almacen 17,Empleado 80,13,Gestor 3
1328,Almacen 12,Empleado 28,8,Gestor 3
1329,Almacen 40,Empleado 72,10,Gestor 1
1330,Almacen 32,Empleado 51,16,Gestor 2
1333,Almacen 45,Empleado 12,17,Gestor 3
1334,Almacen 28,Empleado 38,8,Gestor 3
1336,Almacen 19,Empleado 20,18,Gestor 3
1337,Almacen 16,Empleado 51,17,Gestor 2
1338,Almacen 8,Empleado 62,12,Gestor 4
1340,Almacen 32,Empleado 84,12,Gestor 3
1342,Almacen 8,Empleado 66,17,Gestor 2
1345,Almacen 41,Empleado 24,8,Gestor 5
1346,Almacen 12,Empleado 65,10,Gestor 2
1348,Almacen 21,Empleado 60,15,Gestor 4
1351,Almacen 6,Empleado 16,15,Gestor 3
1352,Almacen 32,Empleado 25,15,Gestor 5
1353,Almacen 33,Empleado 41,17,Gestor 5
1354,Almacen 13,Empleado 94,14,Gestor 3
1356,Almacen 11,Empleado 42,11,Gestor 3
1359,Almacen 27,Empleado 67,8,Gestor 3
1360,Almacen 18,Empleado 46,17,Gestor 2
1361,Almacen 26,Empleado 29,13,Gestor 5
1362,Almacen 7,Empleado 55,12,Gestor 2
1363,Almacen 15,Empleado 16,17,Gestor 2
1365,Almacen 26,Empleado 73,11,Gestor 4
1366,Almacen 34,Empleado 7,13,Gestor 1
1367,Almacen 6,Empleado 10,15,Gestor 1
1368,Almacen 15,Empleado 99,12,Gestor 5
1370,Almacen 8,Empleado 17,13,Gestor 4
1373,Almacen 41,Empleado 24,8,Gestor 2
1374,Almacen 38,Empleado 87,17,Gestor 5
1375,Almacen 18,Empleado 45,14,Gestor 2
1376,Almacen 14,Empleado 20,11,Gestor 3
1377,Almacen 47,Empleado 57,16,Gestor 3
1378,Almacen 33,Empleado 87,15,Gestor 1
1380,Almacen 43,Empleado 41,16,Gestor 1
1381,Almacen 49,Empleado 64,10,Gestor 2
1382,Almacen 2,Empleado 71,8,Gestor 1
1383,Almacen 46,Empleado 37,16,Gestor 1
1385,Almacen 18,Empleado 79,10,Gestor 3
1386,Almacen 25,Empleado 2,15,Gestor 2
1387,Almacen 15,Empleado 54,12,Gestor 5
1389,Almacen 30,Empleado 57,11,Gestor 5
1390,Almacen 27,Empleado 56,12,Gestor 4
1393,Almacen 21,Empleado 39,17,Gestor 3
1394,Almacen 31,Empleado 6,13,Gestor 2
1395,Almacen 19,Empleado 11,16,Gestor 4
1396,Almacen 16,Empleado 51,16,Gestor 4
1398,Almacen 17,Empleado 83,13,Gestor 2
1399,Almacen 46,Empleado 8,14,Gestor 5
1401,Almacen 28,Empleado 8,14,Gestor 4
1402,Almacen 0,Empleado 51,17,Gestor 2
1403,Almacen 5,Empleado 60,14,Gestor 5
1404,Almacen 39,Empleado 65,8,Gestor 3
1405,Almacen 36,Empleado 92,15,Gestor 4
1406,Almacen 5,Empleado 29,10,Gestor 3
1408,Almacen 28,Empleado 78,12,Gestor 3
1409,Almacen 21,Empleado 15,9,Gestor 5
1411,Almacen 0,Empleado 50,8,Gestor 1
1412,Almacen 41,Empleado 49,13,Gestor 2
1413,Almacen 46,Empleado 97,13,Gestor 3
1414,Almacen 15,Empleado 31,12,Gestor 5
1415,Almacen 24,Empleado 62,8,Gestor 3
1416,Almacen 34,Empleado 97,8,Gestor 3
1417,Almacen 8,Empleado 3,10,Gestor 5
1418,Almacen 27,Empleado 71,13,Gestor 2
1419,Almacen 35,Empleado 56,8,Gestor 1
1424,Almacen 34,Empleado 30,11,Gestor 4
1425,Almacen 9,Empleado 62,14,Gestor 2
1426,Almacen 6,Empleado 85,11,Gestor 2
1427,Almacen 15,Empleado 13,10,Gestor 4
1428,Almacen 47,Empleado 40,16,Gestor 2
1429,Almacen 23,Empleado 74,18,Gestor 3
1430,Almacen 25,Empleado 77,16,Gestor 5
1431,Almacen 44,Empleado 17,17,Gestor 4
1433,Almacen 0,Empleado 97,16,Gestor 5
1434,Almacen 40,Empleado 78,13,Gestor 1
1435,Almacen 9,Empleado 59,8,Gestor 3
1437,Almacen 31,Empleado 86,18,Gestor 4
1438,Almacen 29,Empleado 47,12,Gestor 3
1439,Almacen 49,Empleado 99,17,Gestor 3
1440,Almacen 15,Empleado 95,9,Gestor 5
1441,Almacen 42,Empleado 89,17,Gestor 3
1443,Almacen 0,Empleado 66,18,Gestor 2
1445,Almacen 49,Empleado 69,18,Gestor 3
1446,Almacen 33,Empleado 33,14,Gestor 5
1447,Almacen 10,Empleado 66,8,Gestor 2
1448,Almacen 42,Empleado 81,9,Gestor 2
1449,Almacen 48,Empleado 98,15,Gestor 3
1450,Almacen 20,Empleado 16,16,Gestor 1
1454,Almacen 3,Empleado 11,11,Gestor 1
1455,Almacen 5,Empleado 2,10,Gestor 5
1457,Almacen 44,Empleado 43,18,Gestor 3
1459,Almacen 42,Empleado 13,8,Gestor 1
1460,Almacen 37,Empleado 37,12,Gestor 1
1461,Almacen 31,Empleado 94,8,Gestor 2
1462,Almacen 47,Empleado 94,15,Gestor 1
1463,Almacen 14,Empleado 25,18,Gestor 4
1464,Almacen 33,Empleado 41,18,Gestor 5
1466,Almacen 24,Empleado 31,16,Gestor 4
1467,Almacen 7,Empleado 13,14,Gestor 5
1468,Almacen 24,Empleado 47,16,Gestor 2
1469,Almacen 46,Empleado 28,18,Gestor 3
1470,Almacen 43,Empleado 26,10,Gestor 2
1471,Almacen 22,Empleado 14,14,Gestor 5
1472,Almacen 25,Empleado 39,12,Gestor 4
1474,Almacen 45,Empleado 62,11,Gestor 1
1475,Almacen 29,Empleado 83,17,Gestor 5
1476,Almacen 29,Empleado 35,14,Gestor 5
1480,Almacen 38,Empleado 100,16,Gestor 2
1481,Almacen 17,Empleado 65,17,Gestor 5
1483,Almacen 29,Empleado 86,10,Gestor 2
1486,Almacen 43,Empleado 18,11,Gestor 2
1488,Almacen 46,Empleado 77,13,Gestor 5
1489,Almacen 19,Empleado 65,9,Gestor 1
1490,Almacen 43,Empleado 24,9,Gestor 5
1491,Almacen 1,Empleado 98,15,Gestor 4
1492,Almacen 38,Empleado 16,11,Gestor 1
1494,Almacen 43,Empleado 44,8,Gestor 1
1496,Almacen 41,Empleado 14,12,Gestor 2
1498,Almacen 1,Empleado 19,15,Gestor 1
1499,Almacen 12,Empleado 29,10,Gestor 4
1500,Almacen 44,Empleado 91,14,Gestor 3
1502,Almacen 24,Empleado 49,12,Gestor 5
1504,Almacen 41,Empleado 18,15,Gestor 2
1505,Almacen 36,Empleado 11,12,Gestor 3
1506,Almacen 34,Empleado 91,13,Gestor 2
1507,Almacen 14,Empleado 12,18,Gestor 3
1511,Almacen 40,Empleado 90,10,Gestor 4
1512,Almacen 0,Empleado 11,9,Gestor 2
1515,Almacen 23,Empleado 86,14,Gestor 2
1516,Almacen 0,Empleado 38,16,Gestor 2
1517,Almacen 44,Empleado 9,10,Gestor 2
1518,Almacen 38,Empleado 25,13,Gestor 1
1521,Almacen 11,Empleado 82,9,Gestor 2
1524,Almacen 45,Empleado 76,13,Gestor 1
1526,Almacen 16,Empleado 88,8,Gestor 5
1528,Almacen 18,Empleado 29,15,Gestor 2
1529,Almacen 40,Empleado 71,18,Gestor 1
1530,Almacen 22,Empleado 45,10,Gestor 4
1531,Almacen 32,Empleado 45,13,Gestor 4
1533,Almacen 41,Empleado 92,14,Gestor 2
1534,Almacen 22,Empleado 9,12,Gestor 4
1535,Almacen 6,Empleado 36,15,Gestor 4
1536,Almacen 34,Empleado 91,16,Gestor 2
1539,Almacen 11,Empleado 69,18,Gestor 1
1541,Almacen 43,Empleado 6,9,Gestor 4
1543,Almacen 49,Empleado 13,10,Gestor 4
1544,Almacen 4,Empleado 38,14,Gestor 2
1545,Almacen 43,Empleado 56,17,Gestor 3
1546,Almacen 32,Empleado 48,10,Gestor 1
1547,Almacen 42,Empleado 61,13,Gestor 1
1548,Almacen 20,Empleado 14,8,Gestor 2
1549,Almacen 43,Empleado 82,9,Gestor 1
1550,Almacen 25,Empleado 65,14,Gestor 3
1551,Almacen 29,Empleado 40,15,Gestor 3
1553,Almacen 16,Empleado 82,10,Gestor 2
1554,Almacen 48,Empleado 95,9,Gestor 2
1555,Almacen 31,Empleado 56,18,Gestor 4
1556,Almacen 40,Empleado 83,16,Gestor 5
1559,Almacen 17,Empleado 39,9,Gestor 4
1560,Almacen 7,Empleado 86,15,Gestor 5
1561,Almacen 9,Empleado 84,8,Gestor 5
1562,Almacen 19,Empleado 6,12,Gestor 5
1563,Almacen 33,Empleado 98,16,Gestor 1
1564,Almacen 0,Empleado 46,8,Gestor 5
1565,Almacen 28,Empleado 3,10,Gestor 3
1566,Almacen 6,Empleado 78,13,Gestor 5
1569,Almacen 45,Empleado 3,16,Gestor 2
1570,Almacen 17,Empleado 55,8,Gestor 4
1571,Almacen 49,Empleado 52,15,Gestor 2
1572,Almacen 43,Empleado 88,11,Gestor 4
1573,Almacen 43,Empleado 91,8,Gestor 1
1578,Almacen 0,Empleado 22,12,Gestor 1
1579,Almacen 25,Empleado 86,14,Gestor 5
1581,Almacen 36,Empleado 27,11,Gestor 5
1582,Almacen 8,Empleado 25,14,Gestor 3
1583,Almacen 23,Empleado 93,18,Gestor 4
1585,Almacen 22,Empleado 67,13,Gestor 3
1588,Almacen 46,Empleado 99,18,Gestor 5
1591,Almacen 24,Empleado 21,12,Gestor 4
1596,Almacen 16,Empleado 52,17,Gestor 1
1597,Almacen 15,Empleado 80,18,Gestor 5
1598,Almacen 34,Empleado 5,17,Gestor 3
1600,Almacen 30,Empleado 29,11,Gestor 1
1602,Almacen 14,Empleado 83,13,Gestor 1
1603,Almacen 11,Empleado 98,8,Gestor 5
1604,Almacen 6,Empleado 14,14,Gestor 1
1605,Almacen 5,Empleado 2,18,Gestor 1
1606,Almacen 17,Empleado 97,10,Gestor 2
1607,Almacen 37,Empleado 66,11,Gestor 1
1610,Almacen 12,Empleado 20,18,Gestor 1
1611,Almacen 14,Empleado 75,9,Gestor 4
1612,Almacen 25,Empleado 93,13,Gestor 5
1613,Almacen 21,Empleado 30,11,Gestor 4
1614,Almacen 23,Empleado 29,16,Gestor 5
1615,Almacen 17,Empleado 18,12,Gestor 2
1616,Almacen 44,Empleado 95,8,Gestor 5
1617,Almacen 9,Empleado 43,9,Gestor 2
1619,Almacen 1,Empleado 18,10,Gestor 5
1620,Almacen 30,Empleado 63,8,Gestor 1
1622,Almacen 18,Empleado 46,8,Gestor 3
1623,Almacen 36,Empleado 58,16,Gestor 5
1624,Almacen 21,Empleado 46,9,Gestor 4
1625,Almacen 9,Empleado 33,13,Gestor 1
1626,Almacen 33,Empleado 37,15,Gestor 4
1627,Almacen 18,Empleado 30,10,Gestor 5
1628,Almacen 12,Empleado 47,11,Gestor 2
1629,Almacen 5,Empleado 51,8,Gestor 2
1631,Almacen 48,Empleado 62,16,Gestor 3
1632,Almacen 20,Empleado 70,9,Gestor 3
1633,Almacen 23,Empleado 65,15,Gestor 5
1634,Almacen 26,Empleado 89,15,Gestor 1
1635,Almacen 30,Empleado 20,12,Gestor 3
1637,Almacen 6,Empleado 26,17,Gestor 1
1638,Almacen 44,Empleado 96,17,Gestor 5
1642,Almacen 11,Empleado 84,17,Gestor 3
1643,Almacen 1,Empleado 47,16,Gestor 1
1644,Almacen 20,Empleado 3,17,Gestor 3
1647,Almacen 18,Empleado 6,9,Gestor 5
1651,Almacen 30,Empleado 81,15,Gestor 1
1652,Almacen 6,Empleado 57,10,Gestor 4
1653,Almacen 29,Empleado 24,18,Gestor 3
1655,Almacen 13,Empleado 44,9,Gestor 3
1656,Almacen 47,Empleado 91,9,Gestor 2
1657,Almacen 39,Empleado 13,12,Gestor 1
1658,Almacen 44,Empleado 21,13,Gestor 5
1660,Almacen 47,Empleado 25,8,Gestor 1
1661,Almacen 49,Empleado 24,15,Gestor 1
1662,Almacen 22,Empleado 24,18,Gestor 4
1665,Almacen 18,Empleado 54,9,Gestor 4
1666,Almacen 43,Empleado 59,13,Gestor 3
1668,Almacen 35,Empleado 46,15,Gestor 5
1670,Almacen 11,Empleado 77,9,Gestor 4
1672,Almacen 42,Empleado 79,18,Gestor 3
1673,Almacen 45,Empleado 54,15,Gestor 5
1675,Almacen 20,Empleado 32,18,Gestor 5
1677,Almacen 36,Empleado 17,8,Gestor 1
1679,Almacen 36,Empleado 32,12,Gestor 2
1680,Almacen 45,Empleado 43,14,Gestor 2
1683,Almacen 32,Empleado 31,18,Gestor 3
1686,Almacen 11,Empleado 3,11,Gestor 5
1691,Almacen 25,Empleado 95,17,Gestor 3
1692,Almacen 19,Empleado 26,16,Gestor 4
1693,Almacen 10,Empleado 32,15,Gestor 4
1694,Almacen 8,Empleado 8,11,Gestor 1
1695,Almacen 10,Empleado 44,17,Gestor 4
1696,Almacen 12,Empleado 59,13,Gestor 1
1698,Almacen 29,Empleado 83,18,Gestor 4
1699,Almacen 28,Empleado 88,16,Gestor 4
1700,Almacen 7,Empleado 100,14,Gestor 5
1702,Almacen 19,Empleado 41,8,Gestor 4
1703,Almacen 28,Empleado 84,18,Gestor 5
1704,Almacen 40,Empleado 50,18,Gestor 5
1707,Almacen 3,Empleado 94,12,Gestor 4
1708,Almacen 43,Empleado 28,17,Gestor 5
1709,Almacen 20,Empleado 49,10,Gestor 5
1711,Almacen 15,Empleado 2,18,Gestor 2
1713,Almacen 40,Empleado 99,16,Gestor 3
1714,Almacen 30,Empleado 46,12,Gestor 4
1716,Almacen 7,Empleado 50,14,Gestor 2
1717,Almacen 37,Empleado 59,11,Gestor 3
1720,Almacen 3,Empleado 95,18,Gestor 5
1721,Almacen 16,Empleado 30,9,Gestor 5
1722,Almacen 19,Empleado 73,18,Gestor 4
1726,Almacen 28,Empleado 35,17,Gestor 3
1727,Almacen 45,Empleado 79,15,Gestor 5
1728,Almacen 13,Empleado 60,17,Gestor 1
1730,Almacen 11,Empleado 100,14,Gestor 2
1731,Almacen 1,Empleado 78,17,Gestor 3
1732,Almacen 29,Empleado 99,17,Gestor 4
1733,Almacen 48,Empleado 85,18,Gestor 5
1734,Almacen 0,Empleado 18,15,Gestor 2
1735,Almacen 35,Empleado 6,16,Gestor 4
1737,Almacen 38,Empleado 74,18,Gestor 1
1738,Almacen 36,Empleado 43,18,Gestor 1
1739,Almacen 1,Empleado 12,17,Gestor 3
1740,Almacen 22,Empleado 26,14,Gestor 2
1741,Almacen 3,Empleado 49,13,Gestor 4
1743,Almacen 13,Empleado 77,8,Gestor 4
1744,Almacen 44,Empleado 26,9,Gestor 3
1745,Almacen 23,Empleado 95,12,Gestor 5
1746,Almacen 33,Empleado 30,16,Gestor 2
1747,Almacen 48,Empleado 40,12,Gestor 3
1749,Almacen 16,Empleado 27,11,Gestor 5
1750,Almacen 39,Empleado 16,11,Gestor 1
1751,Almacen 19,Empleado 3,16,Gestor 1
1752,Almacen 14,Empleado 87,18,Gestor 2
1753,Almacen 47,Empleado 28,9,Gestor 1
1754,Almacen 7,Empleado 24,12,Gestor 1
1755,Almacen 11,Empleado 20,11,Gestor 2
1757,Almacen 13,Empleado 43,9,Gestor 4
1759,Almacen 7,Empleado 11,10,Gestor 5
1761,Almacen 10,Empleado 59,14,Gestor 2
1762,Almacen 31,Empleado 80,16,Gestor 2
1764,Almacen 9,Empleado 30,12,Gestor 1
1766,Almacen 29,Empleado 45,10,Gestor 1
1767,Almacen 33,Empleado 73,12,Gestor 1
1768,Almacen 18,Empleado 35,12,Gestor 4
1769,Almacen 34,Empleado 3,9,Gestor 3
1770,Almacen 25,Empleado 13,16,Gestor 1
1771,Almacen 43,Empleado 58,14,Gestor 2
1772,Almacen 0,Empleado 82,15,Gestor 1
1773,Almacen 37,Empleado 30,9,Gestor 1
1774,Almacen 21,Empleado 10,18,Gestor 4
1775,Almacen 20,Empleado 100,17,Gestor 4
1777,Almacen 16,Empleado 66,16,Gestor 2
1778,Almacen 36,Empleado 94,9,Gestor 4
1779,Almacen 37,Empleado 53,9,Gestor 4
1783,Almacen 32,Empleado 65,15,Gestor 2
1784,Almacen 1,Empleado 14,8,Gestor 4
1785,Almacen 21,Empleado 15,9,Gestor 5
1786,Almacen 15,Empleado 57,10,Gestor 3
1787,Almacen 39,Empleado 48,11,Gestor 2
1788,Almacen 40,Empleado 37,15,Gestor 4
1791,Almacen 47,Empleado 35,10,Gestor 2
1794,Almacen 44,Empleado 52,12,Gestor 2
1796,Almacen 25,Empleado 85,13,Gestor 3
1797,Almacen 18,Empleado 21,10,Gestor 3
1798,Almacen 10,Empleado 6,11,Gestor 2
1799,Almacen 23,Empleado 50,15,Gestor 5
1800,Almacen 2,Empleado 88,18,Gestor 1
1801,Almacen 21,Empleado 80,14,Gestor 1
1803,Almacen 44,Empleado 3,11,Gestor 3
1805,Almacen 7,Empleado 51,8,Gestor 4
1807,Almacen 42,Empleado 77,16,Gestor 5
1809,Almacen 43,Empleado 67,12,Gestor 1
1810,Almacen 0,Empleado 12,14,Gestor 3
1812,Almacen 13,Empleado 81,14,Gestor 3
1813,Almacen 30,Empleado 7,11,Gestor 3
1814,Almacen 38,Empleado 71,17,Gestor 5
1816,Almacen 22,Empleado 77,10,Gestor 4
1817,Almacen 43,Empleado 93,18,Gestor 3
1819,Almacen 7,Empleado 84,9,Gestor 3
1821,Almacen 35,Empleado 80,15,Gestor 2
1822,Almacen 40,Empleado 36,17,Gestor 2
1823,Almacen 32,Empleado 79,18,Gestor 2
1824,Almacen 15,Empleado 76,18,Gestor 5
1826,Almacen 17,Empleado 65,17,Gestor 1
1827,Almacen 14,Empleado 16,10,Gestor 4
1828,Almacen 2,Empleado 86,14,Gestor 5
1830,Almacen 48,Empleado 88,18,Gestor 2
1834,Almacen 27,Empleado 99,9,Gestor 1
1835,Almacen 24,Empleado 94,14,Gestor 3
1836,Almacen 39,Empleado 77,10,Gestor 5
1837,Almacen 19,Empleado 99,11,Gestor 3
1838,Almacen 1,Empleado 20,18,Gestor 5
1839,Almacen 10,Empleado 97,11,Gestor 2
1840,Almacen 41,Empleado 1,15,Gestor 4
1841,Almacen 45,Empleado 16,12,Gestor 2
1844,Almacen 10,Empleado 97,14,Gestor 1
1845,Almacen 30,Empleado 34,12,Gestor 1
1846,Almacen 46,Empleado 35,13,Gestor 1
1847,Almacen 5,Empleado 90,17,Gestor 5
1848,Almacen 46,Empleado 29,8,Gestor 5
1849,Almacen 45,Empleado 74,13,Gestor 4
1850,Almacen 44,Empleado 77,9,Gestor 5
1852,Almacen 49,Empleado 68,15,Gestor 4
1853,Almacen 13,Empleado 86,11,Gestor 1
1854,Almacen 24,Empleado 52,17,Gestor 1
1855,Almacen 37,Empleado 13,14,Gestor 5
1857,Almacen 28,Empleado 83,13,Gestor 2
1858,Almacen 10,Empleado 24,9,Gestor 5
1859,Almacen 42,Empleado 29,14,Gestor 5
1860,Almacen 15,Empleado 63,9,Gestor 2
1861,Almacen 46,Empleado 5,9,Gestor 1
1864,Almacen 13,Empleado 68,14,Gestor 3
1866,Almacen 41,Empleado 69,12,Gestor 1
1867,Almacen 30,Empleado 96,13,Gestor 3
1868,Almacen 18,Empleado 62,11,Gestor 3
1869,Almacen 9,Empleado 54,17,Gestor 4
1870,Almacen 29,Empleado 21,11,Gestor 1
1871,Almacen 32,Empleado 78,14,Gestor 2
1872,Almacen 0,Empleado 38,17,Gestor 3
1874,Almacen 20,Empleado 35,11,Gestor 5
1875,Almacen 37,Empleado 42,8,Gestor 1
1876,Almacen 8,Empleado 25,16,Gestor 1
1878,Almacen 44,Empleado 26,15,Gestor 1
1879,Almacen 0,Empleado 1,12,Gestor 5
1880,Almacen 44,Empleado 5,10,Gestor 4
1882,Almacen 2,Empleado 60,17,Gestor 1
1883,Almacen 10,Empleado 20,9,Gestor 3
1884,Almacen 5,Empleado 24,16,Gestor 4
1885,Almacen 26,Empleado 42,13,Gestor 3
1886,Almacen 14,Empleado 75,13,Gestor 2
1887,Almacen 22,Empleado 9,8,Gestor 1
1890,Almacen 15,Empleado 20,10,Gestor 5
1892,Almacen 25,Empleado 90,10,Gestor 5
1894,Almacen 33,Empleado 57,17,Gestor 5
1895,Almacen 36,Empleado 72,10,Gestor 4
1896,Almacen 29,Empleado 22,9,Gestor 2
1899,Almacen 18,Empleado 45,18,Gestor 2
1900,Almacen 10,Empleado 76,18,Gestor 2
1901,Almacen 6,Empleado 1,15,Gestor 5
1903,Almacen 9,Empleado 70,18,Gestor 2
1904,Almacen 12,Empleado 75,9,Gestor 5
1906,Almacen 45,Empleado 56,10,Gestor 2
1907,Almacen 27,Empleado 96,9,Gestor 5
1908,Almacen 12,Empleado 17,13,Gestor 5
1911,Almacen 29,Empleado 34,18,Gestor 2
1912,Almacen 2,Empleado 61,12,Gestor 5
1913,Almacen 6,Empleado 64,13,Gestor 2
1916,Almacen 5,Empleado 42,15,Gestor 3
1917,Almacen 24,Empleado 82,13,Gestor 5
1919,Almacen 2,Empleado 49,17,Gestor 2
1921,Almacen 35,Empleado 33,9,Gestor 1
1924,Almacen 27,Empleado 34,11,Gestor 3
1925,Almacen 49,Empleado 23,15,Gestor 2
1926,Almacen 0,Empleado 4,16,Gestor 4
1928,Almacen 3,Empleado 52,12,Gestor 3
1929,Almacen 1,Empleado 54,18,Gestor 4
1931,Almacen 31,Empleado 28,8,Gestor 2
1932,Almacen 43,Empleado 34,14,Gestor 5
1933,Almacen 39,Empleado 49,14,Gestor 4
1934,Almacen 25,Empleado 7,11,Gestor 2
1935,Almacen 19,Empleado 3,9,Gestor 2
1936,Almacen 2,Empleado 64,10,Gestor 3
1937,Almacen 46,Empleado 87,8,Gestor 1
1938,Almacen 35,Empleado 73,18,Gestor 1
1940,Almacen 43,Empleado 89,14,Gestor 4
1941,Almacen 22,Empleado 18,16,Gestor 1
1943,Almacen 0,Empleado 53,8,Gestor 1
1945,Almacen 23,Empleado 95,18,Gestor 1
1946,Almacen 43,Empleado 51,11,Gestor 4
1947,Almacen 33,Empleado 100,11,Gestor 4
1949,Almacen 3,Empleado 31,17,Gestor 1
1950,Almacen 27,Empleado 1,18,Gestor 5
1953,Almacen 40,Empleado 44,15,Gestor 2
1954,Almacen 7,Empleado 7,9,Gestor 2
1955,Almacen 18,Empleado 48,14,Gestor 3
1956,Almacen 47,Empleado 86,11,Gestor 1
1957,Almacen 8,Empleado 93,16,Gestor 4
1959,Almacen 5,Empleado 69,18,Gestor 2
1960,Almacen 12,Empleado 40,8,Gestor 2
1961,Almacen 43,Empleado 44,12,Gestor 5
1963,Almacen 8,Empleado 92,11,Gestor 2
1964,Almacen 36,Empleado 28,18,Gestor 3
1967,Almacen 12,Empleado 67,15,Gestor 4
1968,Almacen 46,Empleado 12,11,Gestor 2
1969,Almacen 20,Empleado 88,14,Gestor 5
1970,Almacen 25,Empleado 53,14,Gestor 5
1971,Almacen 14,Empleado 77,13,Gestor 1
1973,Almacen 16,Empleado 56,8,Gestor 3
1974,Almacen 40,Empleado 14,12,Gestor 3
1976,Almacen 12,Empleado 39,16,Gestor 5
1977,Almacen 21,Empleado 35,11,Gestor 3
1979,Almacen 38,Empleado 99,14,Gestor 3
1980,Almacen 34,Empleado 70,10,Gestor 1
1981,Almacen 15,Empleado 6,14,Gestor 3
1982,Almacen 32,Empleado 58,14,Gestor 1
1983,Almacen 4,Empleado 18,11,Gestor 1
1984,Almacen 10,Empleado 43,14,Gestor 2
1985,Almacen 25,Empleado 19,12,Gestor 2
1987,Almacen 40,Empleado 99,11,Gestor 4
1988,Almacen 9,Empleado 68,8,Gestor 2
1990,Almacen 39,Empleado 26,17,Gestor 3
1992,Almacen 3,Empleado 81,18,Gestor 1
1993,Almacen 45,Empleado 50,10,Gestor 2
1994,Almacen 2,Empleado 7,15,Gestor 1
1995,Almacen 16,Empleado 74,18,Gestor 1
1996,Almacen 3,Empleado 9,16,Gestor 4
1999,Almacen 46,Empleado 88,9,Gestor 4
2000,Almacen 1,Empleado 18,15,Gestor 5
2002,Almacen 44,Empleado 35,16,Gestor 3
2003,Almacen 0,Empleado 100,8,Gestor 3
2004,Almacen 37,Empleado 80,18,Gestor 4
2006,Almacen 26,Empleado 95,18,Gestor 3
2009,Almacen 34,Empleado 35,13,Gestor 1
2010,Almacen 43,Empleado 33,13,Gestor 2
2011,Almacen 42,Empleado 81,18,Gestor 4
2012,Almacen 8,Empleado 40,10,Gestor 2
2014,Almacen 48,Empleado 5,11,Gestor 2
2015,Almacen 16,Empleado 81,12,Gestor 5
2016,Almacen 45,Empleado 26,16,Gestor 5
2017,Almacen 34,Empleado 75,16,Gestor 4
2021,Almacen 7,Empleado 38,8,Gestor 1
2024,Almacen 26,Empleado 99,14,Gestor 3
2025,Almacen 29,Empleado 59,18,Gestor 3
2026,Almacen 24,Empleado 20,18,Gestor 4
2027,Almacen 32,Empleado 78,11,Gestor 4
2029,Almacen 6,Empleado 8,13,Gestor 5
2030,Almacen 1,Empleado 27,16,Gestor 1
2032,Almacen 49,Empleado 41,15,Gestor 1
2033,Almacen 12,Empleado 77,14,Gestor 2
2036,Almacen 25,Empleado 4,12,Gestor 3
2037,Almacen 48,Empleado 80,13,Gestor 3
2038,Almacen 12,Empleado 6,17,Gestor 2
2040,Almacen 30,Empleado 42,13,Gestor 2
2041,Almacen 46,Empleado 14,8,Gestor 4
2042,Almacen 13,Empleado 50,16,Gestor 5
2043,Almacen 15,Empleado 82,8,Gestor 2
2045,Almacen 32,Empleado 67,10,Gestor 4
2046,Almacen 31,Empleado 79,14,Gestor 1
2049,Almacen 12,Empleado 50,15,Gestor 5
2051,Almacen 7,Empleado 68,12,Gestor 2
2053,Almacen 11,Empleado 72,17,Gestor 3
2054,Almacen 23,Empleado 37,9,Gestor 3
2055,Almacen 0,Empleado 65,9,Gestor 4
2056,Almacen 2,Empleado 46,8,Gestor 1
2057,Almacen 45,Empleado 58,15,Gestor 1
2059,Almacen 45,Empleado 31,13,Gestor 5
2060,Almacen 40,Empleado 82,9,Gestor 5
2061,Almacen 32,Empleado 16,14,Gestor 1
2063,Almacen 4,Empleado 30,17,Gestor 4
2064,Almacen 25,Empleado 80,18,Gestor 4
2065,Almacen 27,Empleado 31,12,Gestor 3
2066,Almacen 38,Empleado 38,15,Gestor 1
2068,Almacen 0,Empleado 91,17,Gestor 2
2070,Almacen 35,Empleado 34,17,Gestor 5
2071,Almacen 41,Empleado 83,18,Gestor 4
2072,Almacen 27,Empleado 6,14,Gestor 2
2073,Almacen 26,Empleado 90,13,Gestor 3
2074,Almacen 8,Empleado 75,17,Gestor 3
2075,Almacen 24,Empleado 86,11,Gestor 5
2077,Almacen 12,Empleado 98,13,Gestor 5
2078,Almacen 14,Empleado 97,18,Gestor 1
2079,Almacen 20,Empleado 94,16,Gestor 1
2080,Almacen 41,Empleado 42,8,Gestor 3
2081,Almacen 30,Empleado 10,10,Gestor 1
2082,Almacen 37,Empleado 18,16,Gestor 5
2084,Almacen 2,Empleado 74,13,Gestor 1
2086,Almacen 3,Empleado 50,9,Gestor 2
2087,Almacen 2,Empleado 81,12,Gestor 2
2088,Almacen 45,Empleado 97,9,Gestor 4
2089,Almacen 16,Empleado 18,14,Gestor 2
2090,Almacen 26,Empleado 59,13,Gestor 3
2092,Almacen 18,Empleado 42,8,Gestor 5
2094,Almacen 13,Empleado 75,15,Gestor 4
2095,Almacen 33,Empleado 22,13,Gestor 1
2096,Almacen 45,Empleado 54,11,Gestor 2
2097,Almacen 33,Empleado 27,13,Gestor 2
2098,Almacen 41,Empleado 43,8,Gestor 5
2099,Almacen 33,Empleado 42,18,Gestor 4
2100,Almacen 4,Empleado 32,16,Gestor 5
2101,Almacen 45,Empleado 43,14,Gestor 5
2102,Almacen 19,Empleado 41,8,Gestor 4
2103,Almacen 35,Empleado 89,18,Gestor 4
2104,Almacen 42,Empleado 63,10,Gestor 4
2105,Almacen 38,Empleado 32,17,Gestor 3
2107,Almacen 44,Empleado 57,10,Gestor 2
2108,Almacen 11,Empleado 35,15,Gestor 3
2109,Almacen 32,Empleado 51,9,Gestor 3
2110,Almacen 29,Empleado 68,8,Gestor 2
2111,Almacen 13,Empleado 90,10,Gestor 2
2113,Almacen 13,Empleado 35,11,Gestor 4
2114,Almacen 1,Empleado 47,17,Gestor 1
2115,Almacen 16,Empleado 95,11,Gestor 3
2117,Almacen 20,Empleado 96,9,Gestor 5
2119,Almacen 38,Empleado 94,18,Gestor 4
2121,Almacen 35,Empleado 70,13,Gestor 4
2122,Almacen 28,Empleado 18,12,Gestor 4
2123,Almacen 26,Empleado 43,10,Gestor 1
2125,Almacen 5,Empleado 57,15,Gestor 5
2128,Almacen 8,Empleado 7,8,Gestor 2
2131,Almacen 8,Empleado 68,14,Gestor 4
2133,Almacen 14,Empleado 73,10,Gestor 4
2134,Almacen 35,Empleado 89,18,Gestor 2
2135,Almacen 16,Empleado 61,15,Gestor 2
2136,Almacen 31,Empleado 33,14,Gestor 3
2137,Almacen 7,Empleado 45,11,Gestor 1
2138,Almacen 40,Empleado 65,9,Gestor 3
2139,Almacen 30,Empleado 61,17,Gestor 3
2140,Almacen 19,Empleado 86,18,Gestor 1
2141,Almacen 24,Empleado 75,11,Gestor 3
2144,Almacen 2,Empleado 1,9,Gestor 3
2146,Almacen 48,Empleado 56,8,Gestor 3
2150,Almacen 41,Empleado 84,18,Gestor 1
2151,Almacen 27,Empleado 58,12,Gestor 1
2153,Almacen 21,Empleado 34,12,Gestor 3
2154,Almacen 13,Empleado 24,9,Gestor 4
2155,Almacen 21,Empleado 12,8,Gestor 1
2157,Almacen 43,Empleado 54,15,Gestor 4
2158,Almacen 27,Empleado 48,10,Gestor 5
2159,Almacen 35,Empleado 58,9,Gestor 3
2161,Almacen 42,Empleado 57,10,Gestor 1
2165,Almacen 20,Empleado 9,16,Gestor 3
2166,Almacen 19,Empleado 52,9,Gestor 5
2167,Almacen 44,Empleado 26,17,Gestor 5
2168,Almacen 10,Empleado 6,14,Gestor 4
2169,Almacen 5,Empleado 42,10,Gestor 5
2170,Almacen 34,Empleado 35,13,Gestor 4
2172,Almacen 1,Empleado 89,10,Gestor 2
2174,Almacen 27,Empleado 13,13,Gestor 3
2175,Almacen 36,Empleado 49,16,Gestor 5
2176,Almacen 47,Empleado 27,8,Gestor 4
2177,Almacen 48,Empleado 36,11,Gestor 1
2178,Almacen 36,Empleado 64,12,Gestor 1
2179,Almacen 36,Empleado 26,16,Gestor 4
2180,Almacen 12,Empleado 5,8,Gestor 4
2181,Almacen 43,Empleado 95,13,Gestor 3
2182,Almacen 47,Empleado 80,8,Gestor 5
2185,Almacen 14,Empleado 64,11,Gestor 5
2186,Almacen 26,Empleado 100,12,Gestor 1
2187,Almacen 36,Empleado 85,13,Gestor 4
2188,Almacen 49,Empleado 79,14,Gestor 2
2189,Almacen 18,Empleado 37,15,Gestor 2
2191,Almacen 5,Empleado 50,12,Gestor 1
2194,Almacen 7,Empleado 53,8,Gestor 1
2196,Almacen 28,Empleado 73,13,Gestor 5
2199,Almacen 28,Empleado 4,10,Gestor 4
2201,Almacen 20,Empleado 88,11,Gestor 5
2202,Almacen 19,Empleado 41,13,Gestor 3
2203,Almacen 48,Empleado 22,15,Gestor 3
2204,Almacen 13,Empleado 6,15,Gestor 1
2205,Almacen 25,Empleado 70,16,Gestor 5
2207,Almacen 14,Empleado 99,17,Gestor 3
2210,Almacen 35,Empleado 11,13,Gestor 5
2211,Almacen 33,Empleado 55,8,Gestor 2
2212,Almacen 47,Empleado 81,8,Gestor 2
2214,Almacen 43,Empleado 21,17,Gestor 1
2215,Almacen 43,Empleado 37,15,Gestor 1
2218,Almacen 18,Empleado 26,14,Gestor 5
2219,Almacen 10,Empleado 92,18,Gestor 5
2221,Almacen 48,Empleado 23,9,Gestor 2
2222,Almacen 16,Empleado 91,8,Gestor 4
2223,Almacen 27,Empleado 24,11,Gestor 5
2224,Almacen 3,Empleado 66,12,Gestor 1
2225,Almacen 20,Empleado 91,9,Gestor 4
2227,Almacen 39,Empleado 9,15,Gestor 4
2228,Almacen 7,Empleado 67,12,Gestor 2
2230,Almacen 20,Empleado 49,14,Gestor 1
2231,Almacen 22,Empleado 15,12,Gestor 5
2232,Almacen 0,Empleado 58,13,Gestor 4
2233,Almacen 4,Empleado 13,17,Gestor 5
2236,Almacen 29,Empleado 79,17,Gestor 2
2237,Almacen 36,Empleado 2,18,Gestor 4
2239,Almacen 38,Empleado 77,16,Gestor 1
2240,Almacen 23,Empleado 89,11,Gestor 5
2241,Almacen 42,Empleado 66,14,Gestor 4
2243,Almacen 25,Empleado 48,10,Gestor 3
2244,Almacen 29,Empleado 24,8,Gestor 2
2245,Almacen 45,Empleado 81,14,Gestor 3
2246,Almacen 2,Empleado 1,11,Gestor 5
2247,Almacen 2,Empleado 43,10,Gestor 2
2248,Almacen 30,Empleado 99,9,Gestor 2
2250,Almacen 36,Empleado 40,11,Gestor 1
2252,Almacen 48,Empleado 4,14,Gestor 3
2253,Almacen 30,Empleado 77,16,Gestor 3
2254,Almacen 11,Empleado 82,13,Gestor 3
2255,Almacen 21,Empleado 29,10,Gestor 5
2256,Almacen 48,Empleado 4,13,Gestor 1
2257,Almacen 0,Empleado 60,15,Gestor 4
2258,Almacen 12,Empleado 87,12,Gestor 2
2259,Almacen 43,Empleado 7,18,Gestor 5
2260,Almacen 17,Empleado 86,15,Gestor 3
2264,Almacen 38,Empleado 100,15,Gestor 1
2265,Almacen 18,Empleado 59,12,Gestor 3
2266,Almacen 33,Empleado 84,17,Gestor 4
2268,Almacen 36,Empleado 11,15,Gestor 4
2269,Almacen 17,Empleado 8,10,Gestor 3
2270,Almacen 9,Empleado 26,17,Gestor 2
2271,Almacen 37,Empleado 99,15,Gestor 5
2272,Almacen 12,Empleado 51,14,Gestor 4
2273,Almacen 37,Empleado 76,13,Gestor 1
2274,Almacen 10,Empleado 16,15,Gestor 3
2275,Almacen 19,Empleado 79,16,Gestor 1
2276,Almacen 38,Empleado 92,9,Gestor 5
2277,Almacen 9,Empleado 96,10,Gestor 4
2278,Almacen 20,Empleado 24,13,Gestor 3
2279,Almacen 11,Empleado 27,9,Gestor 5
2280,Almacen 29,Empleado 6,15,Gestor 1
2281,Almacen 44,Empleado 52,11,Gestor 4
2283,Almacen 39,Empleado 73,14,Gestor 1
2284,Almacen 0,Empleado 61,17,Gestor 3
2287,Almacen 20,Empleado 67,16,Gestor 5
2288,Almacen 34,Empleado 34,11,Gestor 3
2289,Almacen 32,Empleado 28,11,Gestor 4
2291,Almacen 23,Empleado 19,17,Gestor 5
2294,Almacen 12,Empleado 47,17,Gestor 1
2295,Almacen 36,Empleado 97,16,Gestor 4
2297,Almacen 37,Empleado 32,16,Gestor 2
2298,Almacen 46,Empleado 2,9,Gestor 2
2300,Almacen 2,Empleado 38,16,Gestor 2
2301,Almacen 13,Empleado 24,15,Gestor 3
2302,Almacen 31,Empleado 99,14,Gestor 4
2303,Almacen 33,Empleado 10,12,Gestor 2
2305,Almacen 28,Empleado 74,10,Gestor 3
2306,Almacen 21,Empleado 40,16,Gestor 2
2307,Almacen 47,Empleado 78,9,Gestor 2
2309,Almacen 31,Empleado 26,9,Gestor 2
2311,Almacen 45,Empleado 90,8,Gestor 4
2312,Almacen 28,Empleado 24,9,Gestor 4
2315,Almacen 22,Empleado 78,8,Gestor 3
2316,Almacen 2,Empleado 68,13,Gestor 4
2319,Almacen 9,Empleado 61,15,Gestor 5
2320,Almacen 19,Empleado 43,12,Gestor 3
2321,Almacen 4,Empleado 60,16,Gestor 5
2322,Almacen 35,Empleado 73,16,Gestor 2
2323,Almacen 4,Empleado 14,10,Gestor 2
2324,Almacen 44,Empleado 86,14,Gestor 3
2325,Almacen 7,Empleado 73,10,Gestor 4
2326,Almacen 20,Empleado 63,9,Gestor 3
2327,Almacen 43,Empleado 1,18,Gestor 2
2330,Almacen 49,Empleado 38,11,Gestor 3
2331,Almacen 3,Empleado 86,18,Gestor 4
2332,Almacen 0,Empleado 30,18,Gestor 1
2333,Almacen 42,Empleado 77,14,Gestor 5
2336,Almacen 6,Empleado 43,9,Gestor 2
2339,Almacen 16,Empleado 70,16,Gestor 1
2341,Almacen 35,Empleado 15,11,Gestor 1
2343,Almacen 23,Empleado 22,12,Gestor 4
2344,Almacen 43,Empleado 60,18,Gestor 3
2345,Almacen 48,Empleado 84,8,Gestor 5
2346,Almacen 16,Empleado 51,17,Gestor 2
2347,Almacen 18,Empleado 54,12,Gestor 4
2348,Almacen 0,Empleado 83,12,Gestor 1
2349,Almacen 26,Empleado 75,16,Gestor 4
2350,Almacen 15,Empleado 28,16,Gestor 5
2351,Almacen 26,Empleado 35,17,Gestor 4
2353,Almacen 37,Empleado 26,11,Gestor 2
2354,Almacen 22,Empleado 86,16,Gestor 3
2355,Almacen 39,Empleado 27,9,Gestor 3
2357,Almacen 7,Empleado 17,17,Gestor 4
2358,Almacen 14,Empleado 17,16,Gestor 3
2359,Almacen 40,Empleado 49,9,Gestor 1
2360,Almacen 18,Empleado 39,13,Gestor 4
2361,Almacen 37,Empleado 36,12,Gestor 4
2364,Almacen 18,Empleado 24,10,Gestor 5
2366,Almacen 21,Empleado 54,16,Gestor 4
2367,Almacen 49,Empleado 35,11,Gestor 3
2368,Almacen 36,Empleado 27,10,Gestor 5
2369,Almacen 35,Empleado 52,11,Gestor 3
2370,Almacen 5,Empleado 82,16,Gestor 5
2372,Almacen 3,Empleado 55,14,Gestor 5
2373,Almacen 44,Empleado 61,10,Gestor 4
2375,Almacen 29,Empleado 98,11,Gestor 1
2376,Almacen 25,Empleado 70,12,Gestor 5
2377,Almacen 42,Empleado 19,10,Gestor 2
2379,Almacen 39,Empleado 49,14,Gestor 1
2383,Almacen 30,Empleado 63,16,Gestor 3
2384,Almacen 41,Empleado 37,17,Gestor 4
2386,Almacen 9,Empleado 90,17,Gestor 1
2387,Almacen 1,Empleado 16,10,Gestor 3
2388,Almacen 32,Empleado 35,18,Gestor 4
2389,Almacen 24,Empleado 44,8,Gestor 3
2390,Almacen 14,Empleado 2,15,Gestor 1
2391,Almacen 48,Empleado 16,11,Gestor 5
2393,Almacen 0,Empleado 25,12,Gestor 1
2394,Almacen 2,Empleado 41,16,Gestor 3
2397,Almacen 37,Empleado 19,10,Gestor 3
2399,Almacen 42,Empleado 17,8,Gestor 2
2400,Almacen 17,Empleado 48,14,Gestor 1
2401,Almacen 22,Empleado 32,11,Gestor 5
2402,Almacen 24,Empleado 89,8,Gestor 4
2403,Almacen 46,Empleado 68,13,Gestor 3
2404,Almacen 45,Empleado 72,16,Gestor 3
2405,Almacen 25,Empleado 7,14,Gestor 3
2406,Almacen 47,Empleado 71,9,Gestor 1
2408,Almacen 48,Empleado 27,13,Gestor 4
2409,Almacen 44,Empleado 94,14,Gestor 3
2411,Almacen 12,Empleado 13,18,Gestor 2
2413,Almacen 34,Empleado 24,11,Gestor 3
2415,Almacen 11,Empleado 88,8,Gestor 2
2417,Almacen 43,Empleado 79,15,Gestor 1
2418,Almacen 15,Empleado 96,16,Gestor 5
2419,Almacen 28,Empleado 25,18,Gestor 5
2422,Almacen 29,Empleado 7,16,Gestor 2
2423,Almacen 47,Empleado 16,17,Gestor 3
2424,Almacen 5,Empleado 80,9,Gestor 3
2425,Almacen 18,Empleado 36,17,Gestor 4
2426,Almacen 2,Empleado 34,17,Gestor 2
2427,Almacen 44,Empleado 90,14,Gestor 5
2428,Almacen 28,Empleado 83,17,Gestor 3
2429,Almacen 22,Empleado 65,13,Gestor 2
2430,Almacen 17,Empleado 6,9,Gestor 3
2431,Almacen 47,Empleado 53,12,Gestor 3
2433,Almacen 41,Empleado 93,9,Gestor 1
2435,Almacen 39,Empleado 94,9,Gestor 2
2436,Almacen 27,Empleado 20,17,Gestor 5
2441,Almacen 12,Empleado 90,18,Gestor 5
2442,Almacen 44,Empleado 3,13,Gestor 3
2443,Almacen 36,Empleado 93,11,Gestor 2
2444,Almacen 0,Empleado 72,14,Gestor 5
2445,Almacen 22,Empleado 40,8,Gestor 3
2446,Almacen 33,Empleado 53,15,Gestor 5
2447,Almacen 29,Empleado 69,8,Gestor 1
2449,Almacen 40,Empleado 80,13,Gestor 2
2451,Almacen 15,Empleado 57,16,Gestor 4
2452,Almacen 26,Empleado 93,8,Gestor 1
2455,Almacen 0,Empleado 79,13,Gestor 4
2456,Almacen 33,Empleado 43,17,Gestor 2
2457,Almacen 25,Empleado 95,16,Gestor 1
2459,Almacen 19,Empleado 70,18,Gestor 3
2461,Almacen 39,Empleado 95,13,Gestor 5
2462,Almacen 6,Empleado 97,18,Gestor 1
2463,Almacen 0,Empleado 12,16,Gestor 1
2464,Almacen 41,Empleado 50,8,Gestor 1
2466,Almacen 1,Empleado 94,14,Gestor 5
2467,Almacen 49,Empleado 71,16,Gestor 3
2469,Almacen 20,Empleado 50,15,Gestor 3
2470,Almacen 48,Empleado 71,11,Gestor 3
2471,Almacen 23,Empleado 50,12,Gestor 4
2472,Almacen 0,Empleado 13,11,Gestor 4
2474,Almacen 48,Empleado 69,14,Gestor 3
2475,Almacen 14,Empleado 83,14,Gestor 3
2477,Almacen 7,Empleado 67,11,Gestor 2
2479,Almacen 43,Empleado 41,13,Gestor 3
2480,Almacen 39,Empleado 20,13,Gestor 4
2482,Almacen 9,Empleado 32,8,Gestor 3
2484,Almacen 14,Empleado 82,15,Gestor 2
2486,Almacen 49,Empleado 13,8,Gestor 5
2487,Almacen 30,Empleado 8,12,Gestor 2
2492,Almacen 35,Empleado 63,9,Gestor 1
2494,Almacen 24,Empleado 25,17,Gestor 3
2495,Almacen 48,Empleado 71,18,Gestor 1
2501,Almacen 0,Empleado 27,14,Gestor 3
2502,Almacen 24,Empleado 47,14,Gestor 2
2503,Almacen 41,Empleado 93,12,Gestor 5
2509,Almacen 38,Empleado 100,14,Gestor 5
2510,Almacen 34,Empleado 94,13,Gestor 2
2511,Almacen 11,Empleado 93,12,Gestor 5
2513,Almacen 9,Empleado 58,18,Gestor 5
2514,Almacen 16,Empleado 39,13,Gestor 4
2515,Almacen 35,Empleado 16,17,Gestor 4
2516,Almacen 21,Empleado 45,8,Gestor 1
2518,Almacen 10,Empleado 70,10,Gestor 5
2519,Almacen 22,Empleado 62,16,Gestor 1
2520,Almacen 17,Empleado 39,15,Gestor 3
2521,Almacen 39,Empleado 100,16,Gestor 2
2522,Almacen 40,Empleado 4,17,Gestor 4
2523,Almacen 2,Empleado 20,10,Gestor 3
2524,Almacen 29,Empleado 47,18,Gestor 4
2525,Almacen 41,Empleado 91,12,Gestor 2
2526,Almacen 29,Empleado 41,12,Gestor 3
2527,Almacen 23,Empleado 74,11,Gestor 4
2528,Almacen 23,Empleado 61,11,Gestor 1
2529,Almacen 35,Empleado 81,12,Gestor 4
2530,Almacen 29,Empleado 93,13,Gestor 1
2531,Almacen 10,Empleado 86,8,Gestor 2
2534,Almacen 1,Empleado 22,10,Gestor 2
2535,Almacen 40,Empleado 30,13,Gestor 1
2536,Almacen 37,Empleado 16,9,Gestor 4
2539,Almacen 13,Empleado 59,14,Gestor 2
2541,Almacen 20,Empleado 95,10,Gestor 1
2542,Almacen 23,Empleado 14,12,Gestor 1
2543,Almacen 21,Empleado 56,10,Gestor 3
2544,Almacen 14,Empleado 79,8,Gestor 1
2547,Almacen 10,Empleado 9,15,Gestor 2
2549,Almacen 5,Empleado 91,12,Gestor 3
2550,Almacen 7,Empleado 93,16,Gestor 1
2551,Almacen 33,Empleado 69,15,Gestor 2
2552,Almacen 8,Empleado 24,14,Gestor 5
2553,Almacen 2,Empleado 18,17,Gestor 1
2556,Almacen 6,Empleado 92,15,Gestor 4
2558,Almacen 7,Empleado 60,10,Gestor 4
2559,Almacen 28,Empleado 75,16,Gestor 3
2560,Almacen 10,Empleado 75,11,Gestor 4
2561,Almacen 19,Empleado 24,13,Gestor 1
2562,Almacen 31,Empleado 25,9,Gestor 2
2564,Almacen 22,Empleado 2,11,Gestor 4
2565,Almacen 48,Empleado 37,16,Gestor 2
2567,Almacen 19,Empleado 2,11,Gestor 3
2568,Almacen 35,Empleado 3,12,Gestor 3
2569,Almacen 13,Empleado 42,18,Gestor 4
2570,Almacen 36,Empleado 88,14,Gestor 1
2571,Almacen 27,Empleado 43,15,Gestor 1
2572,Almacen 6,Empleado 82,18,Gestor 3
2575,Almacen 47,Empleado 74,14,Gestor 4
2577,Almacen 12,Empleado 2,10,Gestor 1
2578,Almacen 39,Empleado 94,10,Gestor 1
2579,Almacen 34,Empleado 21,16,Gestor 1
2580,Almacen 9,Empleado 5,11,Gestor 1
2581,Almacen 42,Empleado 22,8,Gestor 5
2583,Almacen 3,Empleado 70,10,Gestor 1
2584,Almacen 49,Empleado 89,17,Gestor 3
2587,Almacen 9,Empleado 47,9,Gestor 1
2588,Almacen 49,Empleado 36,14,Gestor 5
2590,Almacen 12,Empleado 97,13,Gestor 2
2591,Almacen 5,Empleado 1,16,Gestor 4
2592,Almacen 47,Empleado 27,11,Gestor 5
2594,Almacen 0,Empleado 35,10,Gestor 5
2595,Almacen 12,Empleado 83,10,Gestor 2
2596,Almacen 40,Empleado 33,14,Gestor 3
2597,Almacen 10,Empleado 25,8,Gestor 2
2598,Almacen 34,Empleado 24,10,Gestor 2
2600,Almacen 26,Empleado 77,11,Gestor 4
2601,Almacen 19,Empleado 27,17,Gestor 5
2602,Almacen 18,Empleado 99,12,Gestor 4
2603,Almacen 21,Empleado 24,16,Gestor 2
2604,Almacen 30,Empleado 53,17,Gestor 5
2605,Almacen 12,Empleado 2,14,Gestor 3
2607,Almacen 21,Empleado 17,11,Gestor 1
2608,Almacen 15,Empleado 35,11,Gestor 5
2609,Almacen 9,Empleado 20,8,Gestor 4
2610,Almacen 0,Empleado 68,15,Gestor 2
2611,Almacen 29,Empleado 49,15,Gestor 1
2613,Almacen 14,Empleado 49,9,Gestor 4
2615,Almacen 16,Empleado 89,16,Gestor 3
2618,Almacen 11,Empleado 84,12,Gestor 1
2620,Almacen 0,Empleado 76,18,Gestor 4
2621,Almacen 12,Empleado 27,8,Gestor 5
2622,Almacen 28,Empleado 70,16,Gestor 5
2624,Almacen 41,Empleado 70,11,Gestor 3
2625,Almacen 29,Empleado 95,14,Gestor 5
2626,Almacen 32,Empleado 14,16,Gestor 4
2627,Almacen 32,Empleado 9,11,Gestor 2
2629,Almacen 17,Empleado 46,15,Gestor 5
2630,Almacen 47,Empleado 42,14,Gestor 2
2631,Almacen 15,Empleado 7,12,Gestor 1
2632,Almacen 32,Empleado 90,8,Gestor 3
2633,Almacen 17,Empleado 72,12,Gestor 1
2634,Almacen 10,Empleado 9,16,Gestor 4
2635,Almacen 11,Empleado 94,9,Gestor 2
2636,Almacen 35,Empleado 90,9,Gestor 1
2637,Almacen 9,Empleado 98,14,Gestor 1
2638,Almacen 10,Empleado 64,12,Gestor 5
2640,Almacen 17,Empleado 82,8,Gestor 5
2641,Almacen 43,Empleado 56,17,Gestor 4
2643,Almacen 1,Empleado 67,10,Gestor 1
2644,Almacen 5,Empleado 71,16,Gestor 3
2646,Almacen 1,Empleado 57,11,Gestor 1
2648,Almacen 22,Empleado 99,15,Gestor 4
2649,Almacen 3,Empleado 40,13,Gestor 5
2650,Almacen 41,Empleado 49,10,Gestor 1
2651,Almacen 24,Empleado 81,13,Gestor 3
2652,Almacen 35,Empleado 64,12,Gestor 3
2654,Almacen 19,Empleado 32,11,Gestor 2
2655,Almacen 38,Empleado 63,15,Gestor 1
2656,Almacen 28,Empleado 85,18,Gestor 1
2660,Almacen 6,Empleado 52,14,Gestor 5
2662,Almacen 27,Empleado 96,17,Gestor 4
2663,Almacen 8,Empleado 23,16,Gestor 2
2664,Almacen 38,Empleado 40,10,Gestor 1
2667,Almacen 14,Empleado 51,18,Gestor 5
2668,Almacen 7,Empleado 32,11,Gestor 1
2669,Almacen 0,Empleado 30,13,Gestor 3
2671,Almacen 38,Empleado 3,9,Gestor 1
2672,Almacen 24,Empleado 89,13,Gestor 2
2674,Almacen 37,Empleado 57,8,Gestor 1
2675,Almacen 3,Empleado 50,13,Gestor 4
2677,Almacen 14,Empleado 26,13,Gestor 2
2678,Almacen 30,Empleado 54,10,Gestor 4
2679,Almacen 40,Empleado 51,13,Gestor 3
2680,Almacen 9,Empleado 83,15,Gestor 4
2685,Almacen 44,Empleado 9,18,Gestor 4
2686,Almacen 0,Empleado 28,18,Gestor 4
2687,Almacen 42,Empleado 96,13,Gestor 4
2688,Almacen 36,Empleado 71,13,Gestor 1
2689,Almacen 13,Empleado 67,16,Gestor 1
2692,Almacen 26,Empleado 82,10,Gestor 5
2694,Almacen 26,Empleado 63,10,Gestor 5
2695,Almacen 46,Empleado 69,11,Gestor 4
2696,Almacen 39,Empleado 8,15,Gestor 3
2697,Almacen 21,Empleado 60,10,Gestor 2
2698,Almacen 42,Empleado 33,11,Gestor 5
2700,Almacen 40,Empleado 6,12,Gestor 1
2701,Almacen 1,Empleado 91,17,Gestor 3
2702,Almacen 43,Empleado 53,15,Gestor 3
2703,Almacen 46,Empleado 27,12,Gestor 3
2705,Almacen 48,Empleado 56,10,Gestor 2
2708,Almacen 13,Empleado 59,13,Gestor 3
2709,Almacen 6,Empleado 10,17,Gestor 5
2711,Almacen 8,Empleado 73,8,Gestor 3
2712,Almacen 20,Empleado 30,14,Gestor 2
2713,Almacen 32,Empleado 34,12,Gestor 5
2715,Almacen 39,Empleado 81,13,Gestor 4
2717,Almacen 11,Empleado 83,17,Gestor 5
2718,Almacen 42,Empleado 24,11,Gestor 4
2724,Almacen 29,Empleado 90,13,Gestor 3
2725,Almacen 14,Empleado 4,17,Gestor 4
2726,Almacen 40,Empleado 80,10,Gestor 3
2727,Almacen 40,Empleado 100,11,Gestor 4
2728,Almacen 34,Empleado 40,12,Gestor 1
2730,Almacen 45,Empleado 56,18,Gestor 4
2731,Almacen 29,Empleado 84,12,Gestor 4
2732,Almacen 35,Empleado 35,17,Gestor 5
2733,Almacen 46,Empleado 84,14,Gestor 3
2734,Almacen 17,Empleado 71,14,Gestor 2
2735,Almacen 26,Empleado 42,16,Gestor 4
2736,Almacen 19,Empleado 16,8,Gestor 5
2737,Almacen 3,Empleado 66,13,Gestor 1
2739,Almacen 17,Empleado 71,12,Gestor 1
2741,Almacen 37,Empleado 47,16,Gestor 4
2742,Almacen 20,Empleado 36,18,Gestor 5
2743,Almacen 34,Empleado 27,8,Gestor 1
2745,Almacen 7,Empleado 80,17,Gestor 4
2746,Almacen 7,Empleado 6,15,Gestor 3
2747,Almacen 20,Empleado 3,18,Gestor 3
2748,Almacen 4,Empleado 68,8,Gestor 4
2749,Almacen 13,Empleado 6,17,Gestor 4
2750,Almacen 8,Empleado 24,12,Gestor 5
2751,Almacen 41,Empleado 96,14,Gestor 5
2756,Almacen 49,Empleado 15,17,Gestor 2
2758,Almacen 47,Empleado 77,16,Gestor 5
2759,Almacen 42,Empleado 58,8,Gestor 3
2760,Almacen 23,Empleado 35,10,Gestor 4
2761,Almacen 44,Empleado 54,17,Gestor 4
2762,Almacen 27,Empleado 85,13,Gestor 5
2763,Almacen 30,Empleado 75,18,Gestor 5
2766,Almacen 39,Empleado 12,17,Gestor 1
2767,Almacen 8,Empleado 57,16,Gestor 4
2769,Almacen 13,Empleado 81,12,Gestor 2
2770,Almacen 46,Empleado 19,13,Gestor 4
2771,Almacen 34,Empleado 80,13,Gestor 2
2772,Almacen 32,Empleado 15,16,Gestor 5
2773,Almacen 12,Empleado 55,16,Gestor 5
2774,Almacen 18,Empleado 36,9,Gestor 1
2775,Almacen 13,Empleado 47,16,Gestor 3
2777,Almacen 15,Empleado 28,8,Gestor 1
2778,Almacen 35,Empleado 88,9,Gestor 2
2779,Almacen 7,Empleado 38,11,Gestor 3
2780,Almacen 46,Empleado 81,10,Gestor 4
2782,Almacen 7,Empleado 5,14,Gestor 3
2786,Almacen 29,Empleado 65,15,Gestor 5
2788,Almacen 34,Empleado 97,12,Gestor 2
2792,Almacen 32,Empleado 17,15,Gestor 5
2793,Almacen 41,Empleado 81,12,Gestor 2
2795,Almacen 35,Empleado 69,10,Gestor 2
2796,Almacen 9,Empleado 32,12,Gestor 2
2799,Almacen 49,Empleado 39,16,Gestor 3
2800,Almacen 21,Empleado 83,14,Gestor 2
2801,Almacen 48,Empleado 45,9,Gestor 1
2803,Almacen 8,Empleado 87,14,Gestor 5
2804,Almacen 24,Empleado 89,18,Gestor 3
2807,Almacen 38,Empleado 31,11,Gestor 5
2808,Almacen 46,Empleado 11,17,Gestor 4
2810,Almacen 32,Empleado 100,16,Gestor 5
2813,Almacen 29,Empleado 67,18,Gestor 3
2814,Almacen 1,Empleado 8,9,Gestor 1
2815,Almacen 17,Empleado 39,14,Gestor 2
2816,Almacen 20,Empleado 63,15,Gestor 3
2817,Almacen 11,Empleado 2,9,Gestor 4
2819,Almacen 31,Empleado 76,11,Gestor 2
2822,Almacen 11,Empleado 18,16,Gestor 4
2823,Almacen 9,Empleado 43,9,Gestor 5
2824,Almacen 19,Empleado 20,15,Gestor 3
2829,Almacen 12,Empleado 43,8,Gestor 5
2830,Almacen 7,Empleado 49,18,Gestor 2
2831,Almacen 31,Empleado 40,9,Gestor 3
2832,Almacen 32,Empleado 66,8,Gestor 1
2833,Almacen 48,Empleado 2,18,Gestor 2
2835,Almacen 6,Empleado 35,14,Gestor 3
2836,Almacen 38,Empleado 17,14,Gestor 3
2838,Almacen 10,Empleado 74,14,Gestor 4
2840,Almacen 46,Empleado 99,13,Gestor 4
2844,Almacen 32,Empleado 19,9,Gestor 4
2848,Almacen 40,Empleado 5,8,Gestor 4
2850,Almacen 2,Empleado 49,8,Gestor 3
2851,Almacen 2,Empleado 60,13,Gestor 4
2858,Almacen 20,Empleado 14,9,Gestor 2
2859,Almacen 48,Empleado 4,13,Gestor 4
2860,Almacen 35,Empleado 28,10,Gestor 4
2861,Almacen 20,Empleado 70,10,Gestor 2
2862,Almacen 31,Empleado 50,17,Gestor 2
2864,Almacen 10,Empleado 21,17,Gestor 5
2865,Almacen 45,Empleado 4,17,Gestor 4
2867,Almacen 36,Empleado 100,14,Gestor 5
2868,Almacen 42,Empleado 54,13,Gestor 1
2870,Almacen 23,Empleado 62,17,Gestor 5
2872,Almacen 17,Empleado 39,11,Gestor 4
2873,Almacen 44,Empleado 62,12,Gestor 2
2876,Almacen 44,Empleado 30,8,Gestor 4
2879,Almacen 43,Empleado 80,14,Gestor 5
2880,Almacen 30,Empleado 48,12,Gestor 3
2881,Almacen 29,Empleado 10,12,Gestor 2
2883,Almacen 2,Empleado 71,17,Gestor 3
2885,Almacen 28,Empleado 83,13,Gestor 2
2886,Almacen 38,Empleado 56,17,Gestor 5
2887,Almacen 33,Empleado 37,9,Gestor 1
2889,Almacen 23,Empleado 58,10,Gestor 5
2890,Almacen 40,Empleado 46,16,Gestor 2
2891,Almacen 33,Empleado 83,8,Gestor 4
2893,Almacen 43,Empleado 90,15,Gestor 1
2894,Almacen 0,Empleado 11,16,Gestor 3
2895,Almacen 46,Empleado 100,16,Gestor 3
2896,Almacen 26,Empleado 88,13,Gestor 1
2897,Almacen 40,Empleado 95,13,Gestor 1
2898,Almacen 21,Empleado 26,12,Gestor 5
2899,Almacen 5,Empleado 88,15,Gestor 4
2900,Almacen 7,Empleado 68,10,Gestor 4
2901,Almacen 16,Empleado 40,14,Gestor 3
2902,Almacen 5,Empleado 23,11,Gestor 2
2904,Almacen 18,Empleado 73,8,Gestor 3
2906,Almacen 7,Empleado 30,15,Gestor 1
2909,Almacen 32,Empleado 9,13,Gestor 2
2910,Almacen 25,Empleado 78,17,Gestor 4
2912,Almacen 35,Empleado 50,18,Gestor 3
2913,Almacen 33,Empleado 19,16,Gestor 4
2915,Almacen 31,Empleado 84,18,Gestor 5
2917,Almacen 20,Empleado 82,9,Gestor 1
2920,Almacen 17,Empleado 22,17,Gestor 1
2921,Almacen 40,Empleado 36,11,Gestor 1
2923,Almacen 14,Empleado 96,16,Gestor 1
2927,Almacen 43,Empleado 91,9,Gestor 5
2928,Almacen 24,Empleado 80,17,Gestor 1
2929,Almacen 9,Empleado 68,12,Gestor 4
2930,Almacen 34,Empleado 87,18,Gestor 4
2931,Almacen 42,Empleado 16,10,Gestor 1
2932,Almacen 10,Empleado 71,8,Gestor 1
2933,Almacen 19,Empleado 22,17,Gestor 2
2934,Almacen 42,Empleado 23,9,Gestor 2
2936,Almacen 25,Empleado 48,10,Gestor 5
2937,Almacen 39,Empleado 45,8,Gestor 4
2943,Almacen 3,Empleado 39,13,Gestor 4
2945,Almacen 30,Empleado 98,8,Gestor 2
2946,Almacen 10,Empleado 35,17,Gestor 3
2947,Almacen 27,Empleado 27,15,Gestor 2
2949,Almacen 6,Empleado 58,9,Gestor 2
2950,Almacen 38,Empleado 43,18,Gestor 1
2954,Almacen 39,Empleado 46,16,Gestor 1
2955,Almacen 6,Empleado 52,11,Gestor 1
2957,Almacen 38,Empleado 79,16,Gestor 2
2961,Almacen 43,Empleado 24,14,Gestor 3
2962,Almacen 32,Empleado 38,9,Gestor 3
2963,Almacen 29,Empleado 15,15,Gestor 4
2966,Almacen 13,Empleado 21,17,Gestor 5
2968,Almacen 5,Empleado 22,10,Gestor 2
2969,Almacen 43,Empleado 90,12,Gestor 2
2970,Almacen 3,Empleado 31,10,Gestor 1
2972,Almacen 32,Empleado 51,12,Gestor 4
2974,Almacen 47,Empleado 40,8,Gestor 2
2976,Almacen 10,Empleado 46,15,Gestor 2
2977,Almacen 6,Empleado 29,11,Gestor 1
2979,Almacen 5,Empleado 34,16,Gestor 3
2980,Almacen 1,Empleado 61,8,Gestor 2
2981,Almacen 6,Empleado 52,16,Gestor 4
2982,Almacen 6,Empleado 90,16,Gestor 3
2984,Almacen 26,Empleado 45,8,Gestor 5
2985,Almacen 27,Empleado 80,12,Gestor 2
2986,Almacen 8,Empleado 92,15,Gestor 2
2991,Almacen 38,Empleado 64,9,Gestor 4
2992,Almacen 24,Empleado 85,18,Gestor 5
2993,Almacen 12,Empleado 29,11,Gestor 4
2994,Almacen 28,Empleado 71,12,Gestor 2
2996,Almacen 43,Empleado 21,13,Gestor 4
2998,Almacen 7,Empleado 75,12,Gestor 5
2999,Almacen 41,Empleado 46,8,Gestor 4
3000,Almacen 2,Empleado 89,17,Gestor 1
3001,Almacen 0,Empleado 59,15,Gestor 4
3002,Almacen 33,Empleado 22,8,Gestor 3
3004,Almacen 3,Empleado 3,16,Gestor 1
3006,Almacen 31,Empleado 98,9,Gestor 4
3010,Almacen 2,Empleado 97,17,Gestor 1
3011,Almacen 41,Empleado 68,17,Gestor 1
3013,Almacen 28,Empleado 2,10,Gestor 2
3014,Almacen 39,Empleado 54,11,Gestor 4
3016,Almacen 10,Empleado 22,16,Gestor 1
3017,Almacen 42,Empleado 92,12,Gestor 1
3018,Almacen 7,Empleado 31,14,Gestor 2
3019,Almacen 32,Empleado 56,8,Gestor 2
3022,Almacen 34,Empleado 85,10,Gestor 3
3023,Almacen 29,Empleado 9,9,Gestor 3
3027,Almacen 38,Empleado 16,17,Gestor 4
3031,Almacen 21,Empleado 20,11,Gestor 2
3032,Almacen 6,Empleado 84,10,Gestor 3
3033,Almacen 32,Empleado 67,17,Gestor 5
3035,Almacen 31,Empleado 94,13,Gestor 4
3036,Almacen 34,Empleado 11,12,Gestor 1
3037,Almacen 24,Empleado 54,18,Gestor 4
3039,Almacen 44,Empleado 25,10,Gestor 4
3040,Almacen 25,Empleado 51,17,Gestor 4
3041,Almacen 47,Empleado 30,8,Gestor 3
3042,Almacen 46,Empleado 12,9,Gestor 1
3045,Almacen 3,Empleado 15,15,Gestor 1
3047,Almacen 2,Empleado 99,18,Gestor 3
3048,Almacen 31,Empleado 66,16,Gestor 1
3051,Almacen 44,Empleado 53,17,Gestor 2
3052,Almacen 40,Empleado 21,15,Gestor 5
3053,Almacen 29,Empleado 80,16,Gestor 1
3054,Almacen 45,Empleado 54,17,Gestor 4
3055,Almacen 3,Empleado 22,8,Gestor 4
3057,Almacen 25,Empleado 24,18,Gestor 4
3060,Almacen 10,Empleado 15,9,Gestor 3
3061,Almacen 41,Empleado 92,8,Gestor 3
3062,Almacen 44,Empleado 7,13,Gestor 2
3063,Almacen 45,Empleado 78,8,Gestor 1
3064,Almacen 6,Empleado 46,15,Gestor 4
3066,Almacen 24,Empleado 72,11,Gestor 1
3067,Almacen 23,Empleado 17,13,Gestor 4
3071,Almacen 44,Empleado 90,8,Gestor 5
3073,Almacen 1,Empleado 92,9,Gestor 2
3075,Almacen 27,Empleado 9,18,Gestor 2
3078,Almacen 34,Empleado 94,13,Gestor 1
3079,Almacen 5,Empleado 49,10,Gestor 3
3081,Almacen 18,Empleado 60,17,Gestor 1
3082,Almacen 49,Empleado 30,13,Gestor 5
3083,Almacen 15,Empleado 41,10,Gestor 1
3084,Almacen 24,Empleado 20,18,Gestor 5
3086,Almacen 9,Empleado 27,13,Gestor 4
3087,Almacen 1,Empleado 47,13,Gestor 2
3088,Almacen 34,Empleado 18,15,Gestor 2
3089,Almacen 29,Empleado 25,15,Gestor 4
3091,Almacen 30,Empleado 85,13,Gestor 3
3092,Almacen 12,Empleado 28,13,Gestor 4
3093,Almacen 8,Empleado 39,15,Gestor 1
3095,Almacen 16,Empleado 16,10,Gestor 4
3096,Almacen 48,Empleado 58,10,Gestor 2
3097,Almacen 17,Empleado 67,14,Gestor 2
3098,Almacen 1,Empleado 49,10,Gestor 3
3101,Almacen 11,Empleado 56,11,Gestor 1
3102,Almacen 46,Empleado 75,15,Gestor 5
3103,Almacen 7,Empleado 56,13,Gestor 3
3106,Almacen 36,Empleado 35,12,Gestor 2
3107,Almacen 19,Empleado 69,17,Gestor 3
3108,Almacen 32,Empleado 68,11,Gestor 4
3110,Almacen 12,Empleado 64,11,Gestor 5
3111,Almacen 10,Empleado 5,8,Gestor 5
3113,Almacen 45,Empleado 1,17,Gestor 2
3114,Almacen 35,Empleado 67,14,Gestor 3
3118,Almacen 1,Empleado 36,17,Gestor 2
3120,Almacen 20,Empleado 91,12,Gestor 3
3121,Almacen 32,Empleado 99,16,Gestor 3
3124,Almacen 18,Empleado 46,15,Gestor 3
3127,Almacen 28,Empleado 9,10,Gestor 2
3128,Almacen 37,Empleado 42,8,Gestor 3
3129,Almacen 4,Empleado 14,15,Gestor 5
3130,Almacen 4,Empleado 5,8,Gestor 4
3132,Almacen 7,Empleado 55,16,Gestor 4
3133,Almacen 0,Empleado 76,9,Gestor 5
3135,Almacen 7,Empleado 2,14,Gestor 3
3136,Almacen 22,Empleado 91,9,Gestor 2
3137,Almacen 44,Empleado 64,13,Gestor 2
3139,Almacen 7,Empleado 43,12,Gestor 4
3140,Almacen 3,Empleado 56,16,Gestor 5
3141,Almacen 36,Empleado 86,15,Gestor 2
3142,Almacen 40,Empleado 99,18,Gestor 2
3144,Almacen 33,Empleado 19,16,Gestor 1
3146,Almacen 49,Empleado 86,11,Gestor 1
3147,Almacen 28,Empleado 91,10,Gestor 2
3149,Almacen 49,Empleado 44,9,Gestor 1
3150,Almacen 6,Empleado 33,10,Gestor 3
3151,Almacen 11,Empleado 86,15,Gestor 3
3152,Almacen 16,Empleado 49,10,Gestor 2
3154,Almacen 43,Empleado 77,13,Gestor 5
3155,Almacen 3,Empleado 77,17,Gestor 4
3157,Almacen 4,Empleado 84,17,Gestor 1
3159,Almacen 23,Empleado 10,12,Gestor 4
3162,Almacen 22,Empleado 48,18,Gestor 3
3163,Almacen 19,Empleado 69,14,Gestor 2
3164,Almacen 21,Empleado 7,17,Gestor 5
3166,Almacen 38,Empleado 57,16,Gestor 4
3168,Almacen 6,Empleado 93,9,Gestor 4
3169,Almacen 7,Empleado 48,9,Gestor 4
3170,Almacen 4,Empleado 71,15,Gestor 2
3171,Almacen 45,Empleado 28,13,Gestor 2
3173,Almacen 40,Empleado 25,12,Gestor 3
3174,Almacen 29,Empleado 43,15,Gestor 5
3175,Almacen 46,Empleado 43,18,Gestor 2
3177,Almacen 19,Empleado 66,11,Gestor 5
3178,Almacen 34,Empleado 93,10,Gestor 4
3180,Almacen 19,Empleado 49,11,Gestor 1
3181,Almacen 25,Empleado 3,8,Gestor 4
3182,Almacen 31,Empleado 55,15,Gestor 3
3183,Almacen 12,Empleado 38,12,Gestor 3
3184,Almacen 19,Empleado 77,10,Gestor 2
3186,Almacen 47,Empleado 70,16,Gestor 5
3187,Almacen 9,Empleado 27,8,Gestor 4
3189,Almacen 10,Empleado 63,15,Gestor 1
3190,Almacen 8,Empleado 42,8,Gestor 1
3191,Almacen 43,Empleado 62,9,Gestor 2
3192,Almacen 29,Empleado 24,15,Gestor 2
3193,Almacen 27,Empleado 44,10,Gestor 3
3194,Almacen 33,Empleado 93,11,Gestor 2
3198,Almacen 36,Empleado 47,12,Gestor 2
3202,Almacen 37,Empleado 84,9,Gestor 2
3203,Almacen 12,Empleado 16,12,Gestor 3
3204,Almacen 11,Empleado 20,16,Gestor 4
3205,Almacen 47,Empleado 88,9,Gestor 3
3207,Almacen 45,Empleado 99,12,Gestor 1
3209,Almacen 22,Empleado 63,18,Gestor 1
3212,Almacen 1,Empleado 4,16,Gestor 3
3213,Almacen 0,Empleado 19,17,Gestor 3
3216,Almacen 35,Empleado 2,16,Gestor 2
3219,Almacen 31,Empleado 30,10,Gestor 1
3220,Almacen 19,Empleado 65,17,Gestor 4
3221,Almacen 28,Empleado 86,11,Gestor 4
3222,Almacen 32,Empleado 72,14,Gestor 3
3223,Almacen 29,Empleado 84,10,Gestor 3
3224,Almacen 4,Empleado 80,17,Gestor 4
3225,Almacen 14,Empleado 2,13,Gestor 3
3226,Almacen 12,Empleado 62,8,Gestor 4
3228,Almacen 31,Empleado 11,13,Gestor 1
3229,Almacen 37,Empleado 41,13,Gestor 2
3232,Almacen 30,Empleado 69,15,Gestor 3
3233,Almacen 26,Empleado 91,11,Gestor 1
3234,Almacen 0,Empleado 13,10,Gestor 2
3235,Almacen 25,Empleado 21,11,Gestor 3
3236,Almacen 25,Empleado 3,18,Gestor 1
3242,Almacen 36,Empleado 69,12,Gestor 5
3243,Almacen 42,Empleado 17,16,Gestor 4
3245,Almacen 32,Empleado 60,14,Gestor 5
3246,Almacen 47,Empleado 16,11,Gestor 5
3247,Almacen 4,Empleado 53,13,Gestor 2
3248,Almacen 46,Empleado 59,17,Gestor 5
3250,Almacen 28,Empleado 51,11,Gestor 4
3251,Almacen 28,Empleado 13,16,Gestor 5
3252,Almacen 20,Empleado 13,11,Gestor 4
3254,Almacen 7,Empleado 48,18,Gestor 5
3256,Almacen 2,Empleado 57,17,Gestor 5
3258,Almacen 41,Empleado 53,17,Gestor 1
3259,Almacen 38,Empleado 73,15,Gestor 5
3263,Almacen 42,Empleado 68,18,Gestor 3
3264,Almacen 14,Empleado 42,16,Gestor 2
3266,Almacen 23,Empleado 10,9,Gestor 5
3267,Almacen 31,Empleado 35,12,Gestor 3
3270,Almacen 39,Empleado 38,11,Gestor 2
3271,Almacen 9,Empleado 92,13,Gestor 5
3273,Almacen 18,Empleado 93,15,Gestor 1
3276,Almacen 45,Empleado 1,10,Gestor 4
3277,Almacen 24,Empleado 13,16,Gestor 2
3278,Almacen 36,Empleado 4,12,Gestor 5
3279,Almacen 44,Empleado 28,8,Gestor 2
3280,Almacen 21,Empleado 35,10,Gestor 4
3281,Almacen 40,Empleado 46,14,Gestor 3
3283,Almacen 36,Empleado 30,13,Gestor 3
3284,Almacen 27,Empleado 69,10,Gestor 3
3287,Almacen 22,Empleado 94,8,Gestor 3
3288,Almacen 16,Empleado 2,18,Gestor 3
3289,Almacen 45,Empleado 19,9,Gestor 4
3290,Almacen 16,Empleado 90,12,Gestor 1
3292,Almacen 44,Empleado 70,12,Gestor 5
3293,Almacen 13,Empleado 95,12,Gestor 2
3294,Almacen 26,Empleado 61,10,Gestor 2
3295,Almacen 23,Empleado 60,13,Gestor 2
3296,Almacen 7,Empleado 65,18,Gestor 2
3297,Almacen 21,Empleado 16,18,Gestor 4
3298,Almacen 21,Empleado 1,10,Gestor 1
3300,Almacen 8,Empleado 31,13,Gestor 4
3302,Almacen 5,Empleado 75,17,Gestor 2
3304,Almacen 9,Empleado 48,16,Gestor 3
3305,Almacen 12,Empleado 63,9,Gestor 1
3308,Almacen 29,Empleado 94,14,Gestor 4
3309,Almacen 34,Empleado 8,11,Gestor 2
3310,Almacen 47,Empleado 93,12,Gestor 4
3311,Almacen 45,Empleado 88,17,Gestor 3
3313,Almacen 8,Empleado 4,17,Gestor 1
3315,Almacen 12,Empleado 58,12,Gestor 2
3317,Almacen 25,Empleado 62,17,Gestor 5
3320,Almacen 41,Empleado 48,8,Gestor 2
3321,Almacen 7,Empleado 9,12,Gestor 5
3322,Almacen 3,Empleado 15,14,Gestor 1
3323,Almacen 37,Empleado 90,15,Gestor 3
3324,Almacen 22,Empleado 76,12,Gestor 3
3326,Almacen 38,Empleado 35,16,Gestor 5
3327,Almacen 35,Empleado 77,18,Gestor 1
3328,Almacen 9,Empleado 91,11,Gestor 4
3329,Almacen 24,Empleado 77,11,Gestor 2
3331,Almacen 14,Empleado 28,9,Gestor 2
3332,Almacen 15,Empleado 97,12,Gestor 4
3333,Almacen 20,Empleado 77,10,Gestor 3
3334,Almacen 7,Empleado 79,15,Gestor 1
3335,Almacen 34,Empleado 70,9,Gestor 4
3336,Almacen 41,Empleado 71,16,Gestor 5
3340,Almacen 23,Empleado 61,12,Gestor 2
3341,Almacen 4,Empleado 33,8,Gestor 2
3342,Almacen 12,Empleado 82,9,Gestor 2
3344,Almacen 8,Empleado 34,17,Gestor 5
3345,Almacen 28,Empleado 63,9,Gestor 4
3348,Almacen 7,Empleado 52,13,Gestor 1
3349,Almacen 21,Empleado 98,11,Gestor 5
3351,Almacen 45,Empleado 100,11,Gestor 4
3354,Almacen 16,Empleado 14,18,Gestor 3
3356,Almacen 46,Empleado 1,16,Gestor 4
3357,Almacen 20,Empleado 96,18,Gestor 2
3358,Almacen 22,Empleado 6,17,Gestor 2
3360,Almacen 27,Empleado 80,17,Gestor 2
3361,Almacen 34,Empleado 52,18,Gestor 4
3362,Almacen 12,Empleado 53,17,Gestor 1
3363,Almacen 48,Empleado 84,9,Gestor 3
3365,Almacen 24,Empleado 59,14,Gestor 5
3367,Almacen 28,Empleado 23,17,Gestor 1
3369,Almacen 34,Empleado 14,9,Gestor 3
3370,Almacen 31,Empleado 40,17,Gestor 5
3373,Almacen 10,Empleado 21,17,Gestor 3
3374,Almacen 26,Empleado 49,9,Gestor 3
3375,Almacen 38,Empleado 64,10,Gestor 3
3378,Almacen 1,Empleado 55,10,Gestor 3
3379,Almacen 24,Empleado 5,10,Gestor 5
3380,Almacen 9,Empleado 17,10,Gestor 2
3381,Almacen 49,Empleado 79,8,Gestor 3
3383,Almacen 36,Empleado 65,10,Gestor 5
3384,Almacen 15,Empleado 60,18,Gestor 2
3385,Almacen 41,Empleado 19,12,Gestor 5
3386,Almacen 32,Empleado 67,14,Gestor 1
3387,Almacen 41,Empleado 6,9,Gestor 1
3389,Almacen 34,Empleado 74,9,Gestor 1
3390,Almacen 43,Empleado 8,11,Gestor 2
3391,Almacen 22,Empleado 24,16,Gestor 3
3392,Almacen 20,Empleado 65,10,Gestor 5
3393,Almacen 16,Empleado 13,13,Gestor 1
3394,Almacen 17,Empleado 48,17,Gestor 3
3395,Almacen 13,Empleado 7,11,Gestor 5
3396,Almacen 2,Empleado 80,16,Gestor 5
3397,Almacen 0,Empleado 7,10,Gestor 1
3399,Almacen 21,Empleado 8,8,Gestor 1
3400,Almacen 49,Empleado 19,18,Gestor 1
3401,Almacen 2,Empleado 96,17,Gestor 3
3402,Almacen 17,Empleado 13,12,Gestor 3
3403,Almacen 10,Empleado 100,13,Gestor 1
3404,Almacen 29,Empleado 70,13,Gestor 4
3405,Almacen 1,Empleado 6,18,Gestor 4
3407,Almacen 21,Empleado 43,12,Gestor 3
3408,Almacen 38,Empleado 76,17,Gestor 5
3409,Almacen 47,Empleado 19,8,Gestor 5
3411,Almacen 19,Empleado 72,11,Gestor 2
3412,Almacen 7,Empleado 58,10,Gestor 5
3413,Almacen 18,Empleado 40,18,Gestor 1
3414,Almacen 13,Empleado 49,15,Gestor 5
3415,Almacen 22,Empleado 23,8,Gestor 3
3416,Almacen 43,Empleado 71,18,Gestor 4
3417,Almacen 32,Empleado 51,9,Gestor 4
3418,Almacen 47,Empleado 39,16,Gestor 2
3419,Almacen 27,Empleado 54,13,Gestor 5
3421,Almacen 14,Empleado 49,16,Gestor 4
3422,Almacen 19,Empleado 92,18,Gestor 5
3423,Almacen 13,Empleado 14,13,Gestor 1
3425,Almacen 19,Empleado 23,15,Gestor 2
3427,Almacen 10,Empleado 56,16,Gestor 2
3429,Almacen 26,Empleado 17,11,Gestor 1
3430,Almacen 46,Empleado 54,18,Gestor 2
3433,Almacen 17,Empleado 36,11,Gestor 5
3434,Almacen 23,Empleado 55,14,Gestor 3
3435,Almacen 32,Empleado 87,16,Gestor 2
3436,Almacen 0,Empleado 52,8,Gestor 5
3438,Almacen 25,Empleado 6,13,Gestor 1
3439,Almacen 16,Empleado 20,18,Gestor 3
3441,Almacen 27,Empleado 4,9,Gestor 4
3442,Almacen 14,Empleado 12,17,Gestor 5
3443,Almacen 36,Empleado 89,8,Gestor 2
3444,Almacen 15,Empleado 81,11,Gestor 1
3445,Almacen 42,Empleado 24,14,Gestor 4
3448,Almacen 15,Empleado 2,11,Gestor 4
3450,Almacen 11,Empleado 27,10,Gestor 5
3451,Almacen 35,Empleado 64,12,Gestor 2
3452,Almacen 29,Empleado 77,13,Gestor 3
3453,Almacen 17,Empleado 46,17,Gestor 3
3455,Almacen 47,Empleado 26,14,Gestor 5
3456,Almacen 39,Empleado 10,11,Gestor 2
3457,Almacen 34,Empleado 46,14,Gestor 3
3458,Almacen 36,Empleado 93,12,Gestor 1
3459,Almacen 26,Empleado 15,10,Gestor 2
3460,Almacen 41,Empleado 30,8,Gestor 5
3463,Almacen 37,Empleado 56,18,Gestor 1
3465,Almacen 9,Empleado 19,9,Gestor 4
3467,Almacen 46,Empleado 5,17,Gestor 5
3468,Almacen 13,Empleado 83,16,Gestor 4
3469,Almacen 29,Empleado 32,17,Gestor 1
3470,Almacen 47,Empleado 77,9,Gestor 4
3471,Almacen 42,Empleado 74,16,Gestor 4
3473,Almacen 47,Empleado 70,18,Gestor 2
3476,Almacen 49,Empleado 54,10,Gestor 4
3477,Almacen 46,Empleado 40,8,Gestor 3
3478,Almacen 19,Empleado 46,12,Gestor 5
3479,Almacen 14,Empleado 51,13,Gestor 5
3480,Almacen 47,Empleado 40,8,Gestor 5
3484,Almacen 35,Empleado 21,11,Gestor 2
3488,Almacen 15,Empleado 58,8,Gestor 2
3489,Almacen 47,Empleado 45,15,Gestor 1
3491,Almacen 38,Empleado 10,13,Gestor 3
3492,Almacen 19,Empleado 99,15,Gestor 4
3494,Almacen 8,Empleado 69,10,Gestor 5
3495,Almacen 45,Empleado 38,16,Gestor 5
3496,Almacen 44,Empleado 75,10,Gestor 1
3497,Almacen 27,Empleado 76,11,Gestor 5
3499,Almacen 1,Empleado 10,8,Gestor 1
