Nombre,Precio,Codigo,Tipo,Marca
Producto 0,1043,2056059084,Proyector,Microsoft
Producto 1,7412,2048075185,Camara,Dell
Producto 2,291,2250017317,Smartwatch,Dell
Producto 3,8779,1585782543,Television,HP
Producto 4,9636,4964388004,Television,Dell
Producto 5,2842,9033267206,Smartphone,Asus
Producto 6,6860,3764762485,Computadora,Acer
Producto 7,1512,3413079019,Computadora,Asus
Producto 8,3894,1209460788,Computadora,Samsung
Producto 9,4974,4539139919,Smartphone,Lenovo
Producto 10,6306,6979545287,Smartphone,LG
Producto 11,5862,9586523639,Impresora,Samsung
Producto 12,5637,3814972883,Proyector,Lenovo
Producto 13,634,2239384697,Television,LG
Producto 14,7524,1709363575,Camara,Dell
Producto 15,9700,7510293853,Audifonos,Samsung
Producto 16,2642,7310830425,Consola,Asus
Producto 17,8802,5838287877,Smartwatch,LG
Producto 18,863,3561211472,Television,LG
Producto 19,6403,2954557278,Smartphone,Microsoft
Producto 20,6338,1821841864,Smartphone,Samsung
Producto 21,2287,4375737126,Smartphone,Samsung
Producto 22,4015,7074382729,Impresora,Acer
Producto 23,5642,4186710364,Audifonos,Dell
Producto 24,2525,2413644380,Impresora,HP
Producto 25,1088,7187588136,Proyector,Asus
Producto 26,8673,8934208078,Audifonos,Lenovo
Producto 27,9543,2183873854,Television,Microsoft
Producto 28,5780,3507544338,Computadora,Microsoft
Producto 29,4450,8455389338,Audifonos,Dell
Producto 30,8389,4887685558,Tablet,Acer
Producto 31,9748,3167809585,Consola,LG
Producto 32,8372,4993637157,Smartwatch,Asus
Producto 33,354,1602115502,Smartphone,Samsung
Producto 34,7464,4994312738,Camara,HP
Producto 35,5421,7686064351,Consola,Lenovo
Producto 36,4424,2662419762,Smartwatch,HP
Producto 37,620,8466398141,Smartwatch,Asus
Producto 38,7687,5399807323,Smartphone,Acer
Producto 39,2236,3007440344,Smartwatch,Lenovo
Producto 40,252,3352791392,Tablet,Microsoft
Producto 41,6686,3215209720,Consola,HP
Producto 42,9793,8929151879,Proyector,Asus
Producto 43,1149,1594617280,Camara,Microsoft
Producto 44,3369,1212182804,Television,LG
Producto 45,9187,9660143434,Television,Samsung
Producto 46,3920,5874871588,Tablet,Dell
Producto 47,335,8065769481,Computadora,Lenovo
Producto 48,7327,7958971840,Tablet,Dell
Producto 49,9728,6715428565,Impresora,HP
Producto 50,9565,9580194844,Smartphone,Samsung
Producto 51,8876,8415889121,Consola,Acer
Producto 52,7922,3488296716,Proyector,Acer
Producto 53,8749,7300241469,Camara,LG
Producto 54,7106,5804421390,Television,Acer
Producto 55,2008,7561863419,Smartphone,Microsoft
Producto 56,5089,6032645707,Tablet,Samsung
Producto 57,337,3084782377,Consola,HP
Producto 58,8518,2337438813,Smartwatch,Samsung
Producto 59,7156,2416096006,Camara,Acer
Producto 60,6909,9509830790,Television,Dell
Producto 61,5862,2073479612,Computadora,Samsung
Producto 62,9796,1136826092,Tablet,Asus
Producto 63,877,2118101093,Proyector,Dell
Producto 64,6898,1096919895,Smartwatch,Sony
Producto 65,2897,9927899433,Smartwatch,Dell
Producto 66,8002,5103268896,Smartwatch,Dell
Producto 67,9773,7821706943,Consola,LG
Producto 68,6902,4940832653,Television,Dell
Producto 69,9702,5030025248,Smartphone,Microsoft
Producto 70,8771,2872288971,Smartphone,Asus
Producto 71,7386,3932918160,Impresora,Acer
Producto 72,9519,9918940454,Smartwatch,Acer
Producto 73,7600,9934333630,Proyector,Sony
Producto 74,8413,2167226652,Camara,Lenovo
Producto 75,3209,4391760144,Camara,Asus
Producto 76,6737,5228176944,Tablet,Acer
Producto 77,2161,6428986056,Tablet,HP
Producto 78,4468,6971056348,Television,HP
Producto 79,9286,6212894294,Camara,Asus
Producto 80,5423,4108591198,Smartwatch,Lenovo
Producto 81,9027,8709441986,Impresora,Dell
Producto 82,4125,9725262896,Proyector,Samsung
Producto 83,4038,6768716561,Computadora,Samsung
Producto 84,9765,7708988252,Television,Sony
Producto 85,5809,4647968375,Audifonos,Asus
Producto 86,5272,1785805092,Tablet,Dell
Producto 87,2554,7193480235,Proyector,Microsoft
Producto 88,274,5651458450,Smartwatch,Acer
Producto 89,3808,3097243710,Television,Microsoft
Producto 90,7287,9043831287,Proyector,LG
Producto 91,5129,6982048466,Smartphone,Samsung
Producto 92,3670,7946581320,Computadora,Asus
Producto 93,2898,4229924240,Consola,Apple
Producto 94,4883,9531670392,Smartwatch,Microsoft
Producto 95,7202,6980638407,Computadora,Microsoft
Producto 96,637,1205293837,Camara,Sony
Producto 97,5135,6030995943,Smartphone,Apple
Producto 98,2579,2046672034,Impresora,Sony
Producto 99,2979,9012878388,Television,Apple
Producto 100,8501,6200415923,Computadora,LG
Producto 101,6551,6866538860,Camara,Lenovo
Producto 102,8150,1610343504,Camara,Lenovo
Producto 103,5295,8041483193,Smartphone,Asus
Producto 104,2177,5095537430,Impresora,Samsung
Producto 105,5785,2701485739,Computadora,Microsoft
Producto 106,6040,7284204870,Audifonos,Sony
Producto 107,8528,8359783840,Impresora,Asus
Producto 108,327,3901836497,Smartwatch,HP
Producto 109,1885,1153493362,Consola,Lenovo
Producto 110,7982,7699077691,Smartphone,LG
Producto 111,1778,9584615664,Smartwatch,Asus
Producto 112,5746,6730624607,Camara,Dell
Producto 113,1063,1314049886,Smartphone,Sony
Producto 114,9292,5288964718,Smartwatch,Dell
Producto 115,9314,5610588179,Audifonos,LG
Producto 116,1324,7350055895,Smartwatch,Sony
Producto 117,3850,7579874888,Smartwatch,Apple
Producto 118,2528,2364354338,Smartphone,Lenovo
Producto 119,9235,7124415013,Consola,Samsung
Producto 120,7657,8543273860,Impresora,Lenovo
Producto 121,4342,6039442316,Consola,Microsoft
Producto 122,4799,5147846462,Camara,Dell
Producto 123,6934,8410402336,Smartwatch,Microsoft
Producto 124,2695,6152286964,Impresora,Microsoft
Producto 125,5780,9327579896,Computadora,Acer
Producto 126,2841,9053278875,Computadora,HP
Producto 127,987,9129161688,Impresora,Samsung
Producto 128,1977,3308285210,Smartphone,LG
Producto 129,870,8837218047,Television,LG
Producto 130,4309,1853639842,Tablet,Microsoft
Producto 131,5767,9507337184,Proyector,Lenovo
Producto 132,2908,3193517303,Smartwatch,Sony
Producto 133,7248,8751129742,Audifonos,Samsung
Producto 134,6493,2208545956,Television,Samsung
Producto 135,6093,8319816686,Tablet,Lenovo
Producto 136,5987,8742320726,Television,LG
Producto 137,3028,2534003061,Proyector,Apple
Producto 138,3835,5962404542,Camara,Acer
Producto 139,5788,1437850771,Tablet,Apple
Producto 140,8013,2844295206,Audifonos,HP
Producto 141,7465,5265773082,Computadora,LG
Producto 142,4825,7423108223,Smartwatch,HP
Producto 143,966,2770849710,Smartphone,HP
Producto 144,3248,4091968955,Impresora,Asus
Producto 145,2170,1423479318,Smartwatch,Acer
Producto 146,7547,9898912276,Impresora,Lenovo
Producto 147,1008,6775176508,Impresora,LG
Producto 148,4618,3522236463,Tablet,Dell
Producto 149,5083,3796018431,Smartwatch,Asus
Producto 150,8249,2648631815,Audifonos,Asus
Producto 151,6579,2982238767,Audifonos,Sony
Producto 152,6172,3298757367,Proyector,Asus
Producto 153,7440,4615222047,Impresora,Asus
Producto 154,2252,7852222076,Audifonos,LG
Producto 155,6166,7537869992,Camara,HP
Producto 156,1867,5866847125,Computadora,Microsoft
Producto 157,7908,1245641007,Consola,Microsoft
Producto 158,253,8536965134,Camara,Asus
Producto 159,2313,4961171947,Camara,Acer
Producto 160,7707,3347773122,Smartwatch,Apple
Producto 161,7339,3999258320,Impresora,Dell
Producto 162,1384,7694300875,Smartwatch,Acer
Producto 163,4512,7933216635,Computadora,Acer
Producto 164,9626,6787978676,Audifonos,Apple
Producto 165,8685,6073450726,Camara,Lenovo
Producto 166,1116,6955784199,Television,Lenovo
Producto 167,4786,7528844876,Computadora,Lenovo
Producto 168,1353,9370877019,Television,LG
Producto 169,3734,9365898271,Computadora,Apple
Producto 170,8384,1722938955,Smartphone,Apple
Producto 171,9551,6624993092,Smartphone,Lenovo
Producto 172,2294,5217099881,Audifonos,Asus
Producto 173,3832,5884454621,Audifonos,HP
Producto 174,4365,2852462686,Smartphone,LG
Producto 175,9697,2804570951,Smartphone,Microsoft
Producto 176,2149,1108680001,Consola,Apple
Producto 177,1742,4877310779,Consola,Apple
Producto 178,2888,9182306638,Tablet,Apple
Producto 179,6546,1520559891,Computadora,HP
Producto 180,5644,7379785839,Proyector,Dell
Producto 181,1367,5460410150,Camara,Samsung
Producto 182,2590,5760192973,Impresora,Asus
Producto 183,1505,3422814312,Smartwatch,Microsoft
Producto 184,3464,6211899843,Proyector,Microsoft
Producto 185,9267,2424593396,Consola,Microsoft
Producto 186,2212,2128235131,Tablet,Dell
Producto 187,2535,3780354000,Television,Sony
Producto 188,3365,8115359402,Audifonos,HP
Producto 189,7029,5760170751,Impresora,HP
Producto 190,9095,1003301203,Computadora,Lenovo
Producto 191,8030,4744676728,Smartwatch,Samsung
Producto 192,2536,4537067115,Camara,Sony
Producto 193,4526,7318720442,Impresora,Apple
Producto 194,3276,1153459437,Computadora,Asus
Producto 195,7185,2927796822,Tablet,Sony
Producto 196,2909,7983328163,Consola,Sony
Producto 197,6201,1438667618,Proyector,Acer
Producto 198,7275,9994667028,Smartphone,LG
Producto 199,4150,2099472108,Consola,Lenovo
Producto 200,3166,9674835942,Television,Microsoft
Producto 201,7216,1810804999,Camara,HP
Producto 202,7748,8722144174,Impresora,Samsung
Producto 203,6456,6841513912,Camara,Asus
Producto 204,7362,3309676232,Computadora,Dell
Producto 205,2617,1055916755,Impresora,Microsoft
Producto 206,1549,7211956865,Smartwatch,LG
Producto 207,9833,3303937848,Impresora,Asus
Producto 208,1054,5547310877,Proyector,Apple
Producto 209,1808,2188830135,Audifonos,Sony
Producto 210,3128,4869912864,Tablet,Sony
Producto 211,4034,7528785455,Tablet,LG
Producto 212,305,9805979263,Smartwatch,Apple
Producto 213,3022,9019735269,Camara,Apple
Producto 214,6664,8872761596,Smartphone,Sony
Producto 215,4328,3873725680,Consola,Lenovo
Producto 216,4069,3600652579,Computadora,Apple
Producto 217,1461,3840066674,Impresora,Microsoft
Producto 218,9807,1540347789,Computadora,HP
Producto 219,5298,4764388843,Television,Dell
Producto 220,2204,4167016937,Smartwatch,Asus
Producto 221,1592,2778685348,Proyector,Dell
Producto 222,6607,6899072206,Impresora,Apple
Producto 223,9150,2655478670,Smartwatch,Acer
Producto 224,9408,7807900111,Television,Sony
Producto 225,9568,4245817601,Tablet,Asus
Producto 226,1989,7131792164,Consola,Asus
Producto 227,1761,9561260890,Tablet,Acer
Producto 228,7485,2549086167,Proyector,Lenovo
Producto 229,2457,6445899404,Consola,HP
Producto 230,1976,1054433625,Camara,Samsung
Producto 231,2461,2731174246,Camara,Dell
Producto 232,8978,2449230156,Proyector,LG
Producto 233,2112,9503403455,Proyector,LG
Producto 234,9138,7919165769,Computadora,Acer
Producto 235,6766,1038699920,Smartwatch,Sony
Producto 236,7614,3754089292,Tablet,Apple
Producto 237,614,7904071570,Consola,Lenovo
Producto 238,7278,6786227256,Television,Samsung
Producto 239,3866,7990300459,Smartphone,Acer
Producto 240,3961,1138369389,Audifonos,Samsung
Producto 241,8310,1263287713,Camara,Dell
Producto 242,4282,9928360459,Consola,Asus
Producto 243,2867,5413680184,Smartwatch,Sony
Producto 244,463,8237725831,Smartphone,Acer
Producto 245,9731,2680686817,Smartphone,Sony
Producto 246,8195,9056388208,Television,Samsung
Producto 247,1794,4246935251,Camara,Sony
Producto 248,8290,7761798983,Audifonos,Microsoft
Producto 249,1921,9617415708,Smartphone,Sony
Producto 250,6888,6766013222,Consola,Lenovo
Producto 251,645,7781702921,Audifonos,Dell
Producto 252,6627,7733223352,Smartphone,Acer
Producto 253,9050,2163804124,Proyector,Microsoft
Producto 254,8498,9628042955,Computadora,Apple
Producto 255,3778,7293391967,Consola,Apple
Producto 256,6316,6446389514,Computadora,Acer
Producto 257,5939,1914435866,Computadora,Sony
Producto 258,1186,4970445914,Television,Acer
Producto 259,4919,4250804853,Television,Dell
Producto 260,9687,7908351988,Impresora,Asus
Producto 261,5289,9723972213,Smartwatch,LG
Producto 262,7830,3185365300,Tablet,Apple
Producto 263,9728,9840225674,Impresora,Sony
Producto 264,3552,8823084966,Tablet,Acer
Producto 265,3005,3433252815,Audifonos,Microsoft
Producto 266,593,3122836080,Smartphone,Lenovo
Producto 267,5457,9314355329,Consola,Apple
Producto 268,5287,3130554070,Audifonos,HP
Producto 269,5311,5188154102,Camara,Dell
Producto 270,8431,5001583323,Consola,Microsoft
Producto 271,5374,6338107034,Smartwatch,Sony
Producto 272,5952,4200378034,Consola,Acer
Producto 273,1232,5060571481,Audifonos,Samsung
Producto 274,5726,7442175751,Television,Sony
Producto 275,6083,3945100896,Smartphone,Microsoft
Producto 276,4960,6633211307,Smartwatch,Microsoft
Producto 277,272,2744255857,Impresora,Acer
Producto 278,1239,4762449526,Impresora,LG
Producto 279,8864,1263358300,Audifonos,Acer
Producto 280,4926,3729011238,Smartwatch,Apple
Producto 281,7672,2483309420,Proyector,HP
Producto 282,6643,5612069790,Camara,Dell
Producto 283,2972,5415391073,Computadora,HP
Producto 284,9587,5691369050,Audifonos,Sony
Producto 285,3991,2235044376,Tablet,Apple
Producto 286,4676,9849256504,Impresora,Apple
Producto 287,2936,2172261732,Consola,HP
Producto 288,6137,9186972392,Tablet,Samsung
Producto 289,3082,6569880545,Smartwatch,Samsung
Producto 290,5654,3505478638,Impresora,Microsoft
Producto 291,4017,2408259193,Consola,Apple
Producto 292,7187,2675775601,Consola,Lenovo
Producto 293,8451,4049945629,Audifonos,HP
Producto 294,7878,6249938915,Television,LG
Producto 295,183,6543906498,Tablet,Apple
Producto 296,9877,8798639551,Consola,Lenovo
Producto 297,421,9680250520,Computadora,Microsoft
Producto 298,1494,3963105123,Computadora,Dell
Producto 299,8002,3139620139,Smartphone,Apple
Producto 300,7628,5636590856,Consola,Apple
Producto 301,9440,3811850746,Camara,Apple
Producto 302,9999,7093873619,Consola,Acer
Producto 303,7836,3245325931,Consola,HP
Producto 304,1080,5164720236,Television,Sony
Producto 305,6989,9257848990,Television,Acer
Producto 306,1322,6452089955,Computadora,LG
Producto 307,7470,8809416994,Television,Samsung
Producto 308,8178,5321018858,Television,Sony
Producto 309,2225,9351305440,Audifonos,Acer
Producto 310,6148,8019668142,Smartwatch,LG
Producto 311,1415,9322418057,Tablet,HP
Producto 312,8924,7525572191,Smartphone,Microsoft
Producto 313,5157,1196780253,Camara,Lenovo
Producto 314,718,6132960617,Computadora,Sony
Producto 315,8303,4387280248,Smartwatch,Microsoft
Producto 316,2927,5061231241,Tablet,Lenovo
Producto 317,404,2227856007,Proyector,Lenovo
Producto 318,3317,4220273611,Impresora,Samsung
Producto 319,1056,1004125201,Consola,Microsoft
Producto 320,1882,7985255017,Audifonos,Apple
Producto 321,5492,2696477878,Consola,Samsung
Producto 322,6028,5880307062,Smartwatch,Dell
Producto 323,196,8787032956,Computadora,HP
Producto 324,8289,8687902190,Smartphone,Acer
Producto 325,725,7344582410,Television,Sony
Producto 326,4325,5857710237,Smartphone,Acer
Producto 327,8929,3996176363,Smartwatch,Microsoft
Producto 328,2265,4583441087,Consola,Acer
Producto 329,5950,7307341686,Smartwatch,LG
Producto 330,6746,5272497379,Smartwatch,Dell
Producto 331,2618,4277651955,Audifonos,HP
Producto 332,9452,6630055537,Computadora,Samsung
Producto 333,3156,9735846431,Television,Acer
Producto 334,7069,5340764182,Television,Samsung
Producto 335,7377,4374255814,Impresora,Dell
Producto 336,7418,9210675856,Computadora,Asus
Producto 337,753,3252358568,Computadora,Dell
Producto 338,768,8629869678,Computadora,HP
Producto 339,5737,7639645310,Consola,Asus
Producto 340,6687,2940041103,Tablet,Asus
Producto 341,336,1882572100,Audifonos,Lenovo
Producto 342,7459,1944613989,Smartwatch,Dell
Producto 343,2156,8505954848,Consola,Microsoft
Producto 344,7484,8142209699,Smartwatch,Acer
Producto 345,7136,2872420094,Smartwatch,Apple
Producto 346,4930,8435688654,Proyector,Lenovo
Producto 347,8552,2084519567,Computadora,Lenovo
Producto 348,9449,5747883493,Smartphone,Dell
Producto 349,3673,6588213149,Smartwatch,HP
Producto 350,5609,7816482845,Smartphone,Acer
Producto 351,8353,9991540589,Computadora,Microsoft
Producto 352,3767,8625062341,Television,Acer
Producto 353,6560,7143647468,Impresora,Apple
Producto 354,475,1015999647,Smartphone,Sony
Producto 355,8728,3082276892,Proyector,Lenovo
Producto 356,7452,8195756839,Impresora,Asus
Producto 357,2882,1941480227,Smartphone,Dell
Producto 358,7202,3940557851,Smartwatch,Dell
Producto 359,5704,4444267499,Audifonos,Asus
Producto 360,3883,2351177302,Computadora,HP
Producto 361,5392,2274383414,Television,Sony
Producto 362,6514,9712951093,Audifonos,Samsung
Producto 363,4556,2543138778,Proyector,LG
Producto 364,6111,2388964722,Television,LG
Producto 365,9314,4659773830,Tablet,Microsoft
Producto 366,8071,1225593688,Smartphone,Samsung
Producto 367,7705,7050702689,Consola,Acer
Producto 368,1723,9510832022,Consola,LG
Producto 369,7922,3455728015,Impresora,Microsoft
Producto 370,5765,1964865004,Television,Asus
Producto 371,9045,7278605702,Tablet,Samsung
Producto 372,1633,4097826310,Impresora,Samsung
Producto 373,2079,9652356007,Consola,Lenovo
Producto 374,7672,6941924886,Audifonos,Lenovo
Producto 375,6322,1235725537,Proyector,Acer
Producto 376,9311,9371176185,Television,Apple
Producto 377,8006,6582668250,Smartwatch,Lenovo
Producto 378,1259,6497596152,Proyector,Samsung
Producto 379,8774,4491381437,Proyector,Acer
Producto 380,7100,1943410202,Consola,Microsoft
Producto 381,2545,3768621765,Consola,Asus
Producto 382,4604,3046519853,Smartphone,Acer
Producto 383,1683,3735657257,Camara,Dell
Producto 384,7443,2076213399,Consola,LG
Producto 385,3379,9652324758,Computadora,Acer
Producto 386,501,6650817847,Smartphone,Dell
Producto 387,9456,8547075028,Television,Apple
Producto 388,1409,2300497580,Smartphone,Asus
Producto 389,9899,5445756227,Consola,Microsoft
Producto 390,1011,2656634898,Camara,Asus
Producto 391,3875,6407626684,Tablet,LG
Producto 392,7756,5748014073,Television,Asus
Producto 393,1109,8831749973,Impresora,Acer
Producto 394,3266,3702155483,Tablet,Sony
Producto 395,4934,3869905389,Audifonos,Sony
Producto 396,6655,5721125184,Audifonos,Lenovo
Producto 397,6459,3841640402,Impresora,Microsoft
Producto 398,4442,1087313256,Audifonos,Acer
Producto 399,5475,8466689615,Smartwatch,Microsoft
Producto 400,4856,4471017647,Smartwatch,Microsoft
Producto 401,6459,5492555781,Consola,Dell
Producto 402,4396,6673651025,Computadora,LG
Producto 403,1626,7778686503,Consola,Microsoft
Producto 404,2854,2874172355,Audifonos,Asus
Producto 405,6302,7836860073,Camara,Sony
Producto 406,4940,3308177536,Smartphone,Samsung
Producto 407,8873,4214880658,Television,Lenovo
Producto 408,509,1291462505,Camara,LG
Producto 409,2405,1599748145,Audifonos,Lenovo
Producto 410,1112,9025422636,Television,Microsoft
Producto 411,6047,4950568690,Computadora,Dell
Producto 412,1697,1880202822,Proyector,Asus
Producto 413,7552,3859610921,Tablet,Sony
Producto 414,2063,9415654167,Smartwatch,Lenovo
Producto 415,2317,8622600083,Proyector,LG
Producto 416,494,1503141978,Consola,Apple
Producto 417,6362,8865035218,Impresora,Apple
Producto 418,8428,9262987376,Smartphone,Dell
Producto 419,9180,1888288833,Proyector,Samsung
Producto 420,9929,6824280864,Consola,Asus
Producto 421,4660,3020767780,Impresora,Samsung
Producto 422,5804,5256951385,Camara,Acer
Producto 423,8355,7505379194,Television,Lenovo
Producto 424,8941,9293361761,Camara,Acer
Producto 425,5904,9574953469,Consola,Lenovo
Producto 426,5350,2919488087,Smartwatch,Apple
Producto 427,4718,4422414947,Tablet,Microsoft
Producto 428,458,5258466891,Impresora,Apple
Producto 429,2449,7386031003,Audifonos,HP
Producto 430,437,9950269455,Computadora,Acer
Producto 431,1163,2094966979,Smartphone,Asus
Producto 432,9767,3796495803,Audifonos,Lenovo
Producto 433,3934,8497815170,Tablet,Sony
Producto 434,9668,5039393347,Proyector,Samsung
Producto 435,3556,2432792291,Impresora,LG
Producto 436,245,6042223552,Smartphone,HP
Producto 437,8073,1980283215,Audifonos,Samsung
Producto 438,6584,2416135676,Tablet,Dell
Producto 439,6087,9235949489,Smartphone,Dell
Producto 440,9012,2973014610,Tablet,Samsung
Producto 441,7246,8513134144,Smartphone,Acer
Producto 442,504,3971301707,Smartphone,Samsung
Producto 443,6474,2604362851,Consola,HP
Producto 444,3077,7760824037,Television,HP
Producto 445,745,1993212474,Consola,Samsung
Producto 446,4116,7352463532,Camara,Acer
Producto 447,660,4492635745,Television,Samsung
Producto 448,8953,3092343553,Audifonos,Dell
Producto 449,2936,8038175700,Tablet,Lenovo
Producto 450,1890,7728812248,Audifonos,Lenovo
Producto 451,4373,5350039336,Impresora,Asus
Producto 452,8950,8329544430,Computadora,Microsoft
Producto 453,4360,5277005970,Computadora,Asus
Producto 454,7118,9888123637,Smartwatch,Dell
Producto 455,8367,3441489102,Proyector,Apple
Producto 456,8399,1739570509,Consola,Samsung
Producto 457,2508,1431586039,Consola,Dell
Producto 458,8865,5828060379,Smartwatch,HP
Producto 459,8453,7241142604,Camara,Asus
Producto 460,4443,2756710269,Smartwatch,Samsung
Producto 461,1416,8145711065,Smartphone,Acer
Producto 462,8430,5075966120,Consola,Asus
Producto 463,2001,3038284190,Camara,Sony
Producto 464,1725,3644066290,Consola,Lenovo
Producto 465,3571,3723989660,Camara,HP
Producto 466,2982,4857136132,Tablet,Apple
Producto 467,3787,2931545860,Computadora,Sony
Producto 468,4587,9589023834,Consola,Apple
Producto 469,7376,7581866686,Smartphone,Sony
Producto 470,3743,6533254577,Smartphone,Asus
Producto 471,8160,7766470427,Computadora,Samsung
Producto 472,7714,7719934081,Tablet,Microsoft
Producto 473,3405,4549571995,Proyector,Samsung
Producto 474,7428,7899389938,Tablet,Samsung
Producto 475,4117,6645915168,Proyector,Acer
Producto 476,7363,4994054360,Tablet,Microsoft
Producto 477,1255,7306839268,Smartwatch,Asus
Producto 478,1588,7310336442,Camara,HP
Producto 479,9519,9222934519,Proyector,LG
Producto 480,6579,5822102987,Consola,HP
Producto 481,3106,7519145728,Consola,HP
Producto 482,7000,1475224386,Television,Microsoft
Producto 483,5217,2280681885,Smartwatch,Lenovo
Producto 484,7616,7892257457,Audifonos,Acer
Producto 485,181,2821971364,Tablet,Dell
Producto 486,1949,4822951180,Smartwatch,Samsung
Producto 487,1690,7122356140,Computadora,Samsung
Producto 488,4819,3318584737,Impresora,Microsoft
Producto 489,8251,6235119005,Tablet,Sony
Producto 490,7087,2826066255,Computadora,Dell
Producto 491,4978,8940551890,Impresora,Sony
Producto 492,9642,2149170073,Smartphone,Samsung
Producto 493,2792,8725228371,Smartphone,Microsoft
Producto 494,7970,5108586382,Audifonos,Lenovo
Producto 495,8372,1283449754,Proyector,LG
Producto 496,2850,1383444708,Proyector,Lenovo
Producto 497,4625,6966243170,Computadora,Dell
Producto 498,723,8464555802,Television,Lenovo
Producto 499,4013,3661618208,Television,Asus
Producto 500,878,7059227157,Computadora,Samsung
Producto 501,2614,9907213239,Tablet,Sony
Producto 502,2351,1545561565,Smartwatch,Samsung
Producto 503,5035,9628514603,Tablet,Sony
Producto 504,5428,3588661795,Audifonos,Acer
Producto 505,7177,5918630567,Camara,Acer
Producto 506,5644,5049511231,Consola,Microsoft
Producto 507,5743,2685272298,Smartwatch,Lenovo
Producto 508,9239,4537130536,Proyector,LG
Producto 509,7299,2506641357,Consola,Lenovo
Producto 510,5085,4823567679,Proyector,LG
Producto 511,8992,9094599952,Audifonos,LG
Producto 512,6756,7563647190,Smartwatch,Acer
Producto 513,3712,5554947506,Smartwatch,Samsung
Producto 514,6539,2116768593,Impresora,LG
Producto 515,9411,4681412996,Camara,HP
Producto 516,5325,7925397357,Camara,Dell
Producto 517,2888,4294401148,Camara,Sony
Producto 518,5387,4219193495,Proyector,Apple
Producto 519,6540,5427539665,Smartphone,LG
Producto 520,4625,6273439833,Computadora,HP
Producto 521,1352,1455566562,Smartwatch,LG
Producto 522,9260,1432164070,Computadora,Lenovo
Producto 523,8449,4172607631,Smartwatch,Dell
Producto 524,735,7161940134,Tablet,Dell
Producto 525,4140,1930827436,Computadora,Lenovo
Producto 526,8879,6401225164,Camara,LG
Producto 527,7109,7095967006,Impresora,Apple
Producto 528,1561,4934103158,Tablet,Sony
Producto 529,4753,6748437091,Smartphone,Apple
Producto 530,7685,6045533371,Computadora,Dell
Producto 531,8815,5604603090,Computadora,Asus
Producto 532,6137,3545532303,Proyector,Lenovo
Producto 533,8729,8596084986,Television,Microsoft
Producto 534,5911,6270144203,Impresora,Lenovo
Producto 535,5898,5925541342,Smartphone,Sony
Producto 536,6646,6245568230,Audifonos,Samsung
Producto 537,3660,5353815044,Proyector,HP
Producto 538,2836,8294199809,Impresora,Samsung
Producto 539,4448,1046384700,Proyector,HP
Producto 540,9664,6022250946,Camara,Asus
Producto 541,1425,3715692835,Camara,HP
Producto 542,7169,4420519272,Tablet,Lenovo
Producto 543,4373,8940086280,Computadora,HP
Producto 544,3545,9504502283,Television,Acer
Producto 545,3698,3040305517,Consola,HP
Producto 546,2560,3173510491,Proyector,HP
Producto 547,9912,8868285925,Audifonos,Microsoft
Producto 548,131,4636440126,Impresora,LG
Producto 549,4062,1823931644,Smartphone,Lenovo
Producto 550,2891,5786419414,Smartphone,Asus
Producto 551,8932,4045843596,Computadora,Dell
Producto 552,4407,3462267773,Smartwatch,Sony
Producto 553,9207,4431207251,Proyector,Sony
Producto 554,3764,7386487492,Smartwatch,Samsung
Producto 555,4439,1833374673,Computadora,Asus
Producto 556,6029,5913304125,Computadora,Samsung
Producto 557,6782,2641099531,Tablet,LG
Producto 558,8288,3093757461,Camara,Apple
Producto 559,922,7298826500,Smartphone,Apple
Producto 560,4183,6536053441,Television,HP
Producto 561,614,6509129317,Consola,Acer
Producto 562,577,4713238738,Audifonos,Apple
Producto 563,3851,3261585872,Television,Dell
Producto 564,1802,4687431049,Audifonos,Apple
Producto 565,9650,1188444444,Smartwatch,HP
Producto 566,9570,9393066828,Tablet,Sony
Producto 567,3000,7026406122,Proyector,Sony
Producto 568,9339,5412289434,Television,LG
Producto 569,1752,7346567099,Impresora,Asus
Producto 570,4735,2417932878,Consola,Lenovo
Producto 571,202,1704935919,Camara,Lenovo
Producto 572,5131,9294735827,Tablet,HP
Producto 573,6861,2012156796,Smartwatch,Microsoft
Producto 574,1887,1696113180,Smartphone,LG
Producto 575,5082,9318501804,Television,Sony
Producto 576,7418,9901988391,Television,Asus
Producto 577,6177,9345161409,Proyector,Asus
Producto 578,4347,7327229569,Camara,Microsoft
Producto 579,9320,4255881209,Tablet,Dell
Producto 580,5246,5996646005,Impresora,LG
Producto 581,3795,5077164320,Smartphone,Acer
Producto 582,2246,9934757515,Tablet,Asus
Producto 583,416,9412376933,Audifonos,Dell
Producto 584,1617,5399939556,Proyector,Samsung
Producto 585,8182,5930384271,Tablet,Asus
Producto 586,9697,1449915374,Television,Dell
Producto 587,2826,7338229730,Consola,Apple
Producto 588,8554,3823354729,Consola,Acer
Producto 589,8244,1982908757,Smartwatch,Microsoft
Producto 590,1387,6644702018,Impresora,Samsung
Producto 591,3928,3896067590,Smartphone,Dell
Producto 592,2797,3678690987,Smartwatch,Acer
Producto 593,2905,5061717792,Impresora,HP
Producto 594,5328,4012988534,Computadora,Microsoft
Producto 595,8965,2051836443,Television,Asus
Producto 596,2556,7751701361,Audifonos,HP
Producto 597,484,5805653265,Computadora,Dell
Producto 598,2295,7772861274,Consola,LG
Producto 599,6633,4308910374,Proyector,Dell
Producto 600,9558,4669277355,Smartwatch,Sony
Producto 601,8636,5501389877,Smartphone,Dell
Producto 602,8169,7581693309,Impresora,Acer
Producto 603,5765,9966040194,Tablet,Dell
Producto 604,5960,2964015108,Smartwatch,Apple
Producto 605,2411,6270342997,Proyector,Sony
Producto 606,9616,5642538136,Proyector,Lenovo
Producto 607,9566,3839970111,Television,Apple
Producto 608,2148,4168753993,Proyector,HP
Producto 609,6095,5308956150,Computadora,Sony
Producto 610,1798,4223556809,Impresora,Acer
Producto 611,2538,6924304194,Tablet,Acer
Producto 612,4982,8435196575,Computadora,Apple
Producto 613,1839,8477185620,Tablet,Microsoft
Producto 614,1454,7726299788,Smartwatch,HP
Producto 615,9154,7685359021,Computadora,Lenovo
Producto 616,2117,7720789726,Camara,Asus
Producto 617,1163,9362837293,Proyector,Samsung
Producto 618,882,1702996609,Television,Samsung
Producto 619,2711,9714918002,Audifonos,Asus
Producto 620,3115,9748410691,Impresora,Apple
Producto 621,6959,4878538007,Audifonos,Microsoft
Producto 622,3492,1724809014,Impresora,Asus
Producto 623,3206,8823213021,Television,Microsoft
Producto 624,4558,7843925346,Proyector,HP
Producto 625,740,4035913066,Audifonos,Acer
Producto 626,231,7127057153,Camara,LG
Producto 627,1957,1602651688,Television,Apple
Producto 628,8009,6054941792,Smartwatch,Acer
Producto 629,6327,9042190887,Proyector,HP
Producto 630,993,9788103653,Consola,Samsung
Producto 631,3328,2169610185,Smartwatch,Samsung
Producto 632,8272,5981836158,Smartwatch,HP
Producto 633,8544,5899961559,Computadora,Apple
Producto 634,299,2936802394,Tablet,Samsung
Producto 635,1219,7233000702,Smartphone,LG
Producto 636,1736,7142216421,Impresora,Sony
Producto 637,6088,7194558408,Audifonos,Dell
Producto 638,4883,5795575491,Audifonos,Sony
Producto 639,2420,5045533644,Camara,Dell
Producto 640,3973,3523516895,Computadora,Dell
Producto 641,9071,2439322538,Impresora,Acer
Producto 642,1078,5576594030,Computadora,HP
Producto 643,7907,8298563536,Consola,Lenovo
Producto 644,1992,9937403278,Impresora,Microsoft
Producto 645,7742,3211738611,Proyector,Asus
Producto 646,3938,4044970559,Proyector,Acer
Producto 647,8995,4936245819,Proyector,Lenovo
Producto 648,4253,3528876074,Consola,Dell
Producto 649,1908,9787504679,Television,Apple
Producto 650,522,6861047690,Smartwatch,Asus
Producto 651,8343,5222901786,Proyector,Microsoft
Producto 652,2757,2268707268,Consola,Lenovo
Producto 653,5400,3999995983,Television,HP
Producto 654,3483,5967515656,Proyector,Lenovo
Producto 655,2242,8992930292,Television,LG
Producto 656,1680,8918262607,Smartwatch,Lenovo
Producto 657,4583,1404536212,Smartwatch,LG
Producto 658,2714,3981103479,Proyector,Sony
Producto 659,6182,5969473202,Camara,HP
Producto 660,2777,8296831196,Consola,Apple
Producto 661,3034,4263300191,Impresora,Dell
Producto 662,4377,9434479769,Proyector,Acer
Producto 663,3480,1743042495,Smartwatch,LG
Producto 664,3953,1323470782,Proyector,LG
Producto 665,2974,4408369709,Camara,Apple
Producto 666,7930,3086900930,Audifonos,Sony
Producto 667,3613,7029992633,Camara,LG
Producto 668,8281,7835419001,Proyector,Microsoft
Producto 669,1126,4795568906,Camara,Lenovo
Producto 670,3868,4110362304,Computadora,Acer
Producto 671,3482,3848576346,Smartwatch,LG
Producto 672,4337,5296254441,Tablet,Samsung
Producto 673,4221,2478109461,Smartwatch,Samsung
Producto 674,1015,7747456533,Impresora,Asus
Producto 675,5182,7390847972,Computadora,Samsung
Producto 676,5758,8617023644,Smartwatch,HP
Producto 677,6370,1241669889,Camara,Apple
Producto 678,8182,2122864065,Smartphone,Dell
Producto 679,3994,4650803295,Smartwatch,Lenovo
Producto 680,730,5436949498,Camara,Asus
Producto 681,4692,9278630551,Television,Dell
Producto 682,4388,7233687346,Smartwatch,Samsung
Producto 683,4995,6436991535,Smartphone,Acer
Producto 684,3239,9644720231,Tablet,Dell
Producto 685,5486,4216743714,Smartphone,HP
Producto 686,5032,3998441746,Computadora,Samsung
Producto 687,2335,6268561777,Camara,Samsung
Producto 688,952,3766390385,Tablet,Apple
Producto 689,2994,1775061997,Smartwatch,Apple
Producto 690,3731,7279691949,Camara,Acer
Producto 691,4697,9008654253,Television,Lenovo
Producto 692,6038,6187769667,Consola,Apple
Producto 693,9182,4481484654,Computadora,Apple
Producto 694,4823,5946004524,Camara,Acer
Producto 695,6507,2048682464,Television,Dell
Producto 696,2005,9026520383,Consola,Dell
Producto 697,5311,5122517698,Smartphone,Lenovo
Producto 698,3641,4026617542,Consola,Microsoft
Producto 699,935,2779219973,Consola,Microsoft
Producto 700,1602,4455454237,Television,Dell
Producto 701,2693,5239350364,Tablet,Lenovo
Producto 702,6480,9767250956,Smartwatch,LG
Producto 703,6656,9494556395,Tablet,HP
Producto 704,1687,5942295448,Audifonos,Samsung
Producto 705,4630,5534184108,Consola,Dell
Producto 706,375,3514470903,Camara,Sony
Producto 707,6226,7953604764,Smartwatch,Asus
Producto 708,5600,6412371611,Audifonos,HP
Producto 709,7904,4304954517,Tablet,Microsoft
Producto 710,7388,9672270337,Television,Samsung
Producto 711,2287,7982025545,Proyector,Lenovo
Producto 712,2597,9191751860,Consola,HP
Producto 713,6741,7159231310,Tablet,Sony
Producto 714,7971,1096213639,Proyector,Sony
Producto 715,286,4896368409,Consola,Microsoft
Producto 716,2107,1124260433,Impresora,Dell
Producto 717,5563,9410059034,Smartphone,Microsoft
Producto 718,5969,2590811025,Computadora,Samsung
Producto 719,5972,8556582276,Proyector,Dell
Producto 720,5041,9360853727,Audifonos,LG
Producto 721,5826,8530533085,Tablet,Sony
Producto 722,6424,3338632035,Computadora,Sony
Producto 723,704,6565009664,Audifonos,Asus
Producto 724,8434,7815241513,Smartphone,Samsung
Producto 725,429,7760883317,Television,Dell
Producto 726,1863,7761800324,Proyector,Samsung
Producto 727,477,4694749601,Proyector,Apple
Producto 728,4077,3188472250,Proyector,Lenovo
Producto 729,5761,7314330714,Smartphone,Apple
Producto 730,5545,3577465629,Camara,Apple
Producto 731,5280,8163452275,Impresora,LG
Producto 732,2526,7548322438,Audifonos,Samsung
Producto 733,7103,1634728463,Television,LG
Producto 734,4304,4701180627,Television,Microsoft
Producto 735,1184,4596382308,Tablet,Sony
Producto 736,5295,8063274326,Smartwatch,Asus
Producto 737,2327,7340407327,Audifonos,Asus
Producto 738,697,7740320683,Television,Microsoft
Producto 739,5741,7179463061,Audifonos,Asus
Producto 740,4601,9813918721,Audifonos,Lenovo
Producto 741,922,6556923336,Smartphone,Acer
Producto 742,3839,7893462639,Smartphone,Dell
Producto 743,4616,2395746146,Camara,Sony
Producto 744,6759,1082818449,Impresora,Sony
Producto 745,1589,8374819624,Proyector,Dell
Producto 746,5865,2448745166,Smartphone,Apple
Producto 747,5582,2559425560,Consola,Sony
Producto 748,958,3489337273,Audifonos,Asus
Producto 749,4004,3089754920,Smartwatch,Microsoft
Producto 750,5115,6051286656,Smartphone,LG
Producto 751,9790,3676954319,Consola,Apple
Producto 752,4584,9944989169,Smartphone,Lenovo
Producto 753,8980,7549956730,Tablet,HP
Producto 754,5646,9520224592,Audifonos,Microsoft
Producto 755,4775,6087022861,Smartphone,LG
Producto 756,5941,4831041601,Smartphone,Sony
Producto 757,6691,5498380578,Smartphone,Apple
Producto 758,7712,3133366647,Proyector,Apple
Producto 759,6750,2363972649,Smartwatch,Samsung
Producto 760,9443,7131476410,Smartphone,Asus
Producto 761,619,8990336877,Smartwatch,Asus
Producto 762,737,7453420312,Television,Samsung
Producto 763,1520,8847838864,Consola,Apple
Producto 764,1357,7329851290,Consola,Sony
Producto 765,3257,7752204871,Smartwatch,Microsoft
Producto 766,3259,4800812830,Audifonos,Microsoft
Producto 767,2975,9824896453,Camara,Dell
Producto 768,7372,1164259926,Tablet,Microsoft
Producto 769,9825,1577994342,Impresora,HP
Producto 770,4461,1053134399,Audifonos,Asus
Producto 771,5511,2115522227,Audifonos,Asus
Producto 772,6586,4508484996,Proyector,Microsoft
Producto 773,4411,5594721498,Smartphone,Microsoft
Producto 774,8524,5447486283,Tablet,Sony
Producto 775,583,4345463528,Tablet,HP
Producto 776,6925,4751261043,Consola,LG
Producto 777,3218,7171405595,Smartwatch,Samsung
Producto 778,1494,2846308148,Consola,Lenovo
Producto 779,9724,3947006476,Smartwatch,Lenovo
Producto 780,2881,3033818277,Tablet,LG
Producto 781,5585,1021368583,Television,Samsung
Producto 782,7321,3275776582,Camara,Dell
Producto 783,3822,7153539796,Audifonos,LG
Producto 784,1200,1337960620,Impresora,Sony
Producto 785,8899,2041878610,Television,LG
Producto 786,8614,4001972108,Television,HP
Producto 787,793,5259670031,Camara,Apple
Producto 788,608,4623018602,Audifonos,Acer
Producto 789,4313,6645246889,Smartphone,Microsoft
Producto 790,5026,2159418053,Proyector,Acer
Producto 791,196,5883018056,Impresora,LG
Producto 792,9798,6773340872,Computadora,Dell
Producto 793,887,5893894625,Proyector,HP
Producto 794,9314,8182929559,Proyector,Samsung
Producto 795,3215,3759500697,Tablet,LG
Producto 796,2108,2837179774,Smartwatch,Apple
Producto 797,3431,4989975452,Consola,Microsoft
Producto 798,1537,6307956164,Smartphone,Microsoft
Producto 799,3351,4874234757,Consola,Samsung
Producto 800,9945,2671650741,Television,HP
Producto 801,3815,1222041446,Impresora,Lenovo
Producto 802,3546,8396219420,Audifonos,Microsoft
Producto 803,6267,1213200844,Television,Asus
Producto 804,2759,6977918236,Impresora,Microsoft
Producto 805,6564,6772701949,Computadora,Apple
Producto 806,7397,4441424423,Audifonos,LG
Producto 807,8622,8452974661,Impresora,Dell
Producto 808,9586,1186894234,Impresora,HP
Producto 809,9916,1904243085,Impresora,Samsung
Producto 810,3567,2117214425,Smartwatch,Dell
Producto 811,1299,2642204177,Television,Dell
Producto 812,3184,8201644412,Television,LG
Producto 813,4098,7441346993,Consola,Microsoft
Producto 814,6627,6067122719,Computadora,Asus
Producto 815,1042,6239661938,Consola,Sony
Producto 816,4965,3682323615,Audifonos,Asus
Producto 817,9705,7272726776,Computadora,LG
Producto 818,8579,4298954923,Consola,HP
Producto 819,4093,7238652601,Audifonos,Acer
Producto 820,1271,4763861091,Audifonos,Lenovo
Producto 821,582,8330313916,Consola,Sony
Producto 822,7930,6539806508,Proyector,Microsoft
Producto 823,3752,6366416020,Camara,Samsung
Producto 824,3412,3792845770,Proyector,Asus
Producto 825,858,4878325721,Television,Samsung
Producto 826,6760,8278105007,Smartwatch,Sony
Producto 827,762,7391471640,Proyector,Lenovo
Producto 828,5833,6894326191,Consola,Lenovo
Producto 829,4767,1778294963,Television,HP
Producto 830,1138,1470054641,Camara,Lenovo
Producto 831,9980,1096200059,Impresora,Asus
Producto 832,1671,5366338222,Smartphone,HP
Producto 833,1517,4989318783,Audifonos,Acer
Producto 834,2110,8533280443,Audifonos,LG
Producto 835,6617,6607226505,Television,LG
Producto 836,2364,8505587899,Audifonos,Lenovo
Producto 837,1625,5804766812,Impresora,Apple
Producto 838,4458,8590861339,Proyector,Microsoft
Producto 839,548,7400514106,Camara,Samsung
Producto 840,3194,3915798992,Smartwatch,Microsoft
Producto 841,8125,3830795943,Audifonos,Samsung
Producto 842,7853,3398539121,Proyector,Microsoft
Producto 843,1919,2975796437,Television,Apple
Producto 844,6158,1844174750,Smartwatch,Dell
Producto 845,3134,2753678162,Smartphone,Microsoft
Producto 846,4989,6265797265,Camara,Asus
Producto 847,6579,3739389083,Computadora,Microsoft
Producto 848,9518,7979398834,Audifonos,Apple
Producto 849,8837,1934848314,Smartphone,Microsoft
Producto 850,5090,9984865297,Smartwatch,Dell
Producto 851,4221,8561312413,Television,Microsoft
Producto 852,2190,9977113217,Computadora,Dell
Producto 853,9219,9789588485,Smartwatch,Dell
Producto 854,2089,5930959569,Television,Apple
Producto 855,699,4275094902,Smartwatch,Apple
Producto 856,7227,5165232966,Audifonos,Dell
Producto 857,891,1481718248,Camara,Lenovo
Producto 858,3292,7023214768,Impresora,LG
Producto 859,8147,1574649668,Audifonos,LG
Producto 860,8619,9880418018,Smartwatch,Asus
Producto 861,2129,1254624177,Audifonos,LG
Producto 862,3811,9399048512,Impresora,HP
Producto 863,8075,7463084267,Smartphone,LG
Producto 864,8638,5763655629,Audifonos,Apple
Producto 865,7973,8006456175,Camara,Dell
Producto 866,9572,8706217367,Impresora,Lenovo
Producto 867,1472,1798328123,Impresora,Samsung
Producto 868,1378,6730319278,Tablet,Lenovo
Producto 869,4063,4123137742,Smartwatch,Lenovo
Producto 870,1935,2418974966,Computadora,Microsoft
Producto 871,9854,1758185625,Proyector,HP
Producto 872,4786,3640646289,Smartwatch,LG
Producto 873,2825,8986769237,Camara,HP
Producto 874,8727,1869122260,Audifonos,Sony
Producto 875,3115,3451379446,Camara,Lenovo
Producto 876,9197,3462245468,Tablet,Apple
Producto 877,1580,2869383725,Camara,Dell
Producto 878,134,4496410649,Smartphone,Samsung
Producto 879,5278,2077340581,Smartwatch,Dell
Producto 880,2113,3574185753,Tablet,LG
Producto 881,3152,7678943572,Smartphone,Apple
Producto 882,1831,4286241048,Tablet,Asus
Producto 883,7616,1822961974,Computadora,Lenovo
Producto 884,6046,2196251537,Smartphone,LG
Producto 885,1768,7175181574,Tablet,Samsung
Producto 886,8539,8448329748,Tablet,Sony
Producto 887,7821,8797206481,Impresora,HP
Producto 888,9623,1265243630,Proyector,Sony
Producto 889,2896,7814789029,Smartphone,Apple
Producto 890,4142,3963573447,Proyector,Asus
Producto 891,7897,5078931028,Camara,Dell
Producto 892,4943,8058798343,Consola,HP
Producto 893,9918,9739212654,Impresora,Lenovo
Producto 894,5964,1540056413,Impresora,Lenovo
Producto 895,4369,9695146111,Consola,HP
Producto 896,4765,8365135143,Impresora,Sony
Producto 897,3995,4314450320,Smartwatch,Lenovo
Producto 898,339,5784864147,Consola,Samsung
Producto 899,374,2910407384,Impresora,Apple
Producto 900,3631,1538982360,Tablet,HP
Producto 901,8805,2170015437,Television,Acer
Producto 902,5532,5762399879,Impresora,Sony
Producto 903,2088,5995468992,Audifonos,Acer
Producto 904,4068,2425101244,Consola,LG
Producto 905,1714,5475589947,Smartwatch,Samsung
Producto 906,9710,8967868052,Audifonos,HP
Producto 907,4677,5760160043,Smartwatch,LG
Producto 908,2525,9078124054,Consola,Microsoft
Producto 909,8163,2647971027,Television,Microsoft
Producto 910,856,5508159343,Tablet,Samsung
Producto 911,1624,3150295927,Audifonos,HP
Producto 912,9058,2383801289,Proyector,Dell
Producto 913,1295,8558251861,Proyector,Lenovo
Producto 914,4602,7927778512,Consola,HP
Producto 915,8959,5072002551,Camara,Lenovo
Producto 916,5716,3227230720,Smartwatch,Apple
Producto 917,1409,3583836301,Camara,Acer
Producto 918,9373,8270908915,Television,Sony
Producto 919,4444,1153966514,Consola,Samsung
Producto 920,5916,2953840427,Smartphone,LG
Producto 921,9324,5057624438,Smartphone,Acer
Producto 922,2779,7298045136,Audifonos,Sony
Producto 923,4746,1332743231,Smartphone,LG
Producto 924,3474,3198008981,Consola,Asus
Producto 925,2930,2787457994,Smartwatch,Asus
Producto 926,5536,8275991860,Television,Microsoft
Producto 927,6828,3083654285,Audifonos,LG
Producto 928,5291,7724388911,Smartphone,Asus
Producto 929,694,4954329615,Audifonos,Microsoft
Producto 930,1926,4468213875,Smartwatch,Sony
Producto 931,3729,4976261390,Smartphone,Sony
Producto 932,6065,6163553653,Television,LG
Producto 933,9518,4067279756,Proyector,Lenovo
Producto 934,1432,9658627950,Tablet,HP
Producto 935,319,3691510254,Computadora,Samsung
Producto 936,1685,5711966777,Audifonos,Asus
Producto 937,4140,9206682172,Smartwatch,Microsoft
Producto 938,6698,3109557088,Television,HP
Producto 939,4901,6725284407,Camara,Apple
Producto 940,4253,8748965390,Camara,Acer
Producto 941,9797,7848624321,Consola,Lenovo
Producto 942,5594,7548385028,Impresora,Acer
Producto 943,9955,3187038936,Tablet,Asus
Producto 944,4579,2793971071,Camara,Sony
Producto 945,1750,5555425772,Impresora,HP
Producto 946,6441,4436242926,Tablet,Samsung
Producto 947,6622,7158223964,Proyector,Apple
Producto 948,2276,2845871021,Camara,Lenovo
Producto 949,9592,3343407814,Camara,Acer
Producto 950,6772,1476030675,Smartphone,Acer
Producto 951,4920,8322172535,Tablet,Apple
Producto 952,869,7727666834,Smartphone,Acer
Producto 953,5539,8769457160,Proyector,Apple
Producto 954,4097,1633553525,Camara,LG
Producto 955,5663,1882899215,Audifonos,Microsoft
Producto 956,7414,9893061634,Audifonos,Lenovo
Producto 957,377,8890824109,Impresora,Lenovo
Producto 958,7367,5279458979,Proyector,Lenovo
Producto 959,3506,5115067752,Consola,Apple
Producto 960,849,1110671278,Proyector,Acer
Producto 961,9361,8416086740,Proyector,Acer
Producto 962,1192,3599535230,Consola,Asus
Producto 963,7336,2016965203,Smartphone,HP
Producto 964,6197,7981709662,Smartwatch,Asus
Producto 965,1132,5154294505,Audifonos,HP
Producto 966,7294,8763787585,Computadora,LG
Producto 967,7388,9901408738,Proyector,Lenovo
Producto 968,762,5098758354,Tablet,Asus
Producto 969,9386,4866201698,Television,LG
Producto 970,2233,2084114570,Smartphone,HP
Producto 971,6510,6918120745,Smartphone,HP
Producto 972,4046,6312108930,Computadora,HP
Producto 973,3557,4134038217,Camara,Sony
Producto 974,451,2273704754,Tablet,Acer
Producto 975,5678,6710307995,Smartphone,Microsoft
Producto 976,8524,3618527660,Audifonos,Lenovo
Producto 977,3826,7548061224,Camara,Lenovo
Producto 978,1748,4705469477,Audifonos,Apple
Producto 979,1902,7503888663,Impresora,Acer
Producto 980,7265,6299642148,Consola,Asus
Producto 981,898,7455008725,Audifonos,Apple
Producto 982,342,5050306922,Tablet,Microsoft
Producto 983,607,9490120976,Proyector,Dell
Producto 984,2541,6815911613,Computadora,Dell
Producto 985,1763,3609688340,Impresora,Asus
Producto 986,8706,9248181826,Consola,Apple
Producto 987,2238,7083495214,Proyector,Acer
Producto 988,1461,3543795588,Television,Acer
Producto 989,8111,3068436098,Camara,Lenovo
Producto 990,9097,4421277310,Audifonos,Apple
Producto 991,2902,3768106682,Audifonos,Apple
Producto 992,2400,1889203487,Computadora,LG
Producto 993,8131,3561942580,Proyector,LG
Producto 994,6726,6804926764,Television,Apple
Producto 995,269,5079759319,Tablet,LG
Producto 996,6312,1441635753,Audifonos,Dell
Producto 997,6123,4112852631,Audifonos,HP
Producto 998,9665,6170161313,Camara,HP
Producto 999,1523,4850056692,Tablet,Microsoft
Producto 1000,3508,3264769474,Television,HP
Producto 1001,626,1243072783,Consola,LG
Producto 1002,3495,1351110850,Smartphone,LG
Producto 1003,8901,1710956569,Impresora,Samsung
Producto 1004,7536,4760941091,Smartphone,HP
Producto 1005,6642,3568369941,Computadora,Lenovo
Producto 1006,4101,5257416399,Audifonos,Apple
Producto 1007,5876,4890501245,Tablet,LG
Producto 1008,5948,1340049999,Proyector,Sony
Producto 1009,4470,2332176359,Tablet,HP
Producto 1010,8618,9849238538,Television,Microsoft
Producto 1011,8544,7044764291,Audifonos,Microsoft
Producto 1012,239,4797820924,Impresora,Samsung
Producto 1013,7466,7953925122,Consola,Acer
Producto 1014,8410,8082166062,Impresora,Dell
Producto 1015,1582,4390557190,Proyector,Asus
Producto 1016,1108,7644379091,Smartphone,Asus
Producto 1017,6790,6234296966,Television,Lenovo
Producto 1018,2866,3560911914,Consola,HP
Producto 1019,4409,2309078421,Camara,Microsoft
Producto 1020,5995,2198211323,Computadora,Dell
Producto 1021,7933,9859838748,Proyector,Acer
Producto 1022,695,9601694553,Television,HP
Producto 1023,2488,6936231123,Smartphone,Microsoft
Producto 1024,8253,1272160920,Television,Apple
Producto 1025,7193,1286482931,Audifonos,Asus
Producto 1026,4079,5275421059,Smartwatch,Sony
Producto 1027,6335,6245645965,Tablet,Asus
Producto 1028,9518,3826691109,Audifonos,Dell
Producto 1029,7192,8848583834,Impresora,HP
Producto 1030,2572,4963322716,Smartwatch,LG
Producto 1031,2777,2065219670,Audifonos,Apple
Producto 1032,9791,7364094194,Impresora,Dell
Producto 1033,1260,8568825584,Impresora,Dell
Producto 1034,103,3830643578,Impresora,Dell
Producto 1035,9018,2461547029,Consola,HP
Producto 1036,6498,1608101441,Tablet,LG
Producto 1037,2684,6143610032,Smartwatch,Apple
Producto 1038,5707,7206150405,Consola,Acer
Producto 1039,1001,8275398240,Consola,Acer
Producto 1040,4615,8916495514,Computadora,Samsung
Producto 1041,3455,5879301932,Camara,Acer
Producto 1042,1544,6004677447,Smartwatch,Lenovo
Producto 1043,6601,2238388861,Computadora,Acer
Producto 1044,9505,5392106016,Impresora,LG
Producto 1045,7463,3483228086,Computadora,Microsoft
Producto 1046,6745,7833272569,Smartwatch,LG
Producto 1047,4383,8420574753,Smartphone,Sony
Producto 1048,4061,1763395210,Smartphone,Samsung
Producto 1049,7759,3656746590,Television,Samsung
Producto 1050,2881,6031920896,Computadora,Samsung
Producto 1051,4129,9040875317,Smartwatch,LG
Producto 1052,9043,6551245819,Tablet,Apple
Producto 1053,1785,4212469092,Audifonos,Acer
Producto 1054,9869,7504510482,Tablet,Lenovo
Producto 1055,7257,3732826201,Tablet,Microsoft
Producto 1056,3837,2875510096,Tablet,Lenovo
Producto 1057,4918,4451503876,Television,Lenovo
Producto 1058,8033,7562032769,Proyector,Dell
Producto 1059,8612,8528728542,Camara,Acer
Producto 1060,9363,5815073705,Consola,LG
Producto 1061,7857,9990445904,Impresora,Microsoft
Producto 1062,6538,9147080183,Television,Acer
Producto 1063,6800,2941611255,Smartphone,LG
Producto 1064,9229,5604955279,Tablet,Acer
Producto 1065,153,1213789387,Consola,Apple
Producto 1066,9914,6126693967,Camara,Lenovo
Producto 1067,6147,9874342867,Camara,HP
Producto 1068,175,1925685525,Proyector,LG
Producto 1069,3977,2703314225,Tablet,Samsung
Producto 1070,5950,5981661819,Smartwatch,Acer
Producto 1071,2164,7230219660,Proyector,Acer
Producto 1072,8602,5924001113,Smartwatch,Dell
Producto 1073,6557,6240121521,Television,Samsung
Producto 1074,8822,6580089860,Smartwatch,Acer
Producto 1075,3071,4622355600,Television,Asus
Producto 1076,7078,3034657015,Computadora,Dell
Producto 1077,5601,1945816475,Impresora,Asus
Producto 1078,8900,6915389225,Audifonos,Sony
Producto 1079,8166,7178747499,Audifonos,Microsoft
Producto 1080,8685,1471245345,Audifonos,Lenovo
Producto 1081,3397,7005613588,Tablet,Acer
Producto 1082,7580,7178951643,Smartwatch,Sony
Producto 1083,5023,8492320958,Camara,Microsoft
Producto 1084,1959,1939803831,Consola,Dell
Producto 1085,4621,8607324528,Consola,LG
Producto 1086,4272,7470621187,Camara,Acer
Producto 1087,5723,5085465522,Computadora,HP
Producto 1088,5448,2345714660,Consola,HP
Producto 1089,9330,3971372974,Tablet,Apple
Producto 1090,4081,9449991546,Tablet,HP
Producto 1091,3122,9732980619,Proyector,HP
Producto 1092,2171,6834333708,Television,Asus
Producto 1093,7729,1089802517,Computadora,Lenovo
Producto 1094,5037,2487620181,Camara,Asus
Producto 1095,3346,2707583267,Television,HP
Producto 1096,1571,6740539712,Smartwatch,Asus
Producto 1097,2923,8280538054,Tablet,Acer
Producto 1098,5563,6912508901,Consola,Dell
Producto 1099,8996,5594900493,Audifonos,LG
Producto 1100,4019,5111444282,Consola,Acer
Producto 1101,5300,1728425464,Impresora,Lenovo
Producto 1102,8692,3072406024,Proyector,Sony
Producto 1103,5125,6430403486,Smartphone,Lenovo
Producto 1104,9864,6340852450,Television,Acer
Producto 1105,8722,1479568030,Smartphone,Acer
Producto 1106,3990,6193378041,Computadora,Apple
Producto 1107,1581,3781129500,Computadora,HP
Producto 1108,9615,8823720691,Television,LG
Producto 1109,9786,1186403087,Impresora,Asus
Producto 1110,9546,9279883748,Tablet,Acer
Producto 1111,2032,3923023179,Audifonos,LG
Producto 1112,8633,2214837096,Proyector,HP
Producto 1113,9373,7662921340,Consola,Sony
Producto 1114,9302,8602661634,Television,Apple
Producto 1115,2916,9168743306,Tablet,Acer
Producto 1116,5770,2436602239,Smartphone,Microsoft
Producto 1117,5300,7518802659,Smartwatch,LG
Producto 1118,4486,6706796351,Audifonos,Dell
Producto 1119,7283,1286637527,Smartwatch,Dell
Producto 1120,2605,8306653966,Tablet,Sony
Producto 1121,536,9461539033,Impresora,Microsoft
Producto 1122,1559,2036492455,Computadora,Samsung
Producto 1123,2410,8182632617,Audifonos,Acer
Producto 1124,5662,2089677250,Smartphone,Acer
Producto 1125,3352,3202561712,Computadora,Dell
Producto 1126,7714,3819523242,Television,HP
Producto 1127,7771,3120945455,Smartphone,HP
Producto 1128,982,4037112880,Impresora,Asus
Producto 1129,3524,7448309840,Proyector,HP
Producto 1130,9921,6433914726,Impresora,Apple
Producto 1131,4610,9281495561,Smartphone,Microsoft
Producto 1132,7423,2286081458,Camara,Apple
Producto 1133,431,6133098602,Consola,Sony
Producto 1134,7698,5143945754,Audifonos,Apple
Producto 1135,5378,4809719282,Television,LG
Producto 1136,3211,6990015246,Consola,Sony
Producto 1137,4737,7904744272,Computadora,Samsung
Producto 1138,2200,1294767386,Camara,LG
Producto 1139,8855,3840254359,Smartphone,Acer
Producto 1140,9701,5518485835,Impresora,HP
Producto 1141,3959,1008295026,Smartwatch,Samsung
Producto 1142,1254,6349218053,Tablet,Samsung
Producto 1143,7824,4689123188,Impresora,Samsung
Producto 1144,7244,4546147808,Smartphone,Microsoft
Producto 1145,4832,6990436987,Tablet,Dell
Producto 1146,6842,5402140932,Television,Microsoft
Producto 1147,9757,9904739038,Tablet,Microsoft
Producto 1148,8038,8541053054,Computadora,Microsoft
Producto 1149,6118,6144770228,Consola,Samsung
Producto 1150,8234,9385171852,Smartwatch,Acer
Producto 1151,2211,7741646465,Smartwatch,Microsoft
Producto 1152,4507,3791089064,Computadora,Asus
Producto 1153,2577,1472302468,Tablet,Apple
Producto 1154,9541,4332527049,Impresora,Asus
Producto 1155,676,4403442146,Audifonos,Dell
Producto 1156,6308,9947465175,Camara,Asus
Producto 1157,4010,3210601993,Proyector,LG
Producto 1158,997,1713187052,Audifonos,Dell
Producto 1159,1958,3389427670,Consola,LG
Producto 1160,1595,9846890723,Impresora,Dell
Producto 1161,6874,3492400063,Smartwatch,Sony
Producto 1162,8361,2912911198,Television,Lenovo
Producto 1163,5502,3967789471,Consola,LG
Producto 1164,5928,5547553155,Smartphone,Microsoft
Producto 1165,6300,2579201604,Audifonos,LG
Producto 1166,2145,7403841033,Television,Dell
Producto 1167,2186,4654114411,Proyector,Sony
Producto 1168,6236,2324113392,Consola,LG
Producto 1169,9972,9554696540,Camara,Lenovo
Producto 1170,9447,8445870370,Audifonos,Samsung
Producto 1171,6299,6562873952,Impresora,Sony
Producto 1172,2683,4128760926,Audifonos,Microsoft
Producto 1173,1849,4910959191,Consola,Dell
Producto 1174,4917,2298787144,Impresora,Microsoft
Producto 1175,4962,2469894022,Television,Asus
Producto 1176,2809,3719866842,Consola,Sony
Producto 1177,8085,7802347598,Smartwatch,Asus
Producto 1178,723,9785399801,Proyector,Acer
Producto 1179,8348,1387772423,Camara,Lenovo
Producto 1180,1763,8539817095,Tablet,Samsung
Producto 1181,8976,7985443905,Consola,LG
Producto 1182,1159,1531422920,Impresora,Lenovo
Producto 1183,4886,6810880836,Impresora,Apple
Producto 1184,374,7732310683,Tablet,Asus
Producto 1185,5872,9296279498,Smartwatch,Asus
Producto 1186,5942,6587492336,Consola,HP
Producto 1187,2072,9715484287,Consola,Acer
Producto 1188,5975,7335445903,Computadora,Lenovo
Producto 1189,3750,5213289957,Audifonos,Samsung
Producto 1190,9941,6168365491,Consola,Acer
Producto 1191,4428,7699882758,Smartphone,Dell
Producto 1192,3262,2555420559,Camara,Apple
Producto 1193,7059,9667132933,Camara,Acer
Producto 1194,4094,9145488173,Camara,Dell
Producto 1195,6905,1717675805,Proyector,Dell
Producto 1196,9507,5652336709,Impresora,Acer
Producto 1197,6113,1808847036,Audifonos,Dell
Producto 1198,7159,3075826352,Smartphone,Microsoft
Producto 1199,4222,5763992151,Smartwatch,Microsoft
Producto 1200,397,9196421426,Impresora,Acer
Producto 1201,1618,2156836325,Television,Acer
Producto 1202,4590,4454655504,Tablet,Samsung
Producto 1203,605,5002527133,Computadora,Acer
Producto 1204,5423,2666274368,Computadora,Asus
Producto 1205,633,4126281407,Television,Lenovo
Producto 1206,1787,5468361303,Impresora,Apple
Producto 1207,504,5244595382,Television,Dell
Producto 1208,6093,4985924876,Smartphone,Apple
Producto 1209,7920,9967522698,Proyector,Asus
Producto 1210,6108,3176039186,Proyector,Apple
Producto 1211,7175,6870932541,Smartphone,Microsoft
Producto 1212,5132,2485247024,Camara,Lenovo
Producto 1213,6380,5511683306,Proyector,Lenovo
Producto 1214,506,7077558473,Camara,Microsoft
Producto 1215,9746,2951148136,Audifonos,Asus
Producto 1216,9607,8720872913,Smartphone,HP
Producto 1217,9586,5365212146,Audifonos,Acer
Producto 1218,9704,8884152435,Smartwatch,Lenovo
Producto 1219,1614,4994467305,Impresora,Dell
Producto 1220,4792,2842254070,Proyector,Samsung
Producto 1221,8820,9404502251,Tablet,Microsoft
Producto 1222,5380,5859379075,Proyector,Lenovo
Producto 1223,1858,6329102843,Computadora,Acer
Producto 1224,2799,5827324580,Consola,LG
Producto 1225,8244,2677003166,Television,Asus
Producto 1226,1543,3741057427,Tablet,Acer
Producto 1227,1650,7112007954,Audifonos,Dell
Producto 1228,5784,1709469529,Camara,LG
Producto 1229,724,4932427389,Smartwatch,LG
Producto 1230,1509,5801972917,Camara,Sony
Producto 1231,6329,6526726881,Smartwatch,Lenovo
Producto 1232,2798,8595995206,Tablet,Asus
Producto 1233,2477,7033312438,Tablet,Apple
Producto 1234,1240,4823993488,Consola,Lenovo
Producto 1235,1052,7502102567,Impresora,Asus
Producto 1236,3823,6720670800,Proyector,LG
Producto 1237,8847,8581328990,Computadora,LG
Producto 1238,5586,1439130745,Consola,Microsoft
Producto 1239,9199,3023605037,Camara,Apple
Producto 1240,4984,1872531741,Audifonos,Samsung
Producto 1241,5697,7924162900,Television,Acer
Producto 1242,528,1610376983,Television,Microsoft
Producto 1243,1761,1784406138,Television,Asus
Producto 1244,3745,7158105466,Impresora,Sony
Producto 1245,8356,6931577794,Impresora,Microsoft
Producto 1246,6423,1809118090,Impresora,Lenovo
Producto 1247,8693,6410726007,Camara,HP
Producto 1248,9765,9099857448,Computadora,Lenovo
Producto 1249,2830,6082930799,Proyector,Lenovo
Producto 1250,1095,3404127353,Audifonos,Asus
Producto 1251,4878,9713161187,Smartwatch,Lenovo
Producto 1252,6614,5277775146,Proyector,HP
Producto 1253,7591,3231846389,Tablet,Microsoft
Producto 1254,6845,7426496904,Consola,Microsoft
Producto 1255,925,5667908369,Smartphone,Microsoft
Producto 1256,9866,8388153048,Consola,Asus
Producto 1257,9494,4781233746,Tablet,Samsung
Producto 1258,8416,4035327325,Consola,Sony
Producto 1259,981,4926422830,Proyector,Sony
Producto 1260,8562,9691314913,Camara,Microsoft
Producto 1261,784,2034733768,Television,Apple
Producto 1262,1420,6076978757,Smartwatch,Apple
Producto 1263,7518,8795126427,Tablet,Apple
Producto 1264,1430,8718754283,Audifonos,Sony
Producto 1265,1515,3150297072,Smartphone,Dell
Producto 1266,3374,4081533153,Camara,HP
Producto 1267,6236,8565443359,Smartphone,Acer
Producto 1268,8696,7505211802,Smartwatch,Apple
Producto 1269,560,7348721047,Television,Microsoft
Producto 1270,399,8355060942,Audifonos,Lenovo
Producto 1271,7749,4928751575,Computadora,LG
Producto 1272,3932,7394160539,Consola,Lenovo
Producto 1273,3470,4848325927,Smartphone,LG
Producto 1274,6295,5907339595,Smartphone,Microsoft
Producto 1275,8691,3065027096,Computadora,LG
Producto 1276,4649,3245948284,Television,Sony
Producto 1277,1040,3709303107,Tablet,Dell
Producto 1278,2993,9242917983,Tablet,Apple
Producto 1279,5074,4789269797,Impresora,LG
Producto 1280,8876,1257295908,Tablet,Dell
Producto 1281,2267,6593796010,Camara,Apple
Producto 1282,4380,1465653936,Computadora,Sony
Producto 1283,7739,8897274343,Audifonos,Acer
Producto 1284,5295,3156744981,Television,Microsoft
Producto 1285,9252,2193403357,Proyector,Lenovo
Producto 1286,5205,4380708731,Consola,Acer
Producto 1287,7059,4345521879,Smartwatch,Apple
Producto 1288,1289,1192823753,Tablet,Lenovo
Producto 1289,6790,1782513704,Computadora,Sony
Producto 1290,4293,6802762176,Tablet,Dell
Producto 1291,722,6386730377,Camara,Microsoft
Producto 1292,2523,6918436519,Audifonos,Apple
Producto 1293,6980,1289752469,Television,Sony
Producto 1294,3010,7252704477,Audifonos,Acer
Producto 1295,9201,7158745578,Consola,HP
Producto 1296,2076,3063933829,Smartphone,Asus
Producto 1297,6047,6317143867,Proyector,Microsoft
Producto 1298,3813,1878629151,Camara,Acer
Producto 1299,8141,2995056687,Audifonos,HP
Producto 1300,6064,2145443065,Computadora,Apple
Producto 1301,8659,1509309981,Audifonos,Apple
Producto 1302,4228,9035213295,Consola,LG
Producto 1303,885,4984239310,Smartwatch,Samsung
Producto 1304,2123,5913532438,Consola,Sony
Producto 1305,1152,7402885705,Television,Microsoft
Producto 1306,5972,7390890577,Consola,Apple
Producto 1307,2292,1337023448,Audifonos,Acer
Producto 1308,3969,4360748346,Proyector,Asus
Producto 1309,1219,9947644600,Impresora,Asus
Producto 1310,2764,6911448870,Impresora,Acer
Producto 1311,1014,9089134039,Smartphone,Acer
Producto 1312,989,7451033613,Television,LG
Producto 1313,7075,5416326891,Proyector,Asus
Producto 1314,3077,6846756914,Proyector,LG
Producto 1315,7937,8121944047,Proyector,Microsoft
Producto 1316,2212,2520158098,Smartwatch,HP
Producto 1317,9763,5887921068,Smartphone,Sony
Producto 1318,4385,9367248292,Smartphone,Asus
Producto 1319,4343,9923502789,Computadora,LG
Producto 1320,3943,9252080254,Tablet,Lenovo
Producto 1321,2475,8847809095,Proyector,Microsoft
Producto 1322,7065,5368884744,Proyector,Apple
Producto 1323,774,9965219994,Tablet,Dell
Producto 1324,1189,1073430612,Impresora,Asus
Producto 1325,9648,4601362000,Audifonos,Acer
Producto 1326,9314,2722840811,Camara,Asus
Producto 1327,6449,6991664469,Proyector,Acer
Producto 1328,5021,5257676911,Impresora,HP
Producto 1329,3156,9896653678,Proyector,Lenovo
Producto 1330,8665,8542230235,Impresora,LG
Producto 1331,8054,7275249323,Smartwatch,Asus
Producto 1332,7336,1815842882,Television,Sony
Producto 1333,5564,2413341066,Smartphone,Lenovo
Producto 1334,5819,5852238349,Television,Apple
Producto 1335,5147,8951789780,Audifonos,Lenovo
Producto 1336,7794,8668695669,Computadora,Lenovo
Producto 1337,2760,3200130060,Impresora,Apple
Producto 1338,5260,6382420272,Smartwatch,Apple
Producto 1339,7517,2563702442,Camara,LG
Producto 1340,6573,9268050667,Camara,Lenovo
Producto 1341,8700,7885694683,Proyector,Dell
Producto 1342,2621,8507291841,Audifonos,Lenovo
Producto 1343,4946,6828089733,Computadora,Apple
Producto 1344,2097,8168563383,Smartwatch,Lenovo
Producto 1345,7313,6370387461,Audifonos,LG
Producto 1346,8473,5168327530,Television,Acer
Producto 1347,1378,4498813128,Television,Acer
Producto 1348,445,4881609400,Consola,Apple
Producto 1349,6916,8963505693,Camara,Samsung
Producto 1350,7131,4929964134,Tablet,HP
Producto 1351,5011,1214693087,Audifonos,Microsoft
Producto 1352,2147,2491997653,Camara,Apple
Producto 1353,5840,2850684764,Television,Lenovo
Producto 1354,1444,8484906109,Tablet,Asus
Producto 1355,7621,5261440611,Computadora,Acer
Producto 1356,5485,7270874215,Television,LG
Producto 1357,2189,1956020488,Consola,LG
Producto 1358,7552,6950518832,Smartwatch,Samsung
Producto 1359,7482,4061486042,Tablet,Sony
Producto 1360,7192,6206578502,Smartwatch,Samsung
Producto 1361,4866,4258233425,Tablet,Samsung
Producto 1362,2776,4749049200,Smartphone,Sony
Producto 1363,3723,1807402323,Smartwatch,Acer
Producto 1364,1768,8160441391,Proyector,Lenovo
Producto 1365,4267,7934181621,Computadora,Sony
Producto 1366,793,7767042464,Smartwatch,Apple
Producto 1367,2735,2871062884,Computadora,Dell
Producto 1368,9864,5453108165,Television,Sony
Producto 1369,543,6976710086,Audifonos,Apple
Producto 1370,2433,3127034383,Smartwatch,Acer
Producto 1371,2718,8731528279,Smartwatch,Dell
Producto 1372,4801,4978163993,Television,HP
Producto 1373,7768,9191189104,Computadora,HP
Producto 1374,6898,1766710704,Computadora,Dell
Producto 1375,1860,4741919034,Audifonos,Asus
Producto 1376,2254,4776564324,Impresora,Lenovo
Producto 1377,4463,8596789480,Smartwatch,Samsung
Producto 1378,2485,2127901238,Smartwatch,Asus
Producto 1379,8533,6280797376,Smartphone,Lenovo
Producto 1380,6041,8561646025,Proyector,LG
Producto 1381,9041,5158348398,Tablet,Acer
Producto 1382,3359,1972317429,Audifonos,Sony
Producto 1383,9577,2520936627,Audifonos,Sony
Producto 1384,3786,5784373012,Tablet,HP
Producto 1385,8821,4587494504,Impresora,Lenovo
Producto 1386,6073,9236215265,Impresora,Samsung
Producto 1387,900,8978496200,Proyector,Lenovo
Producto 1388,1446,3236056037,Smartphone,HP
Producto 1389,6621,2853038524,Computadora,HP
Producto 1390,8660,2062439676,Computadora,LG
Producto 1391,4380,6016796988,Proyector,Sony
Producto 1392,6934,7837091599,Television,Apple
Producto 1393,2064,6290391666,Computadora,Acer
Producto 1394,5578,6572162549,Camara,Apple
Producto 1395,9510,9470336785,Smartphone,Microsoft
Producto 1396,7454,9566666353,Tablet,Microsoft
Producto 1397,9787,3481186963,Television,Lenovo
Producto 1398,7524,1249249587,Computadora,Lenovo
Producto 1399,7656,5890308942,Computadora,Apple
Producto 1400,8351,3820897506,Audifonos,Samsung
Producto 1401,4150,9414439451,Camara,Apple
Producto 1402,3775,6089560209,Smartphone,Asus
Producto 1403,9311,1560429539,Tablet,LG
Producto 1404,2632,8842849922,Smartphone,Asus
Producto 1405,7404,8081467824,Smartwatch,Apple
Producto 1406,8275,8006586792,Smartphone,Apple
Producto 1407,6577,5724792530,Consola,HP
Producto 1408,4088,5368052405,Camara,Apple
Producto 1409,3614,7374448883,Audifonos,Microsoft
Producto 1410,7572,4620195731,Tablet,LG
Producto 1411,2944,6861165602,Smartphone,HP
Producto 1412,4359,6440035180,Camara,Samsung
Producto 1413,9803,4534318834,Computadora,Sony
Producto 1414,2338,1556335440,Impresora,HP
Producto 1415,8509,1455523866,Camara,LG
Producto 1416,4414,2649637922,Impresora,Sony
Producto 1417,3618,9510894099,Audifonos,Lenovo
Producto 1418,878,8498544354,Impresora,Acer
Producto 1419,5173,7769883406,Consola,Lenovo
Producto 1420,6341,5784948311,Proyector,Lenovo
Producto 1421,9641,1016054277,Proyector,Lenovo
Producto 1422,4340,7704755221,Smartwatch,Asus
Producto 1423,877,3115677991,Proyector,Dell
Producto 1424,6542,4547112464,Tablet,Lenovo
Producto 1425,8802,5159664247,Consola,Sony
Producto 1426,7622,4412400094,Computadora,Acer
Producto 1427,6230,9215082799,Audifonos,Apple
Producto 1428,8093,1539057012,Tablet,HP
Producto 1429,9892,4971474231,Computadora,Asus
Producto 1430,6621,8974544911,Impresora,Dell
Producto 1431,1371,5224173071,Consola,HP
Producto 1432,3961,9034448681,Smartphone,Samsung
Producto 1433,9879,7744553673,Consola,Lenovo
Producto 1434,7135,9670563459,Television,Sony
Producto 1435,7949,4663811226,Computadora,Microsoft
Producto 1436,1192,6999985175,Tablet,HP
Producto 1437,7132,5496443320,Proyector,Microsoft
Producto 1438,5828,5189187556,Audifonos,Apple
Producto 1439,6554,7746667238,Computadora,Apple
Producto 1440,4853,2913221618,Consola,Acer
Producto 1441,801,7892704351,Tablet,Dell
Producto 1442,8566,3823191001,Camara,Apple
Producto 1443,3645,6340413955,Smartphone,Samsung
Producto 1444,5277,8214064247,Tablet,Apple
Producto 1445,5628,8452098721,Tablet,Lenovo
Producto 1446,4642,3704898716,Television,LG
Producto 1447,4630,9886404761,Television,Dell
Producto 1448,9696,4911898308,Television,Apple
Producto 1449,5436,7489892133,Audifonos,Asus
Producto 1450,5828,4249118003,Tablet,Microsoft
Producto 1451,1481,2563831095,Tablet,HP
Producto 1452,7084,8325520593,Proyector,Microsoft
Producto 1453,2946,4441253954,Impresora,Sony
Producto 1454,4916,2654982131,Smartphone,Microsoft
Producto 1455,482,9186831827,Impresora,Sony
Producto 1456,5932,5572147873,Tablet,Samsung
Producto 1457,9728,9910663525,Camara,Dell
Producto 1458,1366,8582675306,Proyector,Sony
Producto 1459,5670,6030902277,Camara,Acer
Producto 1460,6965,5808488681,Audifonos,Sony
Producto 1461,2365,1248465833,Smartwatch,Lenovo
Producto 1462,3488,8157388432,Impresora,HP
Producto 1463,4261,3694514713,Computadora,LG
Producto 1464,1010,6186506405,Television,LG
Producto 1465,7412,9549052012,Impresora,LG
Producto 1466,3901,8263927751,Television,Samsung
Producto 1467,7165,2124193118,Tablet,Asus
Producto 1468,9361,9793505707,Consola,Sony
Producto 1469,4550,4815471440,Audifonos,Apple
Producto 1470,1461,1990266044,Television,Samsung
Producto 1471,9998,9231601504,Smartwatch,Microsoft
Producto 1472,9339,6842306919,Smartwatch,Sony
Producto 1473,892,3839628776,Computadora,Dell
Producto 1474,2367,2284330615,Camara,Asus
Producto 1475,7165,6534514128,Impresora,Microsoft
Producto 1476,2100,9376737031,Tablet,Acer
Producto 1477,2264,3226514493,Camara,Samsung
Producto 1478,1350,9374358210,Consola,Acer
Producto 1479,8383,5276720857,Camara,Lenovo
Producto 1480,6534,4092626587,Camara,Dell
Producto 1481,4202,7599546887,Consola,Microsoft
Producto 1482,7509,5295439774,Impresora,Dell
Producto 1483,5433,4870977303,Camara,Apple
Producto 1484,2250,2132333179,Computadora,LG
Producto 1485,5469,3235183819,Tablet,Dell
Producto 1486,5574,7240959735,Camara,HP
Producto 1487,2267,6085799681,Television,HP
Producto 1488,5713,1732392008,Smartwatch,Asus
Producto 1489,5071,7040608799,Audifonos,Lenovo
Producto 1490,6538,1399936992,Consola,Apple
Producto 1491,3281,3510996890,Computadora,HP
Producto 1492,2254,3483747918,Smartphone,LG
Producto 1493,2652,3280118982,Smartwatch,Lenovo
Producto 1494,302,3138139613,Tablet,Sony
Producto 1495,4255,9636022737,Tablet,Lenovo
Producto 1496,8636,6488891279,Camara,Dell
Producto 1497,3299,8117456004,Consola,Samsung
Producto 1498,6434,5004264532,Smartwatch,Asus
Producto 1499,5959,7090855248,Consola,Apple
