0,1,2,3,4
Nombre,Direccion,Telefono,Ciudad,Asesor
Tienda 0,Calle 61,6240937593,CDMX,Maria
Tienda 1,Calle 27,2715362953,Toluca,Roberto
Tienda 2,Calle 13,5156269680,Monterrey,Fernando
Tienda 3,Calle 97,7189604879,Acapulco,Roberto
Tienda 4,Calle 55,8876204467,Puebla,Juan
Tienda 5,Calle 13,8672810459,Cancun,Jose
Tienda 6,Calle 58,2920853500,Veracruz,Jose
Tienda 7,Calle 54,4278244958,Monterrey,Ana
Tienda 8,Calle 23,3019256664,Guadalajara,Pedro
Tienda 9,Calle 37,6166581936,CDMX,Maria
Tienda 10,Calle 77,7128324772,Veracruz,Ricardo
Tienda 11,Calle 83,7826307483,Tijuana,Ricardo
Tienda 12,Calle 34,9615306313,Merida,Ana
Tienda 13,Calle 41,9516845979,Guadalajara,Maria
Tienda 14,Calle 9,1386752012,CDMX,Roberto
Tienda 15,Calle 35,9201903758,CDMX,Pedro
Tienda 16,Calle 83,5324722421,Cancun,Luis
Tienda 17,Calle 65,9398330646,Toluca,Ana
Tienda 18,Calle 54,5679073995,CDMX,Pedro
Tienda 19,Calle 63,8445773731,Acapulco,Maria
Tienda 20,Calle 33,9053070368,Puebla,Carlos
Tienda 21,Calle 24,4930739517,CDMX,Ana
Tienda 22,Calle 50,8303009703,Monterrey,Carlos
Tienda 23,Calle 49,7873995614,Merida,Juan
Tienda 24,Calle 74,7183643395,Toluca,Pedro
Tienda 25,Calle 20,1725931263,CDMX,Carlos
Tienda 26,Calle 42,6605604725,Tijuana,Fernando
Tienda 27,Calle 86,8849434561,Toluca,Juan
Tienda 28,Calle 63,5369026794,Monterrey,Luis
Tienda 29,Calle 7,5112821231,Veracruz,Ricardo
Tienda 30,Calle 14,7423785315,Guadalajara,Maria
Tienda 31,Calle 3,6162302607,Toluca,Jose
Tienda 32,Calle 12,2381309680,Veracruz,Ricardo
Tienda 33,Calle 75,9269114539,Cancun,Ricardo
Tienda 34,Calle 1,9816593704,Toluca,Jose
Tienda 35,Calle 21,7441452611,Monterrey,Luis
Tienda 36,Calle 68,9657382891,Monterrey,Pedro
Tienda 37,Calle 61,1261068015,Guadalajara,Jose
Tienda 38,Calle 97,6799245600,Acapulco,Juan
Tienda 39,Calle 26,7982711702,Toluca,Fernando
Tienda 40,Calle 28,2444015326,Toluca,Maria
Tienda 41,Calle 45,1726921722,Veracruz,Jose
Tienda 42,Calle 74,5280326861,Acapulco,Jose
Tienda 43,Calle 16,5193249532,Puebla,Maria
Tienda 44,Calle 56,4267230475,Monterrey,Juan
Tienda 45,Calle 79,6943511818,CDMX,Juan
Tienda 46,Calle 96,8936872892,CDMX,Maria
Tienda 47,Calle 29,8351815502,CDMX,Jose
Tienda 48,Calle 26,5057738414,Cancun,Fernando
Tienda 49,Calle 50,6458065018,Monterrey,Pedro
Tienda 50,Calle 6,7811221493,Puebla,Pedro
Tienda 51,Calle 95,9870772968,Acapulco,Luis
Tienda 52,Calle 66,9935273860,Cancun,Luis
Tienda 53,Calle 34,5402018488,Tijuana,Luis
Tienda 54,Calle 12,4877352818,Toluca,Carlos
Tienda 55,Calle 28,7438002242,Acapulco,Maria
Tienda 56,Calle 78,7176136737,Cancun,Jose
Tienda 57,Calle 45,3976392653,CDMX,Fernando
Tienda 58,Calle 33,7247732095,Puebla,Roberto
Tienda 59,Calle 99,5127928462,Guadalajara,Fernando
Tienda 60,Calle 66,5271606075,CDMX,Jose
Tienda 61,Calle 20,6508330371,Veracruz,Luis
Tienda 62,Calle 55,7285427017,Monterrey,Juan
Tienda 63,Calle 19,5920862517,Cancun,Roberto
Tienda 64,Calle 47,4295973935,Tijuana,Juan
Tienda 65,Calle 57,6356221884,Monterrey,Maria
Tienda 66,Calle 57,2813488758,Toluca,Jose
Tienda 67,Calle 19,9405039029,CDMX,Roberto
Tienda 68,Calle 98,1706752822,CDMX,Luis
Tienda 69,Calle 82,2932484878,Merida,Ricardo
Tienda 70,Calle 6,3152295149,Acapulco,Jose
Tienda 71,Calle 26,2306469399,Cancun,Pedro
Tienda 72,Calle 33,6325268306,Veracruz,Ana
Tienda 73,Calle 8,5022654722,Merida,Fernando
Tienda 74,Calle 63,1984705843,Monterrey,Carlos
Tienda 75,Calle 35,9595278358,CDMX,Juan
Tienda 76,Calle 100,4469580668,Acapulco,Ana
Tienda 77,Calle 36,5475452316,Guadalajara,Ana
Tienda 78,Calle 22,9117100193,Merida,Ana
Tienda 79,Calle 43,2298749992,CDMX,Ricardo
Tienda 80,Calle 76,2583031076,Puebla,Juan
Tienda 81,Calle 65,2883378859,Monterrey,Luis
Tienda 82,Calle 3,7569956581,Veracruz,Juan
Tienda 83,Calle 15,3933410698,Cancun,Pedro
Tienda 84,Calle 74,8733508578,Toluca,Roberto
Tienda 85,Calle 64,5485375110,Monterrey,Pedro
Tienda 86,Calle 47,2765658680,CDMX,Jose
Tienda 87,Calle 28,5632119111,Monterrey,Jose
Tienda 88,Calle 82,3517376682,Toluca,Juan
Tienda 89,Calle 25,3500368415,Veracruz,Maria
Tienda 90,Calle 63,2379189550,Tijuana,Roberto
Tienda 91,Calle 96,5014888703,Acapulco,Carlos
Tienda 92,Calle 30,8241302180,CDMX,Luis
Tienda 93,Calle 85,6262681217,Monterrey,Roberto
Tienda 94,Calle 81,3549102631,Guadalajara,Luis
Tienda 95,Calle 60,7625775183,Tijuana,Roberto
Tienda 96,Calle 51,1097303388,Guadalajara,Roberto
Tienda 97,Calle 40,8345496899,Cancun,Ricardo
Tienda 98,Calle 49,6127961105,Monterrey,Ricardo
Tienda 99,Calle 57,8318201648,Monterrey,Fernando
Tienda 100,Calle 33,5670132776,Veracruz,Luis
Tienda 101,Calle 44,3775244232,Toluca,Maria
Tienda 102,Calle 56,4391554505,Cancun,Jose
Tienda 103,Calle 23,9308338692,Monterrey,Fernando
Tienda 104,Calle 84,5525530596,Monterrey,Roberto
Tienda 105,Calle 71,7813229928,Cancun,Fernando
Tienda 106,Calle 39,1195260756,Veracruz,Fernando
Tienda 107,Calle 80,7290566392,Veracruz,Fernando
Tienda 108,Calle 7,3228990219,Merida,Carlos
Tienda 109,Calle 98,2936722453,Monterrey,Carlos
Tienda 110,Calle 90,5474215359,Guadalajara,Carlos
Tienda 111,Calle 20,1334218965,Toluca,Maria
Tienda 112,Calle 28,8304941910,Merida,Fernando
Tienda 113,Calle 59,2556651382,Cancun,Carlos
Tienda 114,Calle 100,1590081991,Puebla,Jose
Tienda 115,Calle 47,3217063296,Acapulco,Pedro
Tienda 116,Calle 44,3082268440,Acapulco,Carlos
Tienda 117,Calle 46,1381914425,Veracruz,Pedro
Tienda 118,Calle 66,7671544063,Veracruz,Ricardo
Tienda 119,Calle 58,8044674327,Merida,Carlos
Tienda 120,Calle 91,1972590978,Merida,Luis
Tienda 121,Calle 51,7490580737,Acapulco,Roberto
Tienda 122,Calle 40,4009365384,Puebla,Pedro
Tienda 123,Calle 25,7496576134,Tijuana,Ana
Tienda 124,Calle 40,4293515940,Merida,Pedro
Tienda 125,Calle 100,9342756907,Cancun,Fernando
Tienda 126,Calle 22,7791761598,Merida,Fernando
Tienda 127,Calle 75,2508101077,Puebla,Pedro
Tienda 128,Calle 62,1200230177,Tijuana,Pedro
Tienda 129,Calle 3,8129638996,Puebla,Carlos
Tienda 130,Calle 60,1433001382,Monterrey,Jose
Tienda 131,Calle 38,3038400181,Monterrey,Fernando
Tienda 132,Calle 69,5619321555,Tijuana,Ricardo
Tienda 133,Calle 22,5179798400,Veracruz,Juan
Tienda 134,Calle 53,3438824356,Toluca,Jose
Tienda 135,Calle 30,6000661603,Puebla,Pedro
Tienda 136,Calle 16,3436183838,Veracruz,Fernando
Tienda 137,Calle 98,5648975601,Acapulco,Roberto
Tienda 138,Calle 83,7076803050,Monterrey,Roberto
Tienda 139,Calle 11,1587426745,Toluca,Roberto
Tienda 140,Calle 26,3692443578,Tijuana,Jose
Tienda 141,Calle 79,7191520864,Merida,Roberto
Tienda 142,Calle 37,6377021565,Monterrey,Roberto
Tienda 143,Calle 98,6939813257,Acapulco,Fernando
Tienda 144,Calle 28,2136462021,Merida,Luis
Tienda 145,Calle 54,2620923130,Guadalajara,Carlos
Tienda 146,Calle 27,5566017651,Toluca,Fernando
Tienda 147,Calle 36,1638350870,Toluca,Fernando
Tienda 148,Calle 20,1527542522,CDMX,Jose
Tienda 149,Calle 85,6022185262,Tijuana,Fernando
Tienda 150,Calle 95,5690836745,Merida,Fernando
Tienda 151,Calle 92,1294946866,Acapulco,Pedro
Tienda 152,Calle 1,6200883331,Tijuana,Carlos
Tienda 153,Calle 94,1508155989,Acapulco,Fernando
Tienda 154,Calle 88,8360730149,Puebla,Juan
Tienda 155,Calle 35,2778283464,Tijuana,Luis
Tienda 156,Calle 52,3635744053,Cancun,Pedro
Tienda 157,Calle 69,5542802098,Monterrey,Roberto
Tienda 158,Calle 35,6260626124,Guadalajara,Juan
Tienda 159,Calle 40,9421404527,Acapulco,Luis
Tienda 160,Calle 87,6153452261,Merida,Ana
Tienda 161,Calle 4,3314053537,Cancun,Jose
Tienda 162,Calle 85,3368360067,Veracruz,Maria
Tienda 163,Calle 94,9014391839,Acapulco,Fernando
Tienda 164,Calle 75,1528538021,Puebla,Fernando
Tienda 165,Calle 71,4711685812,Guadalajara,Roberto
Tienda 166,Calle 66,8216719109,CDMX,Luis
Tienda 167,Calle 62,4444241563,Cancun,Fernando
Tienda 168,Calle 39,8213069758,Veracruz,Maria
Tienda 169,Calle 62,9565396609,Monterrey,Fernando
Tienda 170,Calle 34,6816818894,Cancun,Fernando
Tienda 171,Calle 31,9905103350,Merida,Luis
Tienda 172,Calle 8,5649639026,Acapulco,Ricardo
Tienda 173,Calle 45,8795425955,Acapulco,Fernando
Tienda 174,Calle 74,3462308645,Guadalajara,Roberto
Tienda 175,Calle 11,2242800878,Merida,Carlos
Tienda 176,Calle 6,8747134288,Cancun,Fernando
Tienda 177,Calle 45,2223387117,Tijuana,Juan
Tienda 178,Calle 78,5610851269,Acapulco,Fernando
Tienda 179,Calle 23,5345897251,Toluca,Fernando
Tienda 180,Calle 89,7574542467,Monterrey,Pedro
Tienda 181,Calle 95,7960139086,Toluca,Ana
Tienda 182,Calle 31,3554682484,Acapulco,Ricardo
Tienda 183,Calle 74,9293674354,Tijuana,Ricardo
Tienda 184,Calle 83,5921919846,Puebla,Fernando
Tienda 185,Calle 61,9052910185,Merida,Maria
Tienda 186,Calle 51,3483590534,Monterrey,Ricardo
Tienda 187,Calle 33,6573911593,Veracruz,Ricardo
Tienda 188,Calle 55,7149079525,Toluca,Jose
Tienda 189,Calle 43,2162399546,Merida,Luis
Tienda 190,Calle 55,5410271378,Monterrey,Fernando
Tienda 191,Calle 77,1870736772,CDMX,Maria
Tienda 192,Calle 98,3933823615,Guadalajara,Jose
Tienda 193,Calle 91,2529205773,Merida,Roberto
Tienda 194,Calle 66,6442697047,Acapulco,Juan
Tienda 195,Calle 24,4435302729,Merida,Jose
Tienda 196,Calle 27,2620361406,Veracruz,Jose
Tienda 197,Calle 52,6983441036,Tijuana,Roberto
Tienda 198,Calle 67,1623352605,Monterrey,Carlos
Tienda 199,Calle 73,2256839190,CDMX,Jose
Tienda 200,Calle 4,3357764398,Acapulco,Ana
Tienda 201,Calle 99,3123353831,Acapulco,Luis
Tienda 202,Calle 9,1920148773,Cancun,Maria
Tienda 203,Calle 97,5706208022,Cancun,Luis
Tienda 204,Calle 45,3485502683,CDMX,Carlos
Tienda 205,Calle 48,7411724062,Monterrey,Pedro
Tienda 206,Calle 20,6591780295,Guadalajara,Fernando
Tienda 207,Calle 22,9222638212,Puebla,Juan
Tienda 208,Calle 8,7815523394,Monterrey,Pedro
Tienda 209,Calle 54,8934179148,Veracruz,Maria
Tienda 210,Calle 64,9071902596,Monterrey,Jose
Tienda 211,Calle 94,1999124441,Monterrey,Pedro
Tienda 212,Calle 3,7008128160,Veracruz,Fernando
Tienda 213,Calle 22,1766952696,Toluca,Ricardo
Tienda 214,Calle 32,3823543442,Toluca,Ricardo
Tienda 215,Calle 75,5511704315,Toluca,Maria
Tienda 216,Calle 81,7946849145,Acapulco,Carlos
Tienda 217,Calle 14,5106527422,Acapulco,Ana
Tienda 218,Calle 51,6012525735,Acapulco,Jose
Tienda 219,Calle 12,6748461568,Puebla,Juan
Tienda 220,Calle 92,3372374795,Toluca,Juan
Tienda 221,Calle 90,4622191036,Puebla,Luis
Tienda 222,Calle 59,6442312855,CDMX,Juan
Tienda 223,Calle 96,2738012363,Monterrey,Ana
Tienda 224,Calle 62,5845575939,Veracruz,Roberto
Tienda 225,Calle 69,9903563483,Veracruz,Carlos
Tienda 226,Calle 73,9826543372,CDMX,Fernando
Tienda 227,Calle 77,5216627690,Cancun,Luis
Tienda 228,Calle 84,2839058211,CDMX,Juan
Tienda 229,Calle 25,8257397070,Merida,Carlos
Tienda 230,Calle 87,9412623984,Cancun,Luis
Tienda 231,Calle 84,3908477855,Toluca,Roberto
Tienda 232,Calle 37,6611875482,Tijuana,Ricardo
Tienda 233,Calle 73,1150491965,Cancun,Jose
Tienda 234,Calle 10,7506992822,Merida,Juan
Tienda 235,Calle 82,5346903953,Toluca,Ana
Tienda 236,Calle 27,3638016029,Monterrey,Roberto
Tienda 237,Calle 79,3626292558,Tijuana,Roberto
Tienda 238,Calle 24,9506711364,Acapulco,Luis
Tienda 239,Calle 43,8995459401,Toluca,Juan
Tienda 240,Calle 2,7553981500,Puebla,Luis
Tienda 241,Calle 86,5435463274,Tijuana,Roberto
Tienda 242,Calle 41,3435550139,Merida,Roberto
Tienda 243,Calle 47,3685613179,Cancun,Maria
Tienda 244,Calle 19,5868277792,Veracruz,Jose
Tienda 245,Calle 2,7097557088,CDMX,Jose
Tienda 246,Calle 4,5544365932,Monterrey,Maria
Tienda 247,Calle 43,4765784667,Acapulco,Jose
Tienda 248,Calle 89,6352935328,Acapulco,Pedro
Tienda 249,Calle 22,9096533947,Monterrey,Ricardo
Tienda 250,Calle 14,8345991814,Toluca,Ricardo
Tienda 251,Calle 8,6419938153,Veracruz,Luis
Tienda 252,Calle 51,2267471755,Toluca,Jose
Tienda 253,Calle 21,3300048449,Toluca,Jose
Tienda 254,Calle 1,4734450158,Acapulco,Pedro
Tienda 255,Calle 100,2737837359,Tijuana,Roberto
Tienda 256,Calle 99,3946130293,Merida,Luis
Tienda 257,Calle 43,7578478664,Monterrey,Pedro
Tienda 258,Calle 20,3014919592,Cancun,Roberto
Tienda 259,Calle 65,9299671110,Guadalajara,Maria
Tienda 260,Calle 14,8165907649,Acapulco,Ricardo
Tienda 261,Calle 9,7369899805,CDMX,Roberto
Tienda 262,Calle 80,2770295557,Merida,Pedro
Tienda 263,Calle 31,5073788581,Cancun,Roberto
Tienda 264,Calle 91,9094279291,Acapulco,Ricardo
Tienda 265,Calle 21,8970421756,Acapulco,Ricardo
Tienda 266,Calle 9,2656607233,Toluca,Ricardo
Tienda 267,Calle 17,5653390349,Acapulco,Juan
Tienda 268,Calle 48,2494025317,Acapulco,Ricardo
Tienda 269,Calle 56,1399592885,Cancun,Ana
Tienda 270,Calle 89,8977947694,CDMX,Fernando
Tienda 271,Calle 41,3772030151,Acapulco,Pedro
Tienda 272,Calle 29,2661318623,CDMX,Ricardo
Tienda 273,Calle 40,1998903892,Toluca,Carlos
Tienda 274,Calle 66,1653750373,Acapulco,Fernando
Tienda 275,Calle 58,8136720451,Veracruz,Jose
Tienda 276,Calle 51,4246796522,Veracruz,Maria
Tienda 277,Calle 89,4439710065,Toluca,Fernando
Tienda 278,Calle 94,5876408604,CDMX,Roberto
Tienda 279,Calle 2,2935356495,Monterrey,Juan
Tienda 280,Calle 5,2278170447,Toluca,Carlos
Tienda 281,Calle 99,7525056703,Monterrey,Pedro
Tienda 282,Calle 22,1606030996,Veracruz,Jose
Tienda 283,Calle 4,5670396045,CDMX,Maria
Tienda 284,Calle 63,1596613812,Monterrey,Roberto
Tienda 285,Calle 26,3280902342,Veracruz,Juan
Tienda 286,Calle 54,9349765800,Cancun,Jose
Tienda 287,Calle 91,6192051241,Acapulco,Juan
Tienda 288,Calle 86,3521085297,Veracruz,Jose
Tienda 289,Calle 39,1705010357,Merida,Roberto
Tienda 290,Calle 72,3770469233,Puebla,Fernando
Tienda 291,Calle 81,6391990360,Merida,Maria
Tienda 292,Calle 23,7919683344,CDMX,Carlos
Tienda 293,Calle 76,7484570846,Toluca,Ana
Tienda 294,Calle 29,4875642474,Guadalajara,Fernando
Tienda 295,Calle 58,7790515131,Toluca,Pedro
Tienda 296,Calle 56,3202913636,Monterrey,Maria
Tienda 297,Calle 35,6715498216,Toluca,Ana
Tienda 298,Calle 71,6485580214,Tijuana,Jose
Tienda 299,Calle 51,3611295827,Acapulco,Jose
Tienda 300,Calle 59,4032246054,Puebla,Ricardo
Tienda 301,Calle 74,6304669631,Merida,Juan
Tienda 302,Calle 57,5861320289,Acapulco,Luis
Tienda 303,Calle 53,5441507773,CDMX,Carlos
Tienda 304,Calle 21,2739986336,Guadalajara,Ricardo
Tienda 305,Calle 34,5155937489,Guadalajara,Fernando
Tienda 306,Calle 79,4135032877,Merida,Fernando
Tienda 307,Calle 40,2423868509,Guadalajara,Ricardo
Tienda 308,Calle 30,7579067123,Toluca,Pedro
Tienda 309,Calle 3,6239410842,Guadalajara,Ana
Tienda 310,Calle 66,7235194968,Cancun,Carlos
Tienda 311,Calle 59,4340702159,Acapulco,Pedro
Tienda 312,Calle 59,7225893174,Toluca,Roberto
Tienda 313,Calle 18,5517215582,Guadalajara,Fernando
Tienda 314,Calle 25,6724046628,Veracruz,Juan
Tienda 315,Calle 35,4370859209,CDMX,Carlos
Tienda 316,Calle 70,2376984039,CDMX,Juan
Tienda 317,Calle 13,5405970167,Tijuana,Maria
Tienda 318,Calle 89,2374774042,Veracruz,Roberto
Tienda 319,Calle 20,9750862188,CDMX,Roberto
Tienda 320,Calle 66,2132146203,Puebla,Luis
Tienda 321,Calle 53,8155821428,CDMX,Carlos
Tienda 322,Calle 87,2255950892,Veracruz,Juan
Tienda 323,Calle 8,5136167648,Puebla,Maria
Tienda 324,Calle 27,7854572594,Merida,Jose
Tienda 325,Calle 62,6684640546,CDMX,Ana
Tienda 326,Calle 26,5686276969,Guadalajara,Juan
Tienda 327,Calle 18,7274042863,Toluca,Juan
Tienda 328,Calle 34,2512609185,Tijuana,Luis
Tienda 329,Calle 80,7492192389,CDMX,Juan
Tienda 330,Calle 64,8466185746,Acapulco,Ana
Tienda 331,Calle 95,7319864998,Guadalajara,Fernando
Tienda 332,Calle 1,6523129246,Puebla,Fernando
Tienda 333,Calle 28,2808216037,CDMX,Ana
Tienda 334,Calle 76,8195546732,Toluca,Fernando
Tienda 335,Calle 28,1131376885,Toluca,Jose
Tienda 336,Calle 5,2979117757,CDMX,Ricardo
Tienda 337,Calle 55,8652395613,CDMX,Carlos
Tienda 338,Calle 74,2637322085,Cancun,Ricardo
Tienda 339,Calle 77,1913265069,Monterrey,Maria
Tienda 340,Calle 12,7878091437,Cancun,Ricardo
Tienda 341,Calle 67,5367987062,Cancun,Pedro
Tienda 342,Calle 30,7216446055,Guadalajara,Ricardo
Tienda 343,Calle 69,7408068635,Cancun,Roberto
Tienda 344,Calle 43,5003669260,Tijuana,Juan
Tienda 345,Calle 85,8725421639,Tijuana,Jose
Tienda 346,Calle 61,4261682553,CDMX,Maria
Tienda 347,Calle 7,9170846862,Acapulco,Luis
Tienda 348,Calle 12,6991580787,Cancun,Carlos
Tienda 349,Calle 45,6973602144,Guadalajara,Maria
Tienda 350,Calle 65,8600104428,Merida,Carlos
Tienda 351,Calle 62,4168631970,Tijuana,Ana
Tienda 352,Calle 35,8326515189,Monterrey,Juan
Tienda 353,Calle 80,3985816643,Puebla,Carlos
Tienda 354,Calle 89,9120045205,Cancun,Juan
Tienda 355,Calle 68,2174399151,Puebla,Ana
Tienda 356,Calle 13,8598731576,Monterrey,Juan
Tienda 357,Calle 36,9727489543,Veracruz,Carlos
Tienda 358,Calle 68,3555103696,Merida,Carlos
Tienda 359,Calle 54,3345576039,Tijuana,Jose
Tienda 360,Calle 7,2599692395,Cancun,Ricardo
Tienda 361,Calle 25,9412223257,Puebla,Fernando
Tienda 362,Calle 20,6348856759,Merida,Ricardo
Tienda 363,Calle 94,7810127517,Puebla,Ana
Tienda 364,Calle 22,5995272597,Tijuana,Pedro
Tienda 365,Calle 10,7464207317,Cancun,Pedro
Tienda 366,Calle 66,6729987881,Guadalajara,Ana
Tienda 367,Calle 79,6941869501,Toluca,Pedro
Tienda 368,Calle 58,4033874806,Guadalajara,Ricardo
Tienda 369,Calle 65,3050028859,Toluca,Luis
Tienda 370,Calle 28,4335834772,Guadalajara,Luis
Tienda 371,Calle 51,3351050943,Cancun,Carlos
Tienda 372,Calle 88,2676325472,Cancun,Luis
Tienda 373,Calle 19,1691813740,Cancun,Fernando
Tienda 374,Calle 93,9875656317,CDMX,Jose
Tienda 375,Calle 3,1100167862,Veracruz,Maria
Tienda 376,Calle 56,7523034145,Monterrey,Ana
Tienda 377,Calle 78,1984823152,Veracruz,Ana
Tienda 378,Calle 65,2805504752,Puebla,Fernando
Tienda 379,Calle 63,8755424224,Cancun,Ricardo
Tienda 380,Calle 51,4255316979,Puebla,Ricardo
Tienda 381,Calle 64,8828932593,Tijuana,Luis
Tienda 382,Calle 6,5178641954,Monterrey,Maria
Tienda 383,Calle 12,1218235109,Monterrey,Pedro
Tienda 384,Calle 60,8813229379,Acapulco,Luis
Tienda 385,Calle 77,9923345630,Veracruz,Luis
Tienda 386,Calle 100,7640083211,Guadalajara,Carlos
Tienda 387,Calle 28,8965427176,Merida,Roberto
Tienda 388,Calle 22,8686530975,Cancun,Fernando
Tienda 389,Calle 99,5413147054,Puebla,Roberto
Tienda 390,Calle 69,7115662701,Veracruz,Juan
Tienda 391,Calle 34,2348853117,Veracruz,Roberto
Tienda 392,Calle 49,6284500876,Veracruz,Carlos
Tienda 393,Calle 13,9240076267,Cancun,Fernando
Tienda 394,Calle 50,3361724729,Guadalajara,Carlos
Tienda 395,Calle 77,4590639161,Merida,Luis
Tienda 396,Calle 10,9837709415,Puebla,Ana
Tienda 397,Calle 79,1092624896,Guadalajara,Roberto
Tienda 398,Calle 71,4264511759,Merida,Maria
Tienda 399,Calle 23,1117391318,Tijuana,Jose
Tienda 400,Calle 35,6893623105,Guadalajara,Pedro
Tienda 401,Calle 2,3129254778,Merida,Pedro
Tienda 402,Calle 22,2304525766,Merida,Juan
Tienda 403,Calle 21,6682703270,Guadalajara,Maria
Tienda 404,Calle 75,8344462675,Guadalajara,Ricardo
Tienda 405,Calle 42,4485445296,Monterrey,Ricardo
Tienda 406,Calle 12,1103454394,Tijuana,Jose
Tienda 407,Calle 92,4246770121,Puebla,Pedro
Tienda 408,Calle 5,2362237048,Monterrey,Maria
Tienda 409,Calle 48,6564280731,Tijuana,Maria
Tienda 410,Calle 95,6708237188,Toluca,Ricardo
Tienda 411,Calle 38,1297665389,Merida,Carlos
Tienda 412,Calle 48,6493783839,Tijuana,Fernando
Tienda 413,Calle 99,5460557366,Toluca,Jose
Tienda 414,Calle 66,4401592895,Puebla,Juan
Tienda 415,Calle 30,7882283310,Toluca,Roberto
Tienda 416,Calle 36,2575548565,Merida,Roberto
Tienda 417,Calle 54,7414233540,Merida,Luis
Tienda 418,Calle 2,9486258293,CDMX,Luis
Tienda 419,Calle 37,2319954120,Tijuana,Jose
Tienda 420,Calle 63,9964163968,CDMX,Roberto
Tienda 421,Calle 84,2653842348,Monterrey,Fernando
Tienda 422,Calle 22,8802876432,Merida,Carlos
Tienda 423,Calle 84,6810538296,Guadalajara,Ricardo
Tienda 424,Calle 46,7526675639,Tijuana,Pedro
Tienda 425,Calle 3,3053062568,Merida,Carlos
Tienda 426,Calle 71,9761644393,Cancun,Carlos
Tienda 427,Calle 68,4293001168,Toluca,Ricardo
Tienda 428,Calle 54,8768619742,Toluca,Luis
Tienda 429,Calle 9,8684453598,Guadalajara,Fernando
Tienda 430,Calle 48,7016604813,Veracruz,Ricardo
Tienda 431,Calle 1,8507683585,Cancun,Ricardo
Tienda 432,Calle 61,2841210974,Tijuana,Ricardo
Tienda 433,Calle 49,8198028221,Guadalajara,Maria
Tienda 434,Calle 7,7547863253,Guadalajara,Roberto
Tienda 435,Calle 86,4890142064,Veracruz,Luis
Tienda 436,Calle 51,5789683690,CDMX,Fernando
Tienda 437,Calle 85,8654993780,Monterrey,Ricardo
Tienda 438,Calle 5,8053628342,Merida,Jose
Tienda 439,Calle 89,2974487938,Puebla,Roberto
Tienda 440,Calle 16,7131486550,Toluca,Maria
Tienda 441,Calle 14,8886643227,Toluca,Roberto
Tienda 442,Calle 41,6553266761,Guadalajara,Ricardo
Tienda 443,Calle 57,9035901127,CDMX,Jose
Tienda 444,Calle 45,1893130730,Puebla,Fernando
Tienda 445,Calle 73,9768698231,Guadalajara,Jose
Tienda 446,Calle 12,5320172321,Merida,Fernando
Tienda 447,Calle 67,2558931362,Merida,Pedro
Tienda 448,Calle 98,9159936875,Merida,Ricardo
Tienda 449,Calle 79,6000594609,Guadalajara,Jose
Tienda 450,Calle 80,2273800938,CDMX,Ana
Tienda 451,Calle 42,7772013208,Veracruz,Jose
Tienda 452,Calle 94,5968295482,Veracruz,Ana
Tienda 453,Calle 19,2197018105,Puebla,Pedro
Tienda 454,Calle 37,8514447056,Cancun,Maria
Tienda 455,Calle 13,4522484706,Toluca,Pedro
Tienda 456,Calle 80,5874200549,Guadalajara,Luis
Tienda 457,Calle 94,3201111643,Acapulco,Ana
Tienda 458,Calle 4,4584227602,Toluca,Ana
Tienda 459,Calle 32,2913915391,Monterrey,Pedro
Tienda 460,Calle 2,3983191254,Tijuana,Ana
Tienda 461,Calle 80,9557886084,Cancun,Maria
Tienda 462,Calle 10,1111430399,Puebla,Jose
Tienda 463,Calle 67,1915410139,Tijuana,Juan
Tienda 464,Calle 43,7047541972,Acapulco,Jose
Tienda 465,Calle 88,8444935367,Merida,Jose
Tienda 466,Calle 82,6441289385,Puebla,Fernando
Tienda 467,Calle 30,6989781922,Cancun,Fernando
Tienda 468,Calle 72,6935360416,Cancun,Ricardo
Tienda 469,Calle 74,9569275960,CDMX,Fernando
Tienda 470,Calle 54,5451436264,Acapulco,Luis
Tienda 471,Calle 90,4896156545,Merida,Fernando
Tienda 472,Calle 58,3010834143,Guadalajara,Juan
Tienda 473,Calle 12,6116879896,Merida,Juan
Tienda 474,Calle 5,4403270196,Tijuana,Fernando
Tienda 475,Calle 37,7948401072,Merida,Ana
Tienda 476,Calle 30,7285216957,Merida,Jose
Tienda 477,Calle 56,9311854854,Guadalajara,Ricardo
Tienda 478,Calle 31,3665736029,Acapulco,Ana
Tienda 479,Calle 56,7966214335,Cancun,Carlos
Tienda 480,Calle 94,5479531859,Veracruz,Maria
Tienda 481,Calle 56,6272120574,Monterrey,Fernando
Tienda 482,Calle 11,9791024240,Cancun,Carlos
Tienda 483,Calle 34,7232824073,Merida,Jose
Tienda 484,Calle 82,3038522272,Guadalajara,Carlos
Tienda 485,Calle 71,5357724575,Puebla,Maria
Tienda 486,Calle 15,1843329982,CDMX,Jose
Tienda 487,Calle 15,3328731158,Cancun,Carlos
Tienda 488,Calle 97,3373102948,Merida,Maria
Tienda 489,Calle 59,8028606533,Merida,Roberto
Tienda 490,Calle 94,2811707117,Guadalajara,Juan
Tienda 491,Calle 55,4777438364,Tijuana,Jose
Tienda 492,Calle 5,2230481699,Acapulco,Ana
Tienda 493,Calle 71,1370037745,Tijuana,Ana
Tienda 494,Calle 79,5282882341,Veracruz,Maria
Tienda 495,Calle 20,8577632204,Merida,Ricardo
Tienda 496,Calle 76,9621998449,Tijuana,Roberto
Tienda 497,Calle 81,2302583149,Puebla,Carlos
Tienda 498,Calle 55,1050868618,CDMX,Ana
Tienda 499,Calle 48,5164646780,Acapulco,Pedro
